player_name,player_id,year,xwoba,xba,xslg,xiso,xobp,brl,brl_percent,exit_velocity,max_ev,hard_hit_percent,k_percent,bb_percent,whiff_percent,chase_percent,arm_strength,sprint_speed,oaa,bat_speed,squared_up_rate,swing_length
"Frelick, Sal",686217,2025,19.0,59.0,8.0,4.0,52.0,13.0,8.0,5.0,43,4.0,92.0,46.0,96.0,60.0,66.0,87,93.0,7.0,84.0,69.0
"Vázquez, Christian",543877,2025,,,,,,,,,11,,,,,,,3,,,,
"Walls, Taylor",670764,2025,,,,,,,,,11,,,,,,35.0,71,69.0,,,
"Greene, Riley",682985,2025,68.0,27.0,88.0,93.0,20.0,97.0,95.0,48.0,94,61.0,4.0,34.0,12.0,29.0,47.0,31,73.0,92.0,1.0,48.0
"Roden, Alan",702176,2025,,,,,,,,,27,,,,,,80.0,62,,,,
"Pages, Andy",681624,2025,38.0,64.0,56.0,49.0,26.0,62.0,45.0,28.0,61,24.0,48.0,6.0,68.0,18.0,98.0,69,97.0,59.0,33.0,5.0
"Tawa, Tim",694374,2025,,,,,,,,,66,,,,,,25.0,72,,,,
"Norby, Connor",681393,2025,,,,,,,,,42,,,,,,53.0,86,16.0,,,
"Hernández, Teoscar",606192,2025,49.0,50.0,69.0,73.0,14.0,75.0,72.0,55.0,80,65.0,29.0,7.0,8.0,37.0,63.0,69,3.0,64.0,37.0,7.0
"Judge, Aaron",592450,2025,100.0,99.0,100.0,100.0,100.0,100.0,100.0,100.0,99,99.0,36.0,100.0,2.0,84.0,85.0,42,86.0,97.0,28.0,2.0
"Brennan, Will",686823,2025,,,,,,,,,7,,,,,,,39,,,,
"Santander, Anthony",623993,2025,,,,,,,,,59,,,,,,48.0,16,,,,
"Wells, Austin",669224,2025,14.0,4.0,35.0,60.0,4.0,46.0,60.0,63.0,75,60.0,17.0,30.0,29.0,41.0,,25,,68.0,18.0,18.0
"Winkler, Jack",676466,2025,,,,,,,,,7,,,,,,,59,,,,
"Davidson, Logan",669722,2025,,,,,,,,,41,,,,,,,45,,,,
"Arcia, Orlando",606115,2025,,,,,,,,,31,,,,,,56.0,10,78.0,,,
"Tauchman, Mike",643565,2025,44.0,38.0,27.0,25.0,75.0,18.0,30.0,35.0,67,30.0,45.0,84.0,50.0,78.0,49.0,4,46.0,12.0,44.0,58.0
"Paris, Kyren",677347,2025,,,,,,,,,39,,,,,,80.0,90,,,,
"Naylor, Josh",647304,2025,68.0,84.0,60.0,44.0,70.0,48.0,30.0,38.0,99,43.0,91.0,46.0,66.0,7.0,61.0,3,80.0,31.0,89.0,18.0
"Gilbert, Drew",687551,2025,,,,,,,,,51,,,,,,84.0,56,,,,
"Siani, Michael",672279,2025,,,,,,,,,16,,,,,,,65,,,,
"Del Castillo, Adrian",680728,2025,,,,,,,,,39,,,,,,,15,,,,
"Outman, James",681546,2025,,,,,,,,,60,,,,,,88.0,81,,,,
"Joe, Connor",656582,2025,,,,,,,,,85,,,,,,,38,,,,
"Perkins, Blake",663368,2025,,,,,,,,,17,,,,,,85.0,91,,,,
"Mastrobuoni, Miles",670156,2025,,,,,,,,,24,,,,,,59.0,80,,,,
"Lindor, Francisco",596019,2025,77.0,68.0,68.0,64.0,77.0,80.0,47.0,61.0,83,54.0,70.0,58.0,73.0,57.0,27.0,48,90.0,31.0,61.0,28.0
"Slater, Austin",596103,2025,,,,,,,,,64,,,,,,80.0,67,,,,
"Devers, Rafael",646240,2025,90.0,38.0,84.0,89.0,93.0,96.0,94.0,97.0,92,97.0,17.0,98.0,10.0,66.0,17.0,5,,42.0,15.0,18.0
"Ramos, Bryan",682868,2025,,,,,,,,,7,,,,,,,61,,,,
"Eaton, Nate",681987,2025,,,,,,,,,30,,,,,,,98,,,,
"Bliss, Ryan",669208,2025,,,,,,,,,10,,,,,,,78,,,,
"Barnes, Austin",605131,2025,,,,,,,,,14,,,,,,,11,,,,
"Haase, Eric",606992,2025,,,,,,,,,41,,,,,,,74,,,,
"Olson, Matt",621566,2025,88.0,49.0,86.0,89.0,82.0,94.0,89.0,95.0,90,95.0,30.0,89.0,36.0,70.0,10.0,7,95.0,76.0,16.0,28.0
"Reynolds, Bryan",668804,2025,72.0,64.0,65.0,61.0,65.0,72.0,59.0,78.0,86,64.0,14.0,54.0,19.0,62.0,69.0,68,24.0,50.0,36.0,84.0
"Clarke, Denzel",672016,2025,,,,,,,,,86,,,,,,64.0,97,98.0,,,
"Misner, Kameron",670224,2025,,,,,,,,,57,,,,,,85.0,75,,,,
"Muncy, Max",691777,2025,,,,,,,,,81,,,,,,43.0,71,7.0,,,
"Báez, Javier",595879,2025,2.0,16.0,13.0,20.0,1.0,18.0,20.0,23.0,54,34.0,26.0,1.0,13.0,1.0,81.0,50,90.0,71.0,15.0,1.0
"Mayer, Marcelo",691785,2025,,,,,,,,,39,,,,,,26.0,50,,,,
"Albies, Ozzie",645277,2025,19.0,34.0,18.0,17.0,36.0,34.0,17.0,16.0,52,10.0,88.0,50.0,73.0,17.0,2.0,44,14.0,10.0,73.0,58.0
"Hamilton, David",666152,2025,,,,,,,,,32,,,,,,37.0,95,74.0,,,
"Vargas, Ildemaro",545121,2025,,,,,,,,,75,,,,,,5.0,47,,,,
"Fairchild, Stuart",656413,2025,,,,,,,,,13,,,,,,,86,,,,
"Maton, Nick",665155,2025,,,,,,,,,46,,,,,,,9,,,,
"Cruz, Oneil",665833,2025,50.0,7.0,52.0,74.0,43.0,88.0,97.0,100.0,100,98.0,2.0,86.0,3.0,48.0,100.0,93,57.0,100.0,16.0,7.0
"Meyers, Jake",676694,2025,52.0,80.0,37.0,24.0,68.0,13.0,18.0,22.0,59,31.0,72.0,48.0,71.0,79.0,16.0,71,96.0,,,
"Lee, Korey",686676,2025,,,,,,,,,17,,,,,,,54,,,,
"Halpin, Petey",690984,2025,,,,,,,,,1,,,,,,,83,,,,
"Witt Jr., Bobby",677951,2025,90.0,94.0,92.0,80.0,82.0,93.0,78.0,95.0,98,81.0,68.0,35.0,54.0,32.0,73.0,100,100.0,82.0,64.0,76.0
"Loftin, Nick",679845,2025,,,,,,,,,14,,,,,,67.0,76,,,,
"Perez, Salvador",521692,2025,86.0,80.0,94.0,94.0,39.0,98.0,91.0,50.0,93,70.0,60.0,3.0,33.0,2.0,2.0,3,,64.0,40.0,5.0
"Iglesias, Jose",578428,2025,6.0,29.0,1.0,2.0,34.0,2.0,4.0,1.0,48,6.0,80.0,34.0,86.0,16.0,27.0,60,20.0,,,
"Lewis, Royce",668904,2025,16.0,29.0,36.0,39.0,10.0,35.0,47.0,48.0,87,36.0,56.0,24.0,34.0,28.0,44.0,34,72.0,72.0,44.0,3.0
"Ward, Taylor",621493,2025,66.0,17.0,67.0,79.0,46.0,90.0,84.0,53.0,66,47.0,16.0,82.0,55.0,92.0,51.0,45,53.0,15.0,77.0,69.0
"Peraza, Oswald",672724,2025,,,,,,,,,78,,,,,,81.0,93,77.0,,,
"Tromp, Chadwick",644433,2025,,,,,,,,,13,,,,,,,1,,,,
"Castellanos, Nick",592206,2025,24.0,32.0,40.0,44.0,12.0,51.0,37.0,18.0,56,16.0,44.0,15.0,16.0,3.0,30.0,56,1.0,23.0,24.0,12.0
"Salazar, César",663967,2025,,,,,,,,,3,,,,,,,1,,,,
"Keaschall, Luke",807712,2025,,,,,,,,,45,,,,,,6.0,85,,,,
"Brooks, Trenton",670092,2025,,,,,,,,,8,,,,,,,29,,,,
"Stanton, Giancarlo",519317,2025,,,,,,,,,99,,,,,,,1,,,,
"Casas, Triston",671213,2025,,,,,,,,,64,,,,,,8.0,2,,,,
"Farmer, Kyle",571657,2025,,,,,,,,,16,,,,,,10.0,22,11.0,,,
"Dezenzo, Zach",701305,2025,,,,,,,,,64,,,,,,75.0,70,,,,
"Anthony, Roman",701350,2025,,,,,,,,,87,,,,,,52.0,59,,,,
"Toglia, Michael",669911,2025,,,,,,,,,71,,,,,,3.0,38,2.0,61.0,1.0,18.0
"Alcántara, Kevin",682634,2025,,,,,,,,,24,,,,,,,10,,,,
"Torres, Gleyber",650402,2025,89.0,80.0,72.0,63.0,94.0,58.0,42.0,50.0,64,32.0,81.0,95.0,80.0,100.0,9.0,22,12.0,21.0,80.0,58.0
"Robles, Victor",645302,2025,,,,,,,,,81,,,,,,96.0,68,,,,
"Cameron, Daz",663662,2025,,,,,,,,,48,,,,,,,56,,,,
"Mervis, Matt",670223,2025,,,,,,,,,34,,,,,,25.0,7,,,,
"Lopez, Nicky",670032,2025,,,,,,,,,12,,,,,,,46,,,,
"Hernández, Enrique",571771,2025,,,,,,,,,66,,,,,,38.0,37,89.0,,,
"Wong, Connor",657136,2025,,,,,,,,,72,,,,,,,65,,,,
"Dingler, Dillon",693307,2025,82.0,97.0,78.0,60.0,75.0,46.0,52.0,50.0,62,62.0,38.0,9.0,46.0,35.0,,53,,44.0,55.0,12.0
"Tucker, Kyle",663656,2025,93.0,82.0,83.0,78.0,96.0,77.0,65.0,53.0,39,38.0,85.0,96.0,76.0,98.0,58.0,26,25.0,47.0,84.0,18.0
"Hummel, Cooper",669450,2025,,,,,,,,,75,,,,,,,74,,,,
"Cortes, Carlos",666126,2025,,,,,,,,,63,,,,,,,29,,,,
"Lile, Daylen",695734,2025,80.0,100.0,66.0,29.0,85.0,13.0,20.0,33.0,43,35.0,82.0,22.0,81.0,57.0,52.0,92,5.0,,,
"Triolo, Jared",669707,2025,32.0,27.0,27.0,28.0,50.0,15.0,25.0,35.0,41,26.0,55.0,74.0,52.0,73.0,47.0,85,92.0,,,
"Workman, Gage",669398,2025,,,,,,,,,16,,,,,,,53,,,,
"Crooks, Jimmy",699625,2025,,,,,,,,,21,,,,,,,28,,,,
"Loperfido, Joey",694388,2025,,,,,,,,,24,,,,,,27.0,81,,,,
"Correa, Carlos",621043,2025,72.0,92.0,62.0,38.0,72.0,42.0,30.0,61.0,81,64.0,61.0,44.0,65.0,45.0,56.0,26,61.0,74.0,44.0,58.0
"Vilade, Ryan",668723,2025,,,,,,,,,51,,,,,,,52,,,,
"Harper, Bryce",547180,2025,91.0,78.0,86.0,81.0,92.0,81.0,77.0,79.0,88,77.0,52.0,88.0,13.0,11.0,8.0,40,73.0,81.0,14.0,48.0
"Gorman, Nolan",669357,2025,16.0,1.0,29.0,62.0,12.0,24.0,51.0,45.0,72,41.0,1.0,84.0,2.0,50.0,37.0,15,5.0,61.0,4.0,18.0
"Sanoja, Javier",691594,2025,7.0,50.0,9.0,6.0,20.0,2.0,3.0,26.0,24,17.0,94.0,16.0,97.0,32.0,54.0,67,58.0,,,
"Verdugo, Alex",657077,2025,,,,,,,,,28,,,,,,87.0,19,,,,
"Díaz, Elias",553869,2025,,,,,,,,,71,,,,,,,6,,,,
"Lowe, Brandon",664040,2025,68.0,55.0,80.0,81.0,32.0,81.0,81.0,75.0,81,69.0,12.0,32.0,4.0,22.0,14.0,36,1.0,76.0,10.0,58.0
"Yoshida, Masataka",807799,2025,,,,,,,,,79,,,,,,,25,,,,
"Kirk, Alejandro",672386,2025,87.0,91.0,81.0,70.0,83.0,66.0,59.0,75.0,76,91.0,95.0,64.0,83.0,43.0,,2,,58.0,91.0,58.0
"Mayo, Coby",691723,2025,,,,,,,,,51,,,,,,12.0,64,,,,
"Locklear, Tyler",682988,2025,,,,,,,,,32,,,,,,6.0,39,,,,
"Langford, Wyatt",694671,2025,78.0,27.0,66.0,76.0,78.0,82.0,87.0,82.0,84,81.0,16.0,90.0,35.0,80.0,59.0,88,96.0,66.0,53.0,76.0
"Cabrera, Oswaldo",665828,2025,,,,,,,,,26,,,,,,,28,,,,
"Tena, José",677588,2025,,,,,,,,,36,,,,,,64.0,58,,,,
"Shaw, Matt",807713,2025,24.0,24.0,24.0,24.0,32.0,27.0,32.0,3.0,45,7.0,49.0,54.0,63.0,32.0,33.0,90,37.0,16.0,21.0,76.0
"Ornelas, Jonathan",680716,2025,,,,,,,,,5,,,,,,,26,,,,
"Aranda, Jonathan",666018,2025,96.0,97.0,93.0,81.0,95.0,54.0,80.0,94.0,71,96.0,23.0,69.0,45.0,49.0,9.0,15,67.0,23.0,40.0,48.0
"Fletcher, Dominic",666150,2025,,,,,,,,,15,,,,,,,10,,,,
"Baker, Luken",663609,2025,,,,,,,,,48,,,,,,,7,,,,
"Taylor, Michael A.",572191,2025,,,,,,,,,92,,,,,,72.0,60,83.0,,,
"Karros, Kyle",691720,2025,,,,,,,,,26,,,,,,38.0,51,,,,
"Cowser, Colton",681297,2025,13.0,1.0,38.0,70.0,3.0,38.0,88.0,69.0,87,64.0,1.0,40.0,2.0,78.0,93.0,49,64.0,,,
"Soderstrom, Tyler",691016,2025,74.0,69.0,70.0,65.0,67.0,82.0,70.0,84.0,90,86.0,44.0,56.0,41.0,44.0,88.0,49,50.0,77.0,47.0,28.0
"Sánchez, Jesús",660821,2025,49.0,32.0,63.0,68.0,34.0,62.0,68.0,79.0,93,50.0,46.0,51.0,39.0,32.0,80.0,40,40.0,93.0,24.0,84.0
"Lugo, Matthew",683090,2025,,,,,,,,,32,,,,,,90.0,95,,,,
"Baldwin, Brooks",681460,2025,,,,,,,,,56,,,,,,55.0,82,2.0,,,
"Winker, Jesse",608385,2025,,,,,,,,,46,,,,,,,13,,,,
"Adames, Willy",642715,2025,55.0,11.0,60.0,77.0,44.0,87.0,79.0,33.0,56,48.0,18.0,84.0,21.0,57.0,70.0,65,89.0,49.0,14.0,2.0
"Urshela, Gio",570482,2025,,,,,,,,,28,,,,,,18.0,2,,,,
"Massey, Michael",686681,2025,,,,,,,,,36,,,,,,15.0,17,70.0,,,
"Rosario, Amed",642708,2025,,,,,,,,,64,,,,,,51.0,51,,,,
"Hilliard, Sam",656541,2025,,,,,,,,,57,,,,,,,88,,,,
"Smith, Josh",669701,2025,32.0,46.0,18.0,16.0,66.0,24.0,18.0,12.0,34,10.0,72.0,70.0,79.0,65.0,38.0,50,12.0,12.0,67.0,94.0
"Jiménez, Leo",677870,2025,,,,,,,,,35,,,,,,,35,,,,
"Ibáñez, Andy",628451,2025,,,,,,,,,41,,,,,,7.0,52,,,,
"Saggese, Thomas",695336,2025,,,,,,,,,52,,,,,,33.0,78,46.0,,,
"Díaz, Yandy",650490,2025,83.0,94.0,71.0,52.0,89.0,70.0,44.0,94.0,87,94.0,88.0,56.0,85.0,76.0,3.0,20,,72.0,84.0,18.0
"Gurriel Jr., Lourdes",666971,2025,36.0,61.0,49.0,42.0,30.0,48.0,34.0,18.0,43,26.0,90.0,18.0,76.0,14.0,56.0,42,18.0,25.0,77.0,28.0
"Clement, Ernie",676391,2025,9.0,68.0,14.0,9.0,24.0,9.0,6.0,8.0,41,2.0,97.0,6.0,94.0,9.0,25.0,83,98.0,5.0,97.0,76.0
"Henderson, Gunnar",683002,2025,74.0,89.0,52.0,33.0,87.0,62.0,46.0,89.0,89,84.0,51.0,64.0,43.0,50.0,71.0,79,20.0,91.0,47.0,48.0
"Sogard, Nick",686765,2025,,,,,,,,,28,,,,,,,65,,,,
"Marsh, Brandon",669016,2025,61.0,73.0,58.0,46.0,62.0,30.0,44.0,75.0,67,66.0,20.0,58.0,60.0,42.0,79.0,73,60.0,40.0,61.0,69.0
"Wade Jr., LaMonte",664774,2025,,,,,,,,,36,,,,,,72.0,17,,,,
"Thomas, Alek",677950,2025,9.0,32.0,22.0,20.0,8.0,34.0,40.0,45.0,61,34.0,19.0,4.0,24.0,13.0,40.0,75,58.0,36.0,48.0,76.0
"Eldridge, Bryce",805811,2025,,,,,,,,,50,,,,,,,5,,,,
"Martínez, Angel",682657,2025,1.0,5.0,1.0,8.0,1.0,9.0,9.0,10.0,25,7.0,41.0,7.0,70.0,4.0,96.0,57,13.0,21.0,37.0,40.0
"Hernández, Heriberto",681715,2025,,,,,,,,,83,,,,,,62.0,84,,,,
"Hayes, Ke'Bryan",663647,2025,7.0,26.0,9.0,10.0,20.0,20.0,13.0,39.0,50,46.0,60.0,26.0,77.0,54.0,21.0,44,99.0,36.0,86.0,90.0
"Horwitz, Spencer",687462,2025,54.0,50.0,40.0,37.0,70.0,32.0,42.0,14.0,24,20.0,72.0,76.0,86.0,81.0,7.0,9,68.0,8.0,58.0,76.0
"Martin, Austin",668885,2025,,,,,,,,,21,,,,,,55.0,74,,,,
"Noda, Ryan",676116,2025,,,,,,,,,39,,,,,,,15,,,,
"Maldonado, Martín",455117,2025,,,,,,,,,26,,,,,,,1,,,,
"Winn, Masyn",691026,2025,8.0,29.0,12.0,11.0,22.0,20.0,16.0,24.0,54,16.0,64.0,26.0,79.0,63.0,88.0,77,100.0,34.0,48.0,28.0
"Caballero, José",676609,2025,19.0,7.0,4.0,15.0,52.0,11.0,23.0,6.0,92,9.0,14.0,90.0,34.0,46.0,74.0,73,90.0,,,
"Tatis Jr., Fernando",665487,2025,91.0,85.0,84.0,79.0,94.0,86.0,66.0,95.0,86,93.0,66.0,90.0,32.0,73.0,99.0,83,94.0,77.0,69.0,48.0
"Nido, Tomás",621512,2025,,,,,,,,,14,,,,,,,6,,,,
"Wilson, Will",669717,2025,,,,,,,,,14,,,,,,21.0,11,,,,
"Rafaela, Ceddanne",678882,2025,29.0,32.0,46.0,52.0,12.0,66.0,52.0,24.0,77,29.0,56.0,7.0,34.0,2.0,97.0,92,99.0,31.0,39.0,28.0
"Moniak, Mickey",666160,2025,71.0,70.0,90.0,88.0,24.0,77.0,85.0,46.0,74,60.0,34.0,7.0,26.0,6.0,56.0,80,4.0,74.0,42.0,12.0
"Carpenter, Kerry",681481,2025,68.0,54.0,87.0,88.0,17.0,70.0,78.0,82.0,48,71.0,40.0,2.0,36.0,15.0,72.0,41,21.0,46.0,81.0,28.0
"Jackson, Jeremiah",669236,2025,,,,,,,,,60,,,,,,90.0,52,,,,
"Beavers, Dylan",687637,2025,,,,,,,,,28,,,,,,58.0,89,,,,
"DeLuca, Jonny",676356,2025,,,,,,,,,19,,,,,,73.0,96,,,,
"Pederson, Joc",592626,2025,,,,,,,,,87,,,,,,,7,,,,
"Short, Zack",670097,2025,,,,,,,,,19,,,,,,40.0,48,,,,
"Harris II, Michael",671739,2025,36.0,78.0,62.0,46.0,14.0,77.0,51.0,55.0,90,50.0,56.0,1.0,49.0,1.0,77.0,79,95.0,82.0,35.0,3.0
"Pereira, Everson",677592,2025,,,,,,,,,63,,,,,,,75,,,,
"Schneider, Davis",676914,2025,,,,,,,,,35,,,,,,44.0,54,,,,
"Merrill, Jackson",701538,2025,80.0,73.0,86.0,83.0,44.0,75.0,82.0,46.0,64,48.0,45.0,31.0,31.0,7.0,97.0,79,80.0,47.0,20.0,40.0
"English, Tristin",663536,2025,,,,,,,,,13,,,,,,,20,,,,
"Bryant, Kris",592178,2025,,,,,,,,,8,,,,,,,13,,,,
"Peña, Jeremy",665161,2025,66.0,82.0,58.0,40.0,67.0,52.0,42.0,33.0,52,48.0,76.0,28.0,31.0,11.0,29.0,97,94.0,53.0,86.0,18.0
"Alexander, Blaze",677942,2025,,,,,,,,,62,,,,,,63.0,86,70.0,,,
"Kayfus, CJ",692216,2025,,,,,,,,,51,,,,,,64.0,55,,,,
"Arozarena, Randy",668227,2025,55.0,14.0,46.0,62.0,58.0,84.0,72.0,79.0,79,90.0,12.0,59.0,17.0,67.0,31.0,58,13.0,53.0,48.0,40.0
"Canzone, Dominic",686527,2025,,,,,,,,,96,,,,,,91.0,27,,,,
"Whitcomb, Shay",694376,2025,,,,,,,,,27,,,,,,,66,,,,
"Garcia, Maikel",672580,2025,68.0,89.0,50.0,29.0,78.0,42.0,21.0,79.0,57,59.0,93.0,62.0,92.0,91.0,79.0,63,98.0,46.0,98.0,48.0
"Palacios, Joshua",641943,2025,,,,,,,,,57,,,,,,90.0,33,,,,
"Smith, Cam",701358,2025,26.0,22.0,25.0,27.0,37.0,27.0,32.0,19.0,89,40.0,8.0,54.0,24.0,39.0,88.0,95,70.0,84.0,3.0,48.0
"Ortiz, Joey",687401,2025,3.0,40.0,3.0,4.0,12.0,9.0,8.0,3.0,51,13.0,86.0,14.0,90.0,17.0,48.0,85,98.0,55.0,29.0,28.0
"Teel, Kyle",691019,2025,,,,,,,,,87,,,,,,,50,,,,
"Tovar, Ezequiel",678662,2025,41.0,69.0,63.0,57.0,27.0,34.0,54.0,42.0,80,31.0,25.0,15.0,10.0,3.0,58.0,56,83.0,42.0,2.0,28.0
"Westburg, Jordan",676059,2025,55.0,55.0,72.0,74.0,26.0,38.0,69.0,55.0,74,50.0,41.0,7.0,19.0,59.0,33.0,89,81.0,,,
"Sosa, Lenyn",672820,2025,54.0,73.0,76.0,71.0,16.0,70.0,63.0,64.0,72,52.0,39.0,1.0,57.0,3.0,22.0,31,20.0,59.0,61.0,40.0
"Kingery, Scott",664068,2025,,,,,,,,,25,,,,,,,73,,,,
"Fitzgerald, Tyler",666149,2025,,,,,,,,,22,,,,,,11.0,97,46.0,,,
"DeJong, Paul",657557,2025,,,,,,,,,61,,,,,,25.0,25,41.0,,,
"Bruján, Vidal",660644,2025,,,,,,,,,57,,,,,,,37,,,,
"Reyes, Pablo",622569,2025,,,,,,,,,4,,,,,,,37,,,,
"Fernández, Yanquiel",692585,2025,,,,,,,,,57,,,,,,100.0,9,,,,
"Rodríguez, Johnathan",671286,2025,,,,,,,,,76,,,,,,,39,,,,
"Simpson, Chandler",802415,2025,16.0,98.0,6.0,1.0,62.0,1.0,1.0,1.0,27,1.0,98.0,4.0,98.0,38.0,59.0,97,11.0,,,
"Rivera, Emmanuel",656896,2025,,,,,,,,,43,,,,,,,14,,,,
"Gonzalez, Oscar",660757,2025,,,,,,,,,64,,,,,,,67,,,,
"Abreu, Wilyer",677800,2025,68.0,34.0,78.0,86.0,40.0,54.0,77.0,66.0,73,58.0,32.0,67.0,52.0,43.0,97.0,54,94.0,80.0,16.0,69.0
"Alonso, Pete",624413,2025,96.0,87.0,98.0,98.0,84.0,99.0,98.0,97.0,96,96.0,40.0,53.0,40.0,52.0,5.0,8,2.0,91.0,48.0,69.0
"Stewart, Sal",701398,2025,,,,,,,,,81,,,,,,,14,,,,
"Rave, John",670231,2025,,,,,,,,,48,,,,,,57.0,88,,,,
"Taylor, Chris",621035,2025,,,,,,,,,41,,,,,,70.0,61,,,,
"Lux, Gavin",666158,2025,19.0,34.0,6.0,8.0,59.0,9.0,10.0,24.0,19,23.0,41.0,81.0,68.0,96.0,68.0,64,,16.0,72.0,40.0
"Robert Jr., Luis",673357,2025,44.0,43.0,54.0,57.0,44.0,38.0,60.0,42.0,96,42.0,19.0,62.0,9.0,20.0,53.0,90,93.0,92.0,8.0,7.0
"Kelly, Carson",608348,2025,44.0,23.0,42.0,54.0,50.0,38.0,55.0,30.0,55,36.0,64.0,76.0,75.0,88.0,,17,,23.0,69.0,76.0
"Suárez, Eugenio",553993,2025,42.0,4.0,73.0,92.0,8.0,90.0,89.0,55.0,88,78.0,5.0,34.0,4.0,30.0,39.0,25,8.0,53.0,18.0,7.0
"Duran, Ezequiel",677649,2025,,,,,,,,,43,,,,,,70.0,87,80.0,,,
"Solak, Nick",669256,2025,,,,,,,,,17,,,,,,,29,,,,
"Soler, Jorge",624585,2025,,,,,,,,,82,,,,,,64.0,19,,,,
"Candelario, Jeimer",600869,2025,,,,,,,,,26,,,,,,,32,,,,
"Taveras, Leody",665750,2025,,,,,,,,,68,,,,,,91.0,86,,,,
"Duran, Jarren",680776,2025,54.0,48.0,41.0,40.0,59.0,75.0,56.0,87.0,99,71.0,30.0,53.0,20.0,30.0,71.0,91,18.0,86.0,30.0,28.0
"Osuna, Alejandro",696030,2025,,,,,,,,,56,,,,,,72.0,80,,,,
"Freeman, Cody",683227,2025,,,,,,,,,11,,,,,,18.0,52,,,,
"Encarnacion, Jerar",666464,2025,,,,,,,,,79,,,,,,,20,,,,
"Bregman, Alex",608324,2025,71.0,57.0,55.0,52.0,78.0,32.0,29.0,53.0,49,54.0,88.0,73.0,92.0,95.0,36.0,17,84.0,31.0,97.0,69.0
"McMahon, Ryan",641857,2025,47.0,8.0,48.0,70.0,44.0,65.0,76.0,95.0,87,89.0,2.0,87.0,2.0,69.0,58.0,30,92.0,77.0,10.0,40.0
"Wagner, Will",695238,2025,,,,,,,,,42,,,,,,,36,,,,
"Manzardo, Kyle",700932,2025,47.0,11.0,64.0,80.0,29.0,66.0,74.0,58.0,70,52.0,23.0,59.0,28.0,52.0,2.0,9,,25.0,55.0,40.0
"Rengifo, Luis",650859,2025,24.0,68.0,24.0,15.0,34.0,24.0,18.0,10.0,45,12.0,62.0,24.0,67.0,34.0,53.0,38,13.0,15.0,60.0,69.0
"Jung, Jace",690291,2025,,,,,,,,,24,,,,,,,10,,,,
"Turang, Brice",668930,2025,68.0,70.0,56.0,45.0,74.0,56.0,41.0,75.0,68,76.0,40.0,71.0,72.0,78.0,23.0,88,34.0,25.0,71.0,90.0
"Chourio, Jackson",694192,2025,30.0,46.0,54.0,56.0,10.0,72.0,56.0,39.0,87,45.0,53.0,12.0,38.0,8.0,70.0,93,82.0,76.0,56.0,28.0
"Grichuk, Randal",545341,2025,,,,,,,,,95,,,,,,77.0,41,,,,
"Suwinski, Jack",669261,2025,,,,,,,,,60,,,,,,64.0,64,,,,
"Call, Alex",669743,2025,,,,,,,,,52,,,,,,79.0,62,63.0,,,
"Lopez, Otto",672640,2025,61.0,80.0,59.0,44.0,59.0,52.0,34.0,26.0,68,26.0,90.0,39.0,81.0,40.0,48.0,81,95.0,44.0,90.0,90.0
"Muncy, Max",571970,2025,94.0,26.0,90.0,93.0,95.0,51.0,84.0,79.0,60,92.0,50.0,99.0,57.0,94.0,49.0,40,10.0,36.0,43.0,76.0
"Scott II, Victor",687363,2025,9.0,12.0,1.0,5.0,39.0,8.0,10.0,6.0,21,2.0,33.0,61.0,33.0,73.0,69.0,100,99.0,10.0,28.0,98.0
"Lee, Jung Hoo",808982,2025,44.0,90.0,28.0,12.0,75.0,19.0,10.0,10.0,24,11.0,95.0,42.0,95.0,84.0,91.0,70,11.0,7.0,96.0,28.0
"Gurriel, Yuli",493329,2025,,,,,,,,,30,,,,,,,33,,,,
"Bailey, Patrick",672275,2025,2.0,3.0,4.0,17.0,1.0,15.0,21.0,23.0,51,22.0,6.0,30.0,24.0,42.0,,12,,42.0,24.0,48.0
"Turner, Justin",457759,2025,,,,,,,,,31,,,,,,5.0,8,,,,
"Marsee, Jakob",805300,2025,,,,,,,,,67,,,,,,75.0,68,,,,
"White, Eli",642201,2025,,,,,,,,,49,,,,,,82.0,99,,,,
"Canario, Alexander",672744,2025,,,,,,,,,77,,,,,,88.0,68,27.0,,,
"Jensen, Carter",695600,2025,,,,,,,,,82,,,,,,,52,,,,
"Fraley, Jake",641584,2025,,,,,,,,,36,,,,,,86.0,77,,,,
"Conine, Griffin",665052,2025,,,,,,,,,98,,,,,,83.0,55,,,,
"Kjerstad, Heston",677008,2025,,,,,,,,,21,,,,,,61.0,58,,,,
"Jones, Nolan",666134,2025,23.0,11.0,22.0,32.0,34.0,27.0,46.0,66.0,82,70.0,8.0,69.0,27.0,55.0,99.0,53,10.0,61.0,17.0,84.0
"India, Jonathan",663697,2025,36.0,26.0,26.0,26.0,62.0,30.0,22.0,19.0,63,22.0,66.0,64.0,77.0,97.0,27.0,71,1.0,47.0,65.0,48.0
"Schuemann, Max",680474,2025,,,,,,,,,27,,,,,,31.0,73,95.0,,,
"Jankowski, Travis",608671,2025,,,,,,,,,24,,,,,,,94,,,,
"Kemp, Otto",805249,2025,,,,,,,,,68,,,,,,39.0,95,,,,
"Escarra, J.C.",641555,2025,,,,,,,,,23,,,,,,,14,,,,
"Sánchez, Ali",645305,2025,,,,,,,,,13,,,,,,,8,,,,
"Meidroth, Chase",805367,2025,21.0,57.0,4.0,3.0,64.0,4.0,2.0,23.0,23,20.0,88.0,58.0,96.0,84.0,23.0,41,80.0,4.0,99.0,94.0
"Alfaro, Jorge",595751,2025,,,,,,,,,85,,,,,,,72,,,,
"Turner, Trea",607208,2025,44.0,82.0,41.0,26.0,52.0,38.0,22.0,39.0,73,44.0,78.0,30.0,46.0,30.0,36.0,100,99.0,36.0,51.0,18.0
"MacIver, Willie",680862,2025,,,,,,,,,39,,,,,,,51,,,,
"Steer, Spencer",668715,2025,13.0,8.0,15.0,27.0,22.0,42.0,37.0,14.0,35,14.0,41.0,59.0,44.0,72.0,6.0,66,84.0,29.0,24.0,40.0
"Hassell III, Robert",690987,2025,,,,,,,,,43,,,,,,77.0,70,,,,
"Yorke, Nick",694377,2025,,,,,,,,,84,,,,,,,69,,,,
"Caglianone, Jac",695506,2025,,,,,,,,,90,,,,,,98.0,34,,,,
"Kiner-Falefa, Isiah",643396,2025,2.0,40.0,1.0,1.0,6.0,2.0,2.0,1.0,19,5.0,77.0,2.0,91.0,22.0,22.0,47,44.0,2.0,82.0,84.0
"Marte, Starling",516782,2025,,,,,,,,,66,,,,,,,27,,,,
"Harris, Brett",695391,2025,,,,,,,,,21,,,,,,,58,,,,
"Moncada, Yoán",660162,2025,,,,,,,,,83,,,,,,24.0,22,1.0,,,
"Collins, Isaac",686555,2025,47.0,43.0,14.0,14.0,87.0,13.0,17.0,30.0,68,31.0,51.0,90.0,63.0,98.0,55.0,58,86.0,61.0,37.0,94.0
"Rocchio, Brayan",677587,2025,15.0,43.0,13.0,14.0,30.0,6.0,9.0,20.0,49,18.0,55.0,18.0,52.0,31.0,40.0,39,17.0,20.0,67.0,48.0
"Bader, Harrison",664056,2025,16.0,9.0,23.0,35.0,22.0,51.0,60.0,12.0,79,36.0,12.0,44.0,22.0,20.0,84.0,85,92.0,71.0,9.0,58.0
"Johnson, Bryce",669369,2025,,,,,,,,,21,,,,,,,80,,,,
"Edman, Tommy",669242,2025,44.0,87.0,42.0,24.0,50.0,11.0,13.0,24.0,38,34.0,81.0,10.0,78.0,46.0,40.0,77,96.0,21.0,88.0,84.0
"Neto, Zach",687263,2025,76.0,50.0,89.0,89.0,40.0,85.0,87.0,72.0,70,69.0,12.0,22.0,22.0,36.0,59.0,69,6.0,40.0,58.0,69.0
"Huff, Sam",669087,2025,,,,,,,,,13,,,,,,,1,,,,
"Mullins, Cedric",656775,2025,8.0,2.0,8.0,22.0,17.0,24.0,25.0,30.0,35,19.0,32.0,71.0,60.0,58.0,45.0,77,87.0,34.0,24.0,28.0
"d'Arnaud, Travis",518595,2025,,,,,,,,,18,,,,,,,24,,,,
"McKinney, Billy",641856,2025,,,,,,,,,6,,,,,,,34,,,,
"Vaughn, Andrew",683734,2025,81.0,86.0,81.0,73.0,62.0,66.0,75.0,84.0,68,79.0,70.0,32.0,67.0,48.0,22.0,17,77.0,27.0,92.0,48.0
"McKinstry, Zach",656716,2025,29.0,46.0,13.0,14.0,52.0,27.0,24.0,5.0,39,9.0,47.0,59.0,62.0,60.0,90.0,75,54.0,4.0,36.0,90.0
"Clemens, Kody",665019,2025,64.0,34.0,74.0,81.0,34.0,48.0,75.0,84.0,51,80.0,32.0,40.0,54.0,50.0,13.0,64,86.0,50.0,61.0,48.0
"Abrams, CJ",682928,2025,31.0,40.0,37.0,36.0,29.0,56.0,37.0,29.0,82,33.0,57.0,20.0,49.0,20.0,39.0,70,2.0,55.0,39.0,18.0
"Margot, Manuel",622534,2025,,,,,,,,,7,,,,,,,8,,,,
"Naylor, Bo",666310,2025,13.0,1.0,22.0,46.0,14.0,35.0,56.0,45.0,61,26.0,34.0,78.0,66.0,66.0,,53,,55.0,27.0,7.0
"Bart, Joey",663698,2025,,,,,,,,,84,,,,,,,29,,,,
"Paredes, Isaac",670623,2025,42.0,22.0,26.0,29.0,72.0,20.0,27.0,14.0,25,14.0,74.0,83.0,89.0,90.0,20.0,12,15.0,10.0,58.0,3.0
"Freeman, Freddie",518692,2025,81.0,78.0,76.0,68.0,80.0,77.0,63.0,69.0,90,62.0,53.0,67.0,30.0,46.0,17.0,11,10.0,19.0,58.0,84.0
"Vierling, Matt",663837,2025,,,,,,,,,29,,,,,,45.0,57,,,,
"Yelich, Christian",592885,2025,61.0,40.0,62.0,64.0,59.0,72.0,62.0,55.0,86,66.0,20.0,71.0,21.0,65.0,19.0,71,,68.0,29.0,28.0
"Waters, Drew",671221,2025,,,,,,,,,56,,,,,,70.0,54,,,,
"Story, Trevor",596115,2025,33.0,49.0,50.0,51.0,20.0,74.0,58.0,82.0,73,73.0,12.0,10.0,20.0,12.0,36.0,82,3.0,34.0,17.0,40.0
"Bouchard, Sean",656248,2025,,,,,,,,,25,,,,,,,35,,,,
"Caissie, Owen",683357,2025,,,,,,,,,90,,,,,,,64,,,,
"Alvarez Jr., Nacho",805373,2025,,,,,,,,,34,,,,,,30.0,32,75.0,,,
"Kennedy, Buddy",671083,2025,,,,,,,,,27,,,,,,,84,,,,
"Mauricio, Ronny",677595,2025,,,,,,,,,70,,,,,,76.0,13,,,,
"García Jr., Luis",671277,2025,72.0,93.0,76.0,61.0,46.0,59.0,50.0,55.0,73,63.0,82.0,12.0,67.0,6.0,17.0,25,7.0,55.0,88.0,40.0
"Perdomo, Geraldo",672695,2025,86.0,91.0,51.0,29.0,96.0,52.0,25.0,16.0,34,11.0,95.0,93.0,98.0,96.0,70.0,44,87.0,7.0,92.0,84.0
"Sweeney, Trey",700242,2025,,,,,,,,,63,,,,,,15.0,78,9.0,,,
"Bellinger, Cody",641355,2025,55.0,57.0,57.0,55.0,46.0,62.0,36.0,24.0,56,26.0,91.0,54.0,84.0,36.0,83.0,72,93.0,20.0,72.0,7.0
"Goodman, Hunter",696100,2025,50.0,38.0,75.0,80.0,16.0,85.0,80.0,66.0,97,72.0,17.0,18.0,8.0,8.0,,45,,83.0,15.0,48.0
"Basallo, Samuel",694212,2025,,,,,,,,,77,,,,,,,12,,,,
"Noel, Jhonkensy",678877,2025,,,,,,,,,98,,,,,,83.0,42,,,,
"Walton, Donovan",622268,2025,,,,,,,,,9,,,,,,,16,,,,
"Santana, Carlos",467793,2025,11.0,6.0,10.0,20.0,30.0,15.0,17.0,16.0,85,25.0,62.0,80.0,50.0,70.0,37.0,12,95.0,39.0,22.0,18.0
"Vientos, Mark",668901,2025,42.0,43.0,58.0,60.0,27.0,58.0,72.0,82.0,59,89.0,28.0,29.0,6.0,19.0,56.0,19,6.0,36.0,54.0,18.0
"Anderson, Tim",641313,2025,,,,,,,,,10,,,,,,51.0,62,,,,
"Arenado, Nolan",571448,2025,9.0,40.0,18.0,17.0,22.0,13.0,12.0,10.0,35,12.0,96.0,28.0,85.0,16.0,43.0,10,82.0,40.0,76.0,1.0
"Mitchell, Garrett",669003,2025,,,,,,,,,63,,,,,,87.0,89,,,,
"Isbel, Kyle",664728,2025,1.0,9.0,1.0,2.0,2.0,2.0,2.0,18.0,48,20.0,69.0,16.0,84.0,46.0,42.0,61,97.0,,,
"Bride, Jonah",681146,2025,,,,,,,,,11,,,,,,,33,,,,
"Azocar, José",640492,2025,,,,,,,,,47,,,,,,,88,,,,
"Rodgers, Brendan",663898,2025,,,,,,,,,78,,,,,,18.0,24,,,,
"Volpe, Anthony",683011,2025,23.0,10.0,39.0,58.0,7.0,72.0,64.0,39.0,60,43.0,24.0,36.0,43.0,77.0,33.0,76,8.0,59.0,48.0,58.0
"Trevino, Jose",624431,2025,,,,,,,,,30,,,,,,,2,,,,
"Villar, David",681584,2025,,,,,,,,,36,,,,,,,23,,,,
"Montes, Coco",663796,2025,,,,,,,,,14,,,,,,,11,,,,
"Solano, Donovan",456781,2025,,,,,,,,,20,,,,,,3.0,6,,,,
"Hicks, Liam",689414,2025,36.0,38.0,12.0,10.0,81.0,7.0,9.0,1.0,36,5.0,87.0,80.0,91.0,98.0,,22,,,,
"Pérez, Wenceel",672761,2025,32.0,32.0,32.0,34.0,34.0,30.0,47.0,58.0,51,35.0,41.0,48.0,38.0,19.0,77.0,61,79.0,23.0,69.0,76.0
"Toro, Abraham",647351,2025,,,,,,,,,47,,,,,,27.0,62,19.0,,,
"Murphy, Sean",669221,2025,,,,,,,,,92,,,,,,,4,,,,
"Young, Jacob",696285,2025,16.0,70.0,6.0,2.0,52.0,2.0,4.0,16.0,22,15.0,70.0,39.0,88.0,77.0,77.0,94,98.0,,,
"Maile, Luke",571912,2025,,,,,,,,,17,,,,,,,1,,,,
"Caminero, Junior",691406,2025,78.0,59.0,91.0,90.0,32.0,96.0,87.0,92.0,97,92.0,64.0,26.0,47.0,22.0,47.0,30,19.0,100.0,20.0,1.0
"Smith, Dominic",642086,2025,,,,,,,,,50,,,,,,1.0,12,,,,
"Contreras, Willson",575929,2025,86.0,62.0,84.0,85.0,78.0,84.0,86.0,63.0,93,83.0,24.0,44.0,23.0,35.0,76.0,49,91.0,95.0,10.0,3.0
"Ramírez, Agustín",682663,2025,65.0,64.0,70.0,67.0,40.0,81.0,67.0,66.0,98,73.0,61.0,24.0,41.0,24.0,,31,,89.0,39.0,28.0
"Ohtani, Shohei",660271,2025,99.0,87.0,100.0,100.0,98.0,100.0,100.0,99.0,100,100.0,22.0,97.0,4.0,62.0,,66,,93.0,45.0,5.0
"Clase, Jonatan",682729,2025,,,,,,,,,32,,,,,,69.0,95,,,,
"Nootbaar, Lars",663457,2025,39.0,17.0,36.0,46.0,51.0,66.0,60.0,79.0,84,87.0,53.0,80.0,73.0,87.0,81.0,39,39.0,68.0,78.0,84.0
"Bohm, Alec",664761,2025,50.0,88.0,44.0,25.0,56.0,32.0,25.0,66.0,49,66.0,80.0,20.0,93.0,60.0,32.0,26,26.0,44.0,93.0,48.0
"Siri, Jose",642350,2025,,,,,,,,,13,,,,,,,79,,,,
"Miller, Owen",680911,2025,,,,,,,,,21,,,,,,,99,,,,
"Carroll, Corbin",682998,2025,93.0,70.0,94.0,94.0,83.0,92.0,90.0,89.0,96,87.0,35.0,74.0,46.0,26.0,62.0,98,96.0,86.0,29.0,48.0
"Fortes, Nick",663743,2025,,,,,,,,,70,,,,,,,33,,,,
"Freeman, Tyler",671289,2025,52.0,91.0,20.0,6.0,89.0,4.0,5.0,53.0,49,38.0,94.0,46.0,97.0,63.0,94.0,80,1.0,39.0,90.0,84.0
"Refsnyder, Rob",608701,2025,,,,,,,,,78,,,,,,84.0,31,,,,
"Lowe, Nathaniel",663993,2025,26.0,15.0,22.0,28.0,36.0,37.0,33.0,35.0,73,41.0,18.0,72.0,47.0,76.0,12.0,22,10.0,61.0,13.0,58.0
"Julien, Edouard",666397,2025,,,,,,,,,55,,,,,,14.0,50,,,,
"Matos, Luis",682641,2025,,,,,,,,,72,,,,,,95.0,49,,,,
"McCann, James",543510,2025,,,,,,,,,57,,,,,,,25,,,,
"Rivas, Leo",660844,2025,,,,,,,,,11,,,,,,13.0,59,,,,
"Contreras, William",661388,2025,64.0,55.0,35.0,28.0,86.0,42.0,28.0,75.0,90,81.0,68.0,90.0,51.0,67.0,,21,,67.0,75.0,69.0
"Swanson, Dansby",621020,2025,77.0,77.0,80.0,76.0,51.0,85.0,74.0,61.0,46,80.0,19.0,38.0,14.0,67.0,20.0,80,85.0,29.0,51.0,40.0
"Jackson, Alex",656577,2025,,,,,,,,,39,,,,,,,54,,,,
"Johnston, Troy",687859,2025,,,,,,,,,17,,,,,,,27,,,,
"Grisham, Trent",663757,2025,91.0,48.0,91.0,92.0,91.0,86.0,89.0,75.0,51,66.0,36.0,96.0,62.0,99.0,54.0,32,32.0,31.0,84.0,18.0
"Kepler, Max",596146,2025,65.0,34.0,64.0,68.0,58.0,62.0,73.0,66.0,74,57.0,58.0,72.0,57.0,58.0,45.0,38,62.0,39.0,80.0,40.0
"Busch, Michael",683737,2025,95.0,70.0,96.0,97.0,78.0,96.0,95.0,90.0,75,76.0,38.0,64.0,43.0,82.0,7.0,26,37.0,16.0,77.0,76.0
"Trammell, Taylor",666211,2025,,,,,,,,,78,,,,,,44.0,71,,,,
"Wiemer, Joey",686894,2025,,,,,,,,,27,,,,,,86.0,77,,,,
"Wilson, Jacob",805779,2025,26.0,90.0,17.0,5.0,52.0,7.0,6.0,1.0,36,2.0,100.0,13.0,99.0,22.0,80.0,39,22.0,1.0,97.0,100.0
"Robertson, Will",683770,2025,,,,,,,,,47,,,,,,47.0,63,,,,
"Mountcastle, Ryan",663624,2025,34.0,55.0,56.0,52.0,16.0,38.0,74.0,64.0,97,75.0,10.0,3.0,8.0,5.0,1.0,55,,89.0,4.0,28.0
"Church, Nathan",701675,2025,,,,,,,,,22,,,,,,92.0,84,,,,
"Herrera, Jose",645444,2025,,,,,,,,,17,,,,,,,4,,,,
"Ornelas, Tirso",672359,2025,,,,,,,,,25,,,,,,,35,,,,
"Mesa Jr., Victor",683748,2025,,,,,,,,,17,,,,,,,37,,,,
"Trout, Mike",545361,2025,86.0,23.0,78.0,88.0,92.0,77.0,93.0,69.0,95,85.0,2.0,98.0,16.0,92.0,74.0,62,,77.0,6.0,28.0
"Realmuto, J.T.",592663,2025,38.0,55.0,42.0,38.0,38.0,52.0,47.0,50.0,59,61.0,38.0,28.0,50.0,22.0,,76,,47.0,30.0,28.0
"LeMahieu, DJ",518934,2025,,,,,,,,,30,,,,,,7.0,11,,,,
"Ballesteros, Moisés",694208,2025,,,,,,,,,83,,,,,,,17,,,,
"Rushing, Dalton",687221,2025,,,,,,,,,76,,,,,,,58,,,,
"Castro, Willi",650489,2025,30.0,20.0,20.0,22.0,48.0,20.0,28.0,9.0,75,25.0,30.0,56.0,26.0,24.0,86.0,72,4.0,42.0,8.0,58.0
"Benson, Will",666181,2025,,,,,,,,,71,,,,,,75.0,94,48.0,,,
"Quero, Edgar",700337,2025,11.0,23.0,10.0,13.0,28.0,8.0,10.0,59.0,51,66.0,72.0,46.0,72.0,97.0,,5,,4.0,95.0,94.0
"Gonzalez, Romy",663853,2025,76.0,89.0,81.0,71.0,46.0,46.0,79.0,95.0,81,99.0,35.0,14.0,20.0,13.0,14.0,75,25.0,,,
"De La Cruz, Elly",682829,2025,47.0,50.0,51.0,51.0,56.0,80.0,60.0,72.0,98,54.0,20.0,67.0,9.0,46.0,93.0,91,23.0,84.0,33.0,58.0
"Nimmo, Brandon",607043,2025,44.0,54.0,48.0,45.0,43.0,66.0,47.0,88.0,79,88.0,48.0,44.0,55.0,75.0,48.0,46,42.0,53.0,57.0,58.0
"Sánchez, Gary",596142,2025,,,,,,,,,73,,,,,,,3,,,,
"Pozo, Yohel",650968,2025,,,,,,,,,42,,,,,,,4,,,,
"Doyle, Brenton",686668,2025,21.0,27.0,45.0,56.0,6.0,66.0,65.0,48.0,70,56.0,22.0,16.0,17.0,36.0,97.0,96,92.0,28.0,57.0,58.0
"Kim, Ha-Seong",673490,2025,,,,,,,,,36,,,,,,45.0,53,,,,
"Gorski, Matt",685301,2025,,,,,,,,,94,,,,,,,83,,,,
"O'Neill, Tyler",641933,2025,,,,,,,,,87,,,,,,90.0,74,,,,
"Domínguez, Jasson",691176,2025,30.0,24.0,21.0,22.0,42.0,20.0,33.0,63.0,77,85.0,14.0,67.0,31.0,31.0,92.0,84,3.0,80.0,13.0,7.0
"Seymour, Bob",676044,2025,,,,,,,,,94,,,,,,,18,,,,
"Meadows, Parker",678009,2025,,,,,,,,,45,,,,,,64.0,90,,,,
"Kim, Hyeseong",808975,2025,,,,,,,,,15,,,,,,51.0,85,,,,
"Heyward, Jason",518792,2025,,,,,,,,,41,,,,,,,44,,,,
"Baty, Brett",683146,2025,66.0,54.0,70.0,72.0,38.0,59.0,80.0,64.0,96,72.0,26.0,42.0,30.0,70.0,28.0,38,70.0,86.0,22.0,40.0
"Wynns, Austin",642851,2025,,,,,,,,,30,,,,,,,2,,,,
"Vivas, Jorbit",678391,2025,,,,,,,,,22,,,,,,,24,,,,
"Acosta, Maximo",691185,2025,,,,,,,,,31,,,,,,,87,,,,
"Schwarber, Kyle",656941,2025,98.0,50.0,99.0,99.0,95.0,99.0,99.0,98.0,98,100.0,11.0,97.0,5.0,90.0,,14,,98.0,23.0,28.0
"Elko, Tim",671284,2025,,,,,,,,,67,,,,,,,61,,,,
"Gonzales, Nick",693304,2025,12.0,57.0,20.0,15.0,20.0,13.0,13.0,30.0,52,30.0,70.0,12.0,47.0,27.0,27.0,87,86.0,23.0,68.0,18.0
"Encarnacion-Strand, Christian",687952,2025,,,,,,,,,71,,,,,,,51,,,,
"Narváez, Carlos",665966,2025,13.0,9.0,26.0,40.0,10.0,37.0,51.0,75.0,68,56.0,26.0,51.0,28.0,39.0,,11,,53.0,50.0,18.0
"Fitzgerald, Ryan",680837,2025,,,,,,,,,55,,,,,,,79,,,,
"Schmitt, Casey",669477,2025,58.0,61.0,60.0,57.0,51.0,27.0,50.0,43.0,72,52.0,34.0,44.0,40.0,26.0,64.0,55,17.0,,,
"Jung, Josh",673962,2025,26.0,40.0,45.0,46.0,10.0,42.0,42.0,39.0,68,70.0,24.0,14.0,41.0,18.0,43.0,28,89.0,22.0,51.0,76.0
"Fermín, José",665877,2025,,,,,,,,,15,,,,,,,42,,,,
"Lowe, Josh",666139,2025,18.0,29.0,21.0,21.0,28.0,18.0,23.0,28.0,45,34.0,25.0,42.0,27.0,8.0,61.0,67,16.0,55.0,5.0,48.0
"O'Hearn, Ryan",656811,2025,75.0,80.0,56.0,39.0,90.0,38.0,37.0,42.0,47,46.0,56.0,76.0,59.0,55.0,4.0,53,89.0,45.0,51.0,69.0
"Navarreto, Brian",640459,2025,,,,,,,,,16,,,,,,,30,,,,
"Mateo, Jorge",622761,2025,,,,,,,,,28,,,,,,,94,,,,
"McCutchen, Andrew",457705,2025,66.0,64.0,45.0,37.0,85.0,46.0,44.0,43.0,56,46.0,50.0,88.0,36.0,92.0,,41,,34.0,36.0,12.0
"Kreidler, Ryan",668952,2025,,,,,,,,,22,,,,,,,49,,,,
"Barrero, José",676480,2025,,,,,,,,,12,,,,,,,34,,,,
"Pham, Tommy",502054,2025,40.0,43.0,34.0,33.0,66.0,24.0,29.0,84.0,79,76.0,52.0,81.0,61.0,95.0,66.0,45,29.0,68.0,80.0,76.0
"Handley, Maverick",668974,2025,,,,,,,,,13,,,,,,,44,,,,
"De La Cruz, Bryan",650559,2025,,,,,,,,,20,,,,,,,60,,,,
"Adell, Jo",666176,2025,90.0,68.0,97.0,97.0,42.0,94.0,96.0,86.0,96,87.0,16.0,20.0,25.0,19.0,49.0,63,1.0,99.0,6.0,12.0
"Knizner, Andrew",668800,2025,,,,,,,,,32,,,,,,,16,,,,
"Montgomery, Colson",695657,2025,,,,,,,,,92,,,,,,33.0,46,92.0,,,
"Schneemann, Daniel",682177,2025,16.0,5.0,30.0,51.0,14.0,46.0,70.0,33.0,68,42.0,9.0,59.0,18.0,63.0,95.0,63,94.0,29.0,43.0,76.0
"Wallner, Matt",670242,2025,55.0,2.0,61.0,86.0,39.0,48.0,85.0,72.0,88,61.0,6.0,84.0,1.0,46.0,99.0,33,17.0,96.0,1.0,40.0
"Machado, Manny",592518,2025,85.0,84.0,89.0,81.0,68.0,93.0,81.0,93.0,93,92.0,61.0,48.0,37.0,38.0,63.0,13,8.0,84.0,58.0,7.0
"Ozuna, Marcell",542303,2025,84.0,27.0,66.0,76.0,91.0,66.0,70.0,48.0,77,56.0,30.0,98.0,40.0,85.0,,9,,64.0,32.0,58.0
"Rooker, Brent",667670,2025,82.0,69.0,85.0,84.0,68.0,94.0,84.0,64.0,85,58.0,46.0,62.0,12.0,59.0,62.0,50,,72.0,35.0,69.0
"Acuña Jr., Ronald",660670,2025,98.0,73.0,95.0,95.0,99.0,59.0,93.0,92.0,95,94.0,28.0,99.0,15.0,82.0,98.0,64,2.0,96.0,8.0,18.0
"Wisely, Brett",689172,2025,,,,,,,,,17,,,,,,30.0,51,,,,
"Crawford, J.P.",641487,2025,59.0,76.0,29.0,16.0,87.0,29.0,16.0,12.0,55,16.0,66.0,82.0,76.0,88.0,20.0,31,1.0,34.0,32.0,58.0
"Guerrero Jr., Vladimir",665489,2025,96.0,99.0,92.0,73.0,99.0,92.0,76.0,88.0,100,90.0,90.0,87.0,68.0,90.0,38.0,36,25.0,97.0,81.0,18.0
"Haggerty, Sam",664059,2025,,,,,,,,,55,,,,,,58.0,88,,,,
"Dalbec, Bobby",666915,2025,,,,,,,,,23,,,,,,,48,,,,
"Thaiss, Matt",642136,2025,,,,,,,,,52,,,,,,,7,,,,
"Gasper, Mickey",681508,2025,,,,,,,,,36,,,,,,,34,,,,
"Bernabel, Warming",682653,2025,,,,,,,,,32,,,,,,33.0,79,,,,
"McCusker, Carson",676812,2025,,,,,,,,,31,,,,,,,73,,,,
"Morel, Christopher",666624,2025,,,,,,,,,95,,,,,,92.0,66,,,,
"Lee, Brooks",686797,2025,9.0,20.0,23.0,26.0,8.0,30.0,22.0,28.0,57,28.0,74.0,21.0,52.0,25.0,28.0,19,15.0,15.0,76.0,58.0
"Gray, Tristan",656484,2025,,,,,,,,,61,,,,,,35.0,43,,,,
"Barrosa, Jorge",678489,2025,,,,,,,,,31,,,,,,28.0,87,,,,
"Miranda, Jose",669304,2025,,,,,,,,,50,,,,,,,1,,,,
"Sosa, Edmundo",624641,2025,,,,,,,,,61,,,,,,30.0,96,89.0,,,
"Altuve, Jose",514888,2025,21.0,24.0,28.0,31.0,29.0,46.0,25.0,4.0,61,10.0,78.0,51.0,74.0,5.0,23.0,36,13.0,18.0,51.0,18.0
"O'Hoppe, Logan",681351,2025,23.0,15.0,52.0,65.0,3.0,62.0,83.0,69.0,79,72.0,4.0,14.0,5.0,26.0,,46,,47.0,30.0,18.0
"Rodríguez, Endy",682848,2025,,,,,,,,,18,,,,,,,43,,,,
"Moreno, Gabriel",672515,2025,,,,,,,,,57,,,,,,,40,,,,
"Pasquantino, Vinnie",686469,2025,66.0,64.0,73.0,72.0,44.0,90.0,65.0,69.0,92,57.0,83.0,36.0,84.0,34.0,13.0,9,6.0,58.0,84.0,40.0
"McLain, Matt",680574,2025,11.0,4.0,15.0,33.0,17.0,37.0,38.0,30.0,52,39.0,6.0,64.0,25.0,60.0,40.0,93,87.0,18.0,33.0,84.0
"Hampson, Garrett",641658,2025,,,,,,,,,3,,,,,,11.0,87,,,,
"Tolbert, Tyler",686475,2025,,,,,,,,,17,,,,,,67.0,88,,,,
"Hoskins, Rhys",656555,2025,,,,,,,,,67,,,,,,9.0,4,,,,
"Rojas, Josh",668942,2025,,,,,,,,,29,,,,,,55.0,21,7.0,,,
"Burleson, Alec",676475,2025,77.0,85.0,77.0,68.0,62.0,66.0,54.0,72.0,67,49.0,86.0,35.0,85.0,44.0,75.0,10,14.0,55.0,94.0,28.0
"France, Ty",664034,2025,58.0,64.0,52.0,44.0,56.0,38.0,38.0,43.0,60,54.0,76.0,4.0,70.0,28.0,1.0,6,96.0,31.0,68.0,28.0
"Rutschman, Adley",668939,2025,52.0,31.0,41.0,46.0,59.0,24.0,36.0,42.0,70,29.0,83.0,80.0,94.0,88.0,,31,,,,
"Lukes, Nathan",664770,2025,36.0,64.0,32.0,22.0,59.0,15.0,15.0,19.0,28,24.0,91.0,54.0,94.0,27.0,82.0,46,81.0,6.0,87.0,97.0
"Ruiz, Keibert",660688,2025,,,,,,,,,59,,,,,,,3,,,,
"Polanco, Jorge",593871,2025,75.0,76.0,74.0,67.0,62.0,70.0,62.0,66.0,75,63.0,83.0,48.0,59.0,54.0,20.0,42,17.0,36.0,89.0,58.0
"Keirsey Jr., DaShawn",680577,2025,,,,,,,,,42,,,,,,71.0,81,,,,
"Kelenic, Jarred",672284,2025,,,,,,,,,35,,,,,,,19,,,,
"Burger, Jake",669394,2025,50.0,43.0,80.0,86.0,5.0,59.0,86.0,59.0,93,81.0,28.0,1.0,21.0,4.0,15.0,63,32.0,85.0,23.0,40.0
"Edwards, Xavier",669364,2025,15.0,70.0,4.0,1.0,56.0,1.0,1.0,10.0,42,7.0,88.0,46.0,98.0,55.0,7.0,75,77.0,3.0,91.0,98.0
"Beck, Jordan",687597,2025,23.0,17.0,33.0,42.0,16.0,56.0,55.0,14.0,88,28.0,5.0,38.0,12.0,52.0,69.0,83,30.0,67.0,3.0,12.0
"Carter, Evan",694497,2025,,,,,,,,,67,,,,,,56.0,90,,,,
"Wood, James",695578,2025,88.0,64.0,87.0,87.0,87.0,93.0,94.0,98.0,99,98.0,2.0,89.0,5.0,73.0,61.0,62,6.0,95.0,32.0,12.0
"Schanuel, Nolan",694384,2025,55.0,70.0,30.0,18.0,86.0,20.0,13.0,16.0,51,6.0,93.0,74.0,92.0,76.0,12.0,18,27.0,4.0,93.0,94.0
"Marchán, Rafael",665561,2025,,,,,,,,,32,,,,,,,23,,,,
"Alvarez, Francisco",682626,2025,,,,,,,,,94,,,,,,,16,,,,
"Brown, Seth",664913,2025,,,,,,,,,75,,,,,,12.0,57,,,,
"Fulford, Braxton",690924,2025,,,,,,,,,82,,,,,,,91,,,,
"Taylor, Tyrone",621438,2025,18.0,62.0,17.0,11.0,36.0,6.0,12.0,8.0,48,18.0,45.0,7.0,62.0,34.0,82.0,94,84.0,,,
"Hoerner, Nico",663538,2025,47.0,98.0,31.0,8.0,76.0,11.0,6.0,9.0,32,8.0,99.0,22.0,99.0,20.0,7.0,82,98.0,8.0,96.0,58.0
"Andujar, Miguel",609280,2025,18.0,64.0,27.0,18.0,24.0,11.0,15.0,20.0,71,18.0,87.0,10.0,86.0,10.0,94.0,36,,,,
"Thomas, Rhylan",689041,2025,,,,,,,,,6,,,,,,,13,,,,
"Avans, Drew",682183,2025,,,,,,,,,4,,,,,,,92,,,,
"Benintendi, Andrew",643217,2025,42.0,20.0,57.0,65.0,29.0,62.0,67.0,20.0,36,23.0,74.0,51.0,48.0,42.0,37.0,30,4.0,9.0,82.0,69.0
"Guillorme, Luis",641645,2025,,,,,,,,,8,,,,,,,1,,,,
"Bleday, JJ",668709,2025,4.0,1.0,10.0,32.0,6.0,18.0,40.0,29.0,52,29.0,14.0,74.0,16.0,70.0,81.0,43,5.0,,,
"Seigler, Anthony",678011,2025,,,,,,,,,9,,,,,,,32,,,,
"Rivero, Sebastián",665861,2025,,,,,,,,,14,,,,,,,4,,,,
"Lockridge, Brandon",663604,2025,,,,,,,,,32,,,,,,70.0,99,,,,
"Garver, Mitch",641598,2025,,,,,,,,,39,,,,,,,16,,,,
"McCoy, Mason",669200,2025,,,,,,,,,10,,,,,,,89,,,,
"Jansen, Danny",643376,2025,,,,,,,,,25,,,,,,,20,,,,
"Young, Jared",676724,2025,,,,,,,,,23,,,,,,,59,,,,
"Diaz, Yainer",673237,2025,54.0,78.0,74.0,65.0,22.0,74.0,55.0,48.0,72,45.0,77.0,2.0,58.0,1.0,,46,,50.0,68.0,48.0
"Williams, Luke",663897,2025,,,,,,,,,8,,,,,,,78,,,,
"Crim, Blaine",688760,2025,,,,,,,,,71,,,,,,,21,,,,
"Chapman, Matt",656305,2025,73.0,34.0,46.0,52.0,86.0,52.0,59.0,90.0,86,78.0,36.0,94.0,42.0,94.0,74.0,69,87.0,88.0,23.0,28.0
"Laureano, Ramón",657656,2025,89.0,82.0,93.0,91.0,67.0,77.0,85.0,58.0,82,84.0,30.0,36.0,29.0,63.0,85.0,60,2.0,50.0,32.0,76.0
"Melton, Jacob",689200,2025,,,,,,,,,70,,,,,,40.0,90,,,,
"Mead, Curtis",678554,2025,,,,,,,,,66,,,,,,10.0,35,,,,
"Espinal, Santiago",669289,2025,,,,,,,,,25,,,,,,20.0,43,76.0,,,
"Wade, Tyler",642180,2025,,,,,,,,,4,,,,,,18.0,68,,,,
"Conforto, Michael",624424,2025,61.0,19.0,41.0,56.0,71.0,42.0,56.0,48.0,83,53.0,26.0,84.0,45.0,82.0,67.0,18,5.0,77.0,10.0,48.0
"Berti, Jon",542932,2025,,,,,,,,,77,,,,,,10.0,74,,,,
"Stallings, Jacob",607732,2025,,,,,,,,,11,,,,,,,1,,,,
"Wilson, Weston",642215,2025,,,,,,,,,42,,,,,,,70,,,,
"Renfroe, Hunter",592669,2025,,,,,,,,,60,,,,,,77.0,37,,,,
"Raley, Luke",670042,2025,,,,,,,,,91,,,,,,75.0,84,,,,
"Myers, Dane",667472,2025,,,,,,,,,32,,,,,,97.0,76,75.0,,,
"Riley, Austin",663586,2025,61.0,43.0,77.0,83.0,22.0,75.0,92.0,91.0,89,88.0,7.0,22.0,18.0,50.0,42.0,73,37.0,93.0,7.0,18.0
"Stowers, Kyle",669065,2025,94.0,75.0,95.0,95.0,84.0,87.0,98.0,75.0,87,94.0,10.0,74.0,6.0,49.0,88.0,43,22.0,88.0,10.0,94.0
"Bae, Ji Hwan",678225,2025,,,,,,,,,10,,,,,,,82,,,,
"Fry, David",681807,2025,,,,,,,,,29,,,,,,,30,,,,
"Lawlar, Jordan",691783,2025,,,,,,,,,30,,,,,,,98,,,,
"Larnach, Trevor",663616,2025,40.0,50.0,37.0,34.0,56.0,38.0,34.0,69.0,85,62.0,49.0,62.0,16.0,52.0,48.0,19,,50.0,65.0,48.0
"Millas, Drew",686452,2025,,,,,,,,,18,,,,,,,47,,,,
"Rice, Ben",700250,2025,97.0,94.0,97.0,96.0,93.0,90.0,92.0,95.0,86,97.0,65.0,63.0,71.0,91.0,1.0,52,,68.0,89.0,40.0
"Freeland, Alex",690976,2025,,,,,,,,,24,,,,,,52.0,23,,,,
"Suzuki, Seiya",673548,2025,83.0,46.0,87.0,90.0,64.0,97.0,95.0,79.0,97,82.0,24.0,78.0,54.0,93.0,87.0,76,,68.0,56.0,58.0
"Amaya, Miguel",665804,2025,,,,,,,,,32,,,,,,,15,,,,
"Walker, Jordan",691023,2025,5.0,2.0,16.0,36.0,2.0,35.0,66.0,91.0,99,87.0,3.0,38.0,1.0,15.0,96.0,84,15.0,99.0,2.0,1.0
"Kwan, Steven",680757,2025,32.0,86.0,18.0,8.0,68.0,8.0,4.0,7.0,11,1.0,99.0,46.0,100.0,83.0,68.0,45,90.0,1.0,99.0,99.0
"McCarthy, Jake",664983,2025,,,,,,,,,64,,,,,,23.0,99,,,,
"Heineman, Tyler",623168,2025,,,,,,,,,11,,,,,,,24,,,,
"Peguero, Liover",678894,2025,,,,,,,,,57,,,,,,43.0,92,,,,
"Holliday, Jackson",702616,2025,35.0,31.0,38.0,42.0,38.0,56.0,40.0,30.0,49,40.0,48.0,53.0,48.0,85.0,26.0,82,5.0,25.0,66.0,84.0
"Biggio, Cavan",624415,2025,,,,,,,,,10,,,,,,,68,,,,
"Profar, Jurickson",595777,2025,52.0,16.0,31.0,39.0,76.0,20.0,35.0,35.0,43,36.0,82.0,90.0,88.0,75.0,51.0,24,8.0,,,
"Palacios, Richie",680700,2025,,,,,,,,,8,,,,,,,31,,,,
"Teodosio, Bryce",669326,2025,,,,,,,,,55,,,,,,79.0,98,,,,
"Seager, Corey",608369,2025,98.0,94.0,98.0,96.0,98.0,77.0,92.0,93.0,79,95.0,58.0,93.0,27.0,83.0,23.0,8,85.0,59.0,55.0,94.0
"Koss, Christian",683766,2025,,,,,,,,,32,,,,,,35.0,92,33.0,,,
"Torkelson, Spencer",679529,2025,66.0,13.0,69.0,85.0,50.0,88.0,83.0,55.0,60,59.0,19.0,81.0,33.0,84.0,2.0,32,31.0,65.0,28.0,7.0
"Sabol, Blake",666165,2025,,,,,,,,,15,,,,,,,47,,,,
"Varsho, Daulton",662139,2025,,,,,,,,,89,,,,,,5.0,77,95.0,,,
"Senger, Hayden",663584,2025,,,,,,,,,34,,,,,,,28,,,,
"Acuña, Luisangel",682668,2025,,,,,,,,,57,,,,,,26.0,97,64.0,,,
"Torrens, Luis",620443,2025,,,,,,,,,59,,,,,,,28,,,,
"Feduccia, Hunter",676439,2025,,,,,,,,,39,,,,,,,22,,,,
"Newman, Kevin",621028,2025,,,,,,,,,15,,,,,,22.0,38,,,,
"Pauley, Graham",688363,2025,,,,,,,,,67,,,,,,32.0,28,93.0,,,
"Trejo, Alan",676701,2025,,,,,,,,,9,,,,,,53.0,23,,,,
"Hinds, Rece",677956,2025,,,,,,,,,70,,,,,,,98,,,,
"Schunk, Aaron",668845,2025,,,,,,,,,6,,,,,,,45,,,,
"Williams, Carson",700246,2025,,,,,,,,,48,,,,,,58.0,63,,,,
"Walker, Christian",572233,2025,35.0,19.0,60.0,70.0,17.0,87.0,81.0,69.0,85,65.0,9.0,26.0,14.0,49.0,4.0,21,79.0,80.0,10.0,28.0
"Simon, Ronny",682927,2025,,,,,,,,,41,,,,,,,85,,,,
"Springer, George",543807,2025,99.0,97.0,98.0,96.0,98.0,93.0,94.0,50.0,90,78.0,65.0,86.0,37.0,94.0,58.0,66,,73.0,40.0,28.0
"Barger, Addison",680718,2025,64.0,59.0,72.0,74.0,38.0,65.0,70.0,86.0,97,91.0,32.0,36.0,37.0,30.0,99.0,56,21.0,93.0,24.0,12.0
"Rogers, Jake",668670,2025,,,,,,,,,45,,,,,,,33,,,,
"Baldwin, Drake",686948,2025,83.0,85.0,81.0,75.0,75.0,59.0,67.0,86.0,80,85.0,84.0,51.0,80.0,44.0,,19,,91.0,50.0,58.0
"Bell, Josh",605137,2025,87.0,61.0,84.0,84.0,80.0,80.0,75.0,59.0,90,73.0,79.0,76.0,56.0,55.0,1.0,7,,66.0,64.0,3.0
"Goldschmidt, Paul",502671,2025,59.0,76.0,67.0,59.0,48.0,48.0,41.0,59.0,68,51.0,66.0,30.0,76.0,54.0,1.0,20,22.0,59.0,70.0,18.0
"Thomas, Lane",657041,2025,,,,,,,,,61,,,,,,88.0,94,,,,
"Mangum, Jake",663968,2025,4.0,50.0,6.0,5.0,10.0,6.0,7.0,14.0,35,14.0,84.0,3.0,81.0,1.0,63.0,91,91.0,3.0,61.0,97.0
"Williamson, Ben",810938,2025,,,,,,,,,59,,,,,,44.0,69,62.0,,,
"Cole, Zach",805904,2025,,,,,,,,,91,,,,,,,83,,,,
"McGuire, Reese",624512,2025,,,,,,,,,16,,,,,,,16,,,,
"Rojas, Johan",679032,2025,,,,,,,,,79,,,,,,94.0,99,,,,
"Smith, Will",669257,2025,95.0,80.0,90.0,83.0,97.0,54.0,76.0,79.0,55,75.0,53.0,96.0,66.0,96.0,,47,,19.0,74.0,48.0
"Hedges, Austin",595978,2025,,,,,,,,,38,,,,,,,5,,,,
"Higashioka, Kyle",543309,2025,,,,,,,,,41,,,,,,,6,,,,
"Ruiz, Esteury",665923,2025,,,,,,,,,21,,,,,,,57,,,,
"Hays, Austin",669720,2025,21.0,20.0,37.0,46.0,12.0,42.0,63.0,30.0,45,28.0,22.0,34.0,10.0,14.0,88.0,54,,46.0,20.0,69.0
"Campbell, Kristian",692225,2025,,,,,,,,,78,,,,,,15.0,44,4.0,,,
"Gelof, Zack",680869,2025,,,,,,,,,22,,,,,,9.0,67,,,,
"Dunn, Oliver",686554,2025,,,,,,,,,43,,,,,,,60,,,,
"Vázquez, Luis",676679,2025,,,,,,,,,24,,,,,,,63,,,,
"Dunn, Blake",694362,2025,,,,,,,,,54,,,,,,49.0,97,,,,
"Arraez, Luis",650333,2025,26.0,96.0,16.0,3.0,52.0,4.0,1.0,6.0,29,1.0,100.0,10.0,100.0,15.0,26.0,25,4.0,1.0,100.0,100.0
"Pagés, Pedro",686780,2025,1.0,3.0,8.0,22.0,1.0,20.0,35.0,20.0,73,22.0,10.0,9.0,28.0,9.0,,12,,59.0,4.0,69.0
"McCormick, Chas",676801,2025,,,,,,,,,19,,,,,,55.0,24,,,,
"Smith, Pavin",656976,2025,,,,,,,,,64,,,,,,15.0,23,,,,
"Bauers, Jake",641343,2025,,,,,,,,,81,,,,,,38.0,42,,,,
"Semien, Marcus",543760,2025,40.0,34.0,33.0,34.0,48.0,35.0,30.0,24.0,54,17.0,74.0,63.0,63.0,80.0,11.0,81,92.0,8.0,75.0,12.0
"Chaparro, Andrés",665953,2025,,,,,,,,,61,,,,,,,5,,,,
"Ramírez, José",608070,2025,75.0,94.0,65.0,40.0,91.0,59.0,33.0,33.0,72,24.0,96.0,70.0,93.0,43.0,43.0,78,93.0,29.0,84.0,58.0
"Helman, Michael",680737,2025,,,,,,,,,20,,,,,,75.0,96,,,,
"Yastrzemski, Mike",573262,2025,59.0,24.0,48.0,58.0,74.0,51.0,46.0,66.0,46,47.0,61.0,90.0,81.0,87.0,73.0,35,24.0,36.0,78.0,28.0
"Amaya, Jacob",676070,2025,,,,,,,,,31,,,,,,29.0,55,,,,
"Valdez, Enmanuel",665839,2025,,,,,,,,,36,,,,,,,20,,,,
"Nola, Austin",543592,2025,,,,,,,,,25,,,,,,,13,,,,
"Marte, Noelvi",682622,2025,26.0,40.0,48.0,51.0,8.0,30.0,50.0,26.0,97,21.0,36.0,3.0,31.0,18.0,92.0,89,14.0,,,
"Frazier, Adam",624428,2025,6.0,38.0,4.0,6.0,22.0,4.0,4.0,4.0,12,1.0,72.0,18.0,79.0,40.0,30.0,29,60.0,2.0,61.0,84.0
"Keith, Colt",690993,2025,74.0,62.0,64.0,60.0,72.0,42.0,52.0,50.0,54,51.0,47.0,73.0,63.0,67.0,31.0,66,22.0,27.0,72.0,90.0
"Langeliers, Shea",669127,2025,58.0,50.0,73.0,78.0,28.0,74.0,69.0,69.0,92,58.0,57.0,32.0,43.0,22.0,,81,,74.0,40.0,58.0
"Ramos, Heliot",671218,2025,42.0,32.0,46.0,54.0,43.0,70.0,47.0,87.0,97,76.0,41.0,40.0,42.0,38.0,59.0,50,3.0,77.0,45.0,90.0
"Guzman, Denzer",694203,2025,,,,,,,,,18,,,,,,,47,,,,
"Stefanic, Michael",683021,2025,,,,,,,,,7,,,,,,,6,,,,
"García, Adolis",666969,2025,26.0,18.0,55.0,64.0,4.0,75.0,73.0,89.0,87,70.0,28.0,12.0,15.0,10.0,92.0,40,71.0,49.0,53.0,18.0
"Julks, Corey",667452,2025,,,,,,,,,3,,,,,,,48,,,,
"Arias, Gabriel",672356,2025,8.0,4.0,28.0,50.0,2.0,48.0,70.0,55.0,83,49.0,1.0,18.0,1.0,6.0,94.0,40,84.0,89.0,1.0,18.0
"Melendez, MJ",669004,2025,,,,,,,,,36,,,,,,,44,,,,
"Wagaman, Eric",676572,2025,36.0,64.0,50.0,40.0,30.0,35.0,30.0,72.0,92,68.0,60.0,24.0,51.0,63.0,13.0,37,24.0,68.0,81.0,69.0
"Ritter, Ryan",690022,2025,,,,,,,,,35,,,,,,17.0,93,75.0,,,
"Tellez, Rowdy",642133,2025,,,,,,,,,84,,,,,,4.0,1,16.0,,,
"Valera, George",671655,2025,,,,,,,,,67,,,,,,,18,,,,
"Chisholm Jr., Jazz",665862,2025,78.0,20.0,82.0,91.0,56.0,82.0,91.0,35.0,78,49.0,8.0,78.0,7.0,59.0,35.0,56,88.0,76.0,9.0,7.0
"Sheets, Gavin",657757,2025,73.0,73.0,68.0,62.0,65.0,59.0,54.0,48.0,74,68.0,58.0,48.0,61.0,28.0,61.0,38,,86.0,45.0,12.0
"Carlson, Dylan",666185,2025,,,,,,,,,31,,,,,,43.0,56,24.0,,,
"Donovan, Brendan",680977,2025,78.0,92.0,66.0,46.0,83.0,56.0,47.0,46.0,49,40.0,92.0,50.0,95.0,69.0,66.0,27,42.0,13.0,96.0,90.0
"Marte, Ketel",606466,2025,97.0,94.0,94.0,92.0,96.0,88.0,83.0,66.0,100,73.0,85.0,84.0,63.0,72.0,42.0,29,74.0,85.0,72.0,7.0
"Hernaiz, Darell",687231,2025,,,,,,,,,45,,,,,,19.0,72,,,,
"Hill, Derek",656537,2025,,,,,,,,,79,,,,,,66.0,99,,,,
"Fermin, Freddy",666023,2025,3.0,19.0,6.0,10.0,5.0,8.0,13.0,38.0,35,15.0,66.0,16.0,57.0,29.0,,41,,16.0,56.0,48.0
"Veen, Zac",691728,2025,,,,,,,,,45,,,,,,,72,,,,
"Heim, Jonah",641680,2025,4.0,8.0,10.0,19.0,4.0,20.0,24.0,22.0,49,19.0,54.0,39.0,51.0,37.0,,8,,10.0,64.0,28.0
"Soto, Juan",665742,2025,100.0,96.0,99.0,99.0,100.0,98.0,97.0,98.0,94,97.0,62.0,100.0,65.0,100.0,66.0,13,1.0,72.0,93.0,76.0
"Davis, Henry",680779,2025,,,,,,,,,72,,,,,,,75,,,,
"Dubón, Mauricio",643289,2025,5.0,46.0,3.0,4.0,17.0,1.0,2.0,1.0,63,3.0,97.0,22.0,90.0,12.0,87.0,65,99.0,,,
"Nuñez, Nasim",683083,2025,,,,,,,,,38,,,,,,77.0,98,,,,
"Butler, Lawrence",671732,2025,26.0,15.0,32.0,42.0,26.0,58.0,52.0,61.0,87,54.0,7.0,63.0,5.0,62.0,64.0,35,84.0,74.0,12.0,69.0
"Young, Cole",702284,2025,,,,,,,,,90,,,,,,4.0,59,4.0,,,
"Betts, Mookie",605141,2025,61.0,77.0,50.0,36.0,70.0,42.0,20.0,38.0,35,19.0,98.0,61.0,90.0,89.0,29.0,36,91.0,10.0,100.0,76.0
"Pereda, Jhonny",640902,2025,,,,,,,,,61,,,,,,,5,,,,
"Monasterio, Andruw",655316,2025,,,,,,,,,55,,,,,,24.0,57,,,,
"Urías, Ramón",602104,2025,9.0,14.0,24.0,32.0,7.0,29.0,42.0,38.0,47,43.0,44.0,32.0,36.0,52.0,20.0,41,88.0,,,
"Johnson, Daniel",669288,2025,,,,,,,,,54,,,,,,,94,,,,
"Bichette, Bo",666182,2025,83.0,98.0,78.0,56.0,78.0,65.0,41.0,72.0,79,83.0,86.0,28.0,83.0,12.0,36.0,21,1.0,12.0,74.0,48.0
"Straw, Myles",664702,2025,,,,,,,,,19,,,,,,44.0,95,97.0,,,
"Campero, Gustavo",672569,2025,,,,,,,,,41,,,,,,86.0,91,,,,
"Kurtz, Nick",701762,2025,93.0,40.0,95.0,98.0,80.0,85.0,98.0,92.0,93,92.0,4.0,90.0,1.0,86.0,6.0,43,9.0,98.0,5.0,12.0
"Bogaerts, Xander",593428,2025,55.0,77.0,44.0,29.0,71.0,38.0,32.0,35.0,78,33.0,76.0,54.0,70.0,79.0,31.0,55,94.0,50.0,78.0,48.0
"McNeil, Jeff",643446,2025,61.0,76.0,33.0,20.0,89.0,19.0,19.0,12.0,23,13.0,94.0,76.0,89.0,55.0,45.0,26,76.0,27.0,61.0,48.0
"Giménez, Andrés",665926,2025,31.0,54.0,15.0,12.0,56.0,5.0,8.0,8.0,20,5.0,70.0,31.0,55.0,14.0,47.0,65,97.0,13.0,35.0,76.0
"Herrera, Iván",671056,2025,92.0,88.0,86.0,78.0,93.0,54.0,67.0,78.0,84,79.0,68.0,64.0,59.0,69.0,,23,,83.0,47.0,7.0
"Campusano, Luis",669134,2025,,,,,,,,,6,,,,,,,6,,,,
"Adams, Riley",656180,2025,,,,,,,,,95,,,,,,,27,,,,
"Allen, Nick",669397,2025,1.0,9.0,1.0,1.0,7.0,1.0,1.0,2.0,11,2.0,35.0,40.0,68.0,63.0,52.0,49,99.0,,,
"House, Brady",691781,2025,,,,,,,,,72,,,,,,79.0,61,78.0,,,
"Urías, Luis",649966,2025,,,,,,,,,25,,,,,,15.0,18,9.0,,,
"Capra, Vinny",681962,2025,,,,,,,,,10,,,,,,24.0,74,,,,
"Thomas, Colby",687515,2025,,,,,,,,,95,,,,,,96.0,82,,,,
"Caratini, Victor",605170,2025,59.0,59.0,52.0,49.0,52.0,29.0,38.0,29.0,55,39.0,77.0,22.0,78.0,80.0,,2,,,,
"Jones, Jahmai",663330,2025,,,,,,,,,63,,,,,,,67,,,,
"Alvarez, Yordan",670541,2025,,,,,,,,,95,,,,,,,21,,,,
"Crews, Dylan",686611,2025,,,,,,,,,67,,,,,,66.0,89,81.0,,,
"McCray, Grant",687529,2025,,,,,,,,,29,,,,,,,96,,,,
"Stephenson, Tyler",663886,2025,34.0,6.0,44.0,65.0,30.0,37.0,90.0,61.0,30,84.0,1.0,78.0,14.0,67.0,,34,,,,
"Stevens, Chad",677060,2025,,,,,,,,,2,,,,,,,81,,,,
"Durbin, Caleb",702332,2025,34.0,59.0,16.0,11.0,67.0,15.0,12.0,4.0,41,4.0,98.0,21.0,96.0,72.0,29.0,70,51.0,6.0,95.0,90.0
"Pillar, Kevin",607680,2025,,,,,,,,,12,,,,,,,76,,,,
"Rojas, Miguel",500743,2025,,,,,,,,,43,,,,,,19.0,15,91.0,,,
"Harris, Dustin",687957,2025,,,,,,,,,19,,,,,,,92,,,,
"Buxton, Byron",621439,2025,81.0,49.0,92.0,94.0,40.0,92.0,96.0,92.0,90,96.0,11.0,42.0,11.0,40.0,77.0,100,81.0,88.0,22.0,5.0
"Rodríguez, Julio",677594,2025,80.0,87.0,83.0,76.0,65.0,84.0,58.0,87.0,96,80.0,50.0,24.0,26.0,10.0,95.0,93,97.0,96.0,20.0,12.0
"Matthews, Brice",694728,2025,,,,,,,,,39,,,,,,,86,,,,
"Happ, Ian",664023,2025,84.0,61.0,70.0,68.0,90.0,75.0,63.0,50.0,76,54.0,40.0,93.0,48.0,91.0,53.0,48,49.0,44.0,45.0,84.0
"Flores, Wilmer",527038,2025,6.0,12.0,6.0,12.0,17.0,15.0,16.0,6.0,38,4.0,64.0,38.0,73.0,41.0,,3,,1.0,71.0,84.0
"Estrada, Thairo",642731,2025,,,,,,,,,63,,,,,,11.0,59,,,,
"Moore, Dylan",664238,2025,,,,,,,,,38,,,,,,35.0,57,13.0,,,
"Cronenworth, Jake",630105,2025,41.0,12.0,12.0,19.0,86.0,24.0,25.0,26.0,43,32.0,52.0,94.0,82.0,86.0,13.0,69,47.0,29.0,42.0,76.0
"Malloy, Justyn-Henry",669234,2025,,,,,,,,,73,,,,,,,30,,,,
"Moore, Christian",695681,2025,,,,,,,,,80,,,,,,15.0,78,,,,
"Amador, Adael",691182,2025,,,,,,,,,9,,,,,,3.0,27,,,,
"Rortvedt, Ben",666163,2025,,,,,,,,,10,,,,,,,14,,,,
"Canha, Mark",592192,2025,,,,,,,,,15,,,,,,48.0,60,,,,
"Friedl, TJ",670770,2025,21.0,14.0,2.0,6.0,72.0,11.0,7.0,10.0,27,12.0,77.0,86.0,87.0,98.0,40.0,32,72.0,19.0,88.0,94.0
"Vargas, Miguel",678246,2025,41.0,24.0,40.0,50.0,46.0,62.0,54.0,46.0,63,38.0,72.0,70.0,75.0,89.0,42.0,51,9.0,25.0,82.0,18.0
"Martini, Nick",605361,2025,,,,,,,,,16,,,,,,,48,,,,
"Jeffers, Ryan",680777,2025,52.0,34.0,36.0,37.0,71.0,24.0,27.0,39.0,66,44.0,58.0,78.0,72.0,73.0,,14,,,,
"Stott, Bryson",681082,2025,34.0,46.0,32.0,29.0,46.0,27.0,19.0,16.0,62,8.0,80.0,67.0,88.0,81.0,27.0,86,93.0,14.0,76.0,58.0
"Raleigh, Cal",663728,2025,92.0,17.0,96.0,98.0,81.0,98.0,99.0,79.0,93,85.0,14.0,95.0,10.0,25.0,,18,,89.0,7.0,5.0
"Crow-Armstrong, Pete",691718,2025,44.0,32.0,78.0,87.0,7.0,91.0,82.0,43.0,85,42.0,33.0,4.0,23.0,2.0,94.0,96,100.0,61.0,18.0,58.0
