player_name,player_id,year,xwoba,xba,xslg,xiso,xobp,brl,brl_percent,exit_velocity,max_ev,hard_hit_percent,k_percent,bb_percent,whiff_percent,chase_percent,arm_strength,xera,fb_velocity,fb_spin,curve_spin
"Jobe, Jackson",695549,2025,14.0,44.0,22.0,16.0,9.0,72.0,44.0,54.0,46,25.0,17.0,4.0,47.0,22.0,,14.0,79.0,78.0,90.0
"Gibson, Cade",806188,2025,58.0,42.0,82.0,94.0,16.0,89.0,88.0,82.0,50,72.0,21.0,30.0,25.0,37.0,,58.0,14.0,41.0,94.0
"Darrell-Hicks, Michael",690382,2025,,,,,,,,,58,,,,,,,,50.0,48.0,
"Matzek, Tyler",554431,2025,,,,,,,,,39,,,,,,,,52.0,87.0,
"Dubin, Shawn",681869,2025,,,,,,,,,78,,,,,,,,47.0,39.0,65.0
"Harvey, Hunter",640451,2025,,,,,,,,,90,,,,,,,,79.0,7.0,
"Megill, Tylor",656731,2025,53.0,74.0,81.0,80.0,30.0,81.0,81.0,22.0,15,22.0,88.0,13.0,86.0,51.0,,53.0,62.0,43.0,39.0
"Cabrera, Edward",665795,2025,45.0,52.0,55.0,55.0,45.0,27.0,45.0,22.0,4,8.0,74.0,43.0,78.0,74.0,,45.0,87.0,60.0,61.0
"Oviedo, Johan",670912,2025,,,,,,,,,30,,,,,,,,67.0,64.0,12.0
"Irvin, Jake",663623,2025,5.0,9.0,4.0,4.0,14.0,1.0,3.0,19.0,38,7.0,6.0,51.0,5.0,29.0,,5.0,18.0,59.0,35.0
"Kelly, Merrill",518876,2025,39.0,30.0,25.0,27.0,64.0,5.0,35.0,26.0,4,24.0,47.0,76.0,41.0,91.0,,39.0,16.0,59.0,59.0
"Harrison, Kyle",690986,2025,,,,,,,,,58,,,,,,,,53.0,51.0,
"Bazardo, Eduard",660825,2025,80.0,85.0,74.0,58.0,82.0,48.0,30.0,69.0,19,77.0,76.0,38.0,9.0,3.0,,80.0,66.0,29.0,
"De Los Santos, Enyel",660853,2025,39.0,38.0,38.0,41.0,43.0,55.0,41.0,87.0,20,53.0,46.0,38.0,82.0,49.0,,39.0,80.0,50.0,
"Loutos, Ryan",702795,2025,,,,,,,,,44,,,,,,,,64.0,1.0,
"May, Dustin",669160,2025,10.0,18.0,17.0,20.0,6.0,21.0,35.0,14.0,2,18.0,38.0,22.0,12.0,18.0,,10.0,58.0,77.0,
"Hjelle, Sean",663546,2025,,,,,,,,,65,,,,,,,,37.0,56.0,3.0
"Enns, Dietrich",608650,2025,,,,,,,,,58,,,,,,,,43.0,13.0,
"King, John",667463,2025,16.0,2.0,21.0,60.0,14.0,89.0,91.0,38.0,1,25.0,1.0,79.0,11.0,70.0,,16.0,28.0,37.0,
"Rogers, Taylor",573124,2025,41.0,63.0,43.0,31.0,36.0,67.0,21.0,29.0,66,19.0,59.0,16.0,32.0,23.0,,41.0,24.0,21.0,
"Vargas, Carlos",672841,2025,65.0,36.0,67.0,84.0,45.0,76.0,92.0,66.0,2,87.0,9.0,69.0,8.0,54.0,,65.0,93.0,20.0,
"Pivetta, Nick",601713,2025,49.0,65.0,29.0,16.0,79.0,3.0,10.0,22.0,9,15.0,78.0,69.0,44.0,45.0,,49.0,41.0,61.0,80.0
"García, Yimi",554340,2025,,,,,,,,,45,,,,,,,,75.0,96.0,86.0
"Brebbia, John",605154,2025,,,,,,,,,26,,,,,,,,23.0,36.0,
"Murdock, Noah",668716,2025,,,,,,,,,89,,,,,,,,53.0,11.0,
"Raley, Brooks",548384,2025,,,,,,,,,90,,,,,,,,8.0,68.0,
"Mize, Casey",663554,2025,66.0,56.0,38.0,29.0,82.0,14.0,36.0,33.0,20,32.0,47.0,87.0,41.0,49.0,,66.0,53.0,37.0,
"Lao, Sauryn",666659,2025,,,,,,,,,54,,,,,,,,27.0,32.0,
"Morgan, David",688158,2025,,,,,,,,,34,,,,,,,,92.0,63.0,50.0
"Elder, Bryce",693821,2025,17.0,14.0,18.0,25.0,25.0,18.0,61.0,33.0,3,22.0,26.0,61.0,26.0,49.0,,17.0,15.0,13.0,
"Evans, Logan",688138,2025,9.0,9.0,11.0,17.0,8.0,34.0,16.0,36.0,29,31.0,11.0,34.0,9.0,14.0,,9.0,27.0,6.0,96.0
"Schlittler, Cam",693645,2025,41.0,64.0,61.0,57.0,33.0,62.0,52.0,57.0,20,52.0,82.0,18.0,57.0,45.0,,41.0,95.0,83.0,57.0
"Robert, Daniel",642016,2025,,,,,,,,,87,,,,,,,,76.0,84.0,
"Valdez, Framber",664285,2025,60.0,47.0,68.0,80.0,50.0,21.0,76.0,10.0,7,9.0,55.0,40.0,59.0,68.0,,60.0,47.0,27.0,92.0
"Vesia, Alex",681911,2025,87.0,97.0,82.0,49.0,86.0,67.0,13.0,69.0,32,71.0,97.0,28.0,86.0,62.0,,87.0,24.0,90.0,
"Topa, Justin",623437,2025,30.0,5.0,49.0,88.0,9.0,81.0,88.0,47.0,17,16.0,18.0,73.0,4.0,68.0,,30.0,47.0,23.0,
"Keller, Mitch",656605,2025,28.0,20.0,26.0,36.0,36.0,13.0,60.0,29.0,10,22.0,30.0,71.0,15.0,20.0,,28.0,39.0,84.0,59.0
"Uceta, Edwin",670955,2025,53.0,76.0,53.0,30.0,58.0,55.0,32.0,66.0,25,80.0,94.0,41.0,96.0,93.0,,53.0,44.0,81.0,
"Peguero, Joel",666711,2025,,,,,,,,,84,,,,,,,,100.0,57.0,
"Tate, Dillon",622253,2025,,,,,,,,,89,,,,,,,,16.0,1.0,
"Koenig, Jared",657649,2025,93.0,92.0,91.0,82.0,89.0,89.0,91.0,65.0,34,89.0,73.0,61.0,28.0,7.0,,93.0,76.0,70.0,47.0
"Contreras, Luis",664351,2025,,,,,,,,,73,,,,,,,,10.0,96.0,
"Pérez, Eury",691587,2025,83.0,88.0,70.0,47.0,87.0,43.0,39.0,16.0,17,8.0,81.0,43.0,74.0,48.0,,83.0,94.0,100.0,84.0
"Hiraldo, Yaramil",682274,2025,,,,,,,,,72,,,,,,,,60.0,65.0,
"Farris, Mitch",815083,2025,,,,,,,,,62,,,,,,,,6.0,17.0,
"Estrada, Lazaro",681751,2025,,,,,,,,,76,,,,,,,,39.0,35.0,
"Pomeranz, Drew",519141,2025,73.0,80.0,71.0,61.0,72.0,81.0,44.0,29.0,51,27.0,84.0,63.0,44.0,40.0,,73.0,24.0,99.0,14.0
"Cabrera, Génesis",650893,2025,,,,,,,,,43,,,,,,,,69.0,55.0,20.0
"Freeland, Kyle",607536,2025,13.0,5.0,9.0,20.0,28.0,3.0,30.0,7.0,10,6.0,14.0,91.0,17.0,67.0,,13.0,12.0,76.0,22.0
"Rogers, Tyler",643511,2025,96.0,38.0,94.0,100.0,92.0,99.0,100.0,99.0,23,95.0,8.0,100.0,1.0,66.0,,96.0,1.0,3.0,
"Peterson, David",656849,2025,21.0,11.0,43.0,73.0,8.0,27.0,80.0,14.0,29,9.0,36.0,32.0,39.0,43.0,,21.0,14.0,14.0,19.0
"Salazar, Eduardo",674285,2025,,,,,,,,,63,,,,,,,,56.0,7.0,
"Springs, Jeffrey",605488,2025,34.0,33.0,25.0,25.0,53.0,13.0,53.0,75.0,11,75.0,27.0,59.0,55.0,48.0,,34.0,8.0,21.0,
"Cameron, Noah",702070,2025,43.0,41.0,39.0,43.0,55.0,36.0,81.0,82.0,1,73.0,33.0,55.0,59.0,43.0,,43.0,20.0,50.0,22.0
"Taylor, Troy",700187,2025,,,,,,,,,87,,,,,,,,82.0,71.0,
"Guerrero, Luis",692285,2025,,,,,,,,,35,,,,,,,,84.0,25.0,
"Estes, Joey",683155,2025,,,,,,,,,72,,,,,,,,9.0,58.0,
"Senzatela, Antonio",622608,2025,1.0,1.0,1.0,5.0,1.0,9.0,35.0,9.0,15,9.0,1.0,59.0,4.0,3.0,,1.0,62.0,32.0,32.0
"Cannon, Jonathan",686563,2025,7.0,10.0,7.0,7.0,11.0,21.0,14.0,22.0,13,13.0,20.0,44.0,18.0,13.0,,7.0,33.0,30.0,
"Rocker, Kumar",677958,2025,4.0,6.0,5.0,9.0,6.0,39.0,4.0,5.0,19,5.0,28.0,48.0,49.0,55.0,,4.0,72.0,20.0,10.0
"Ortiz, Luis",682847,2025,17.0,36.0,21.0,16.0,20.0,36.0,18.0,2.0,16,5.0,70.0,11.0,76.0,12.0,,17.0,79.0,49.0,
"Pérez, Cionel",672335,2025,,,,,,,,,78,,,,,,,,71.0,10.0,
"Taylor, Grant",691799,2025,,,,,,,,,43,,,,,,,,97.0,86.0,36.0
"Lawrence, Casey",596271,2025,,,,,,,,,62,,,,,,,,1.0,10.0,
"Gonsolin, Tony",664062,2025,,,,,,,,,32,,,,,,,,35.0,35.0,76.0
"Leasure, Jordan",673929,2025,84.0,96.0,81.0,53.0,82.0,55.0,13.0,54.0,15,71.0,90.0,10.0,91.0,61.0,,84.0,80.0,75.0,
"Milner, Hoby",571948,2025,60.0,57.0,45.0,38.0,68.0,48.0,39.0,73.0,10,79.0,28.0,65.0,1.0,10.0,,60.0,1.0,3.0,
"Fuentes, Didier",800311,2025,,,,,,,,,43,,,,,,,,77.0,27.0,
"Mears, Nick",683232,2025,30.0,20.0,11.0,11.0,59.0,55.0,14.0,19.0,43,27.0,36.0,79.0,49.0,93.0,,30.0,67.0,49.0,
"Yesavage, Trey",702056,2025,,,,,,,,,22,,,,,,,,56.0,49.0,
"Coulombe, Danny",543056,2025,,,,,,,,,48,,,,,,,,6.0,72.0,
"Weaver, Luke",596133,2025,90.0,96.0,74.0,43.0,95.0,67.0,50.0,33.0,14,55.0,82.0,59.0,89.0,91.0,,90.0,63.0,86.0,
"Walker, Taijuan",592836,2025,22.0,20.0,22.0,27.0,33.0,30.0,64.0,42.0,30,43.0,7.0,53.0,7.0,20.0,,22.0,18.0,4.0,25.0
"Darnell, Dugan",699911,2025,,,,,,,,,69,,,,,,,,39.0,72.0,
"Kikuchi, Yusei",579328,2025,26.0,30.0,27.0,28.0,28.0,5.0,30.0,7.0,43,35.0,49.0,22.0,35.0,33.0,,26.0,58.0,25.0,43.0
"Bruihl, Justin",677865,2025,,,,,,,,,54,,,,,,,,5.0,22.0,
"Hoeing, Bryan",663773,2025,,,,,,,,,90,,,,,,,,23.0,1.0,
"Bradish, Kyle",680694,2025,,,,,,,,,28,,,,,,,,56.0,44.0,56.0
"Stroman, Marcus",573186,2025,,,,,,,,,61,,,,,,,,4.0,52.0,
"Núñez, Eduarniel",674384,2025,,,,,,,,,94,,,,,,,,95.0,99.0,
"Gusto, Ryan",687473,2025,22.0,30.0,19.0,15.0,41.0,30.0,28.0,14.0,22,11.0,41.0,51.0,33.0,7.0,,22.0,44.0,81.0,29.0
"Cecconi, Slade",677944,2025,13.0,13.0,6.0,6.0,47.0,5.0,3.0,2.0,17,1.0,30.0,85.0,26.0,2.0,,13.0,47.0,73.0,23.0
"Fisher, Braydon",680755,2025,,,,,,,,,56,,,,,,,,69.0,51.0,39.0
"Warren, Will",701542,2025,22.0,27.0,28.0,31.0,28.0,3.0,10.0,7.0,18,14.0,60.0,30.0,44.0,10.0,,22.0,32.0,95.0,87.0
"Ryan, Joe",657746,2025,75.0,84.0,51.0,22.0,89.0,3.0,6.0,26.0,11,37.0,84.0,87.0,57.0,14.0,,75.0,37.0,43.0,83.0
"Buttó, José",676130,2025,25.0,33.0,34.0,39.0,12.0,51.0,30.0,29.0,38,56.0,33.0,9.0,76.0,62.0,,25.0,62.0,63.0,
"Arias, Luarbert",678215,2025,,,,,,,,,30,,,,,,,,41.0,63.0,
"Brown, McCade",685326,2025,,,,,,,,,50,,,,,,,,49.0,62.0,62.0
"Sterner, Justin",686993,2025,80.0,88.0,70.0,47.0,80.0,59.0,26.0,36.0,41,64.0,77.0,51.0,87.0,86.0,,80.0,35.0,75.0,
"Birdsong, Hayden",806185,2025,18.0,65.0,31.0,17.0,12.0,51.0,26.0,36.0,32,7.0,51.0,4.0,74.0,16.0,,18.0,69.0,80.0,83.0
"Lucas, Easton",687922,2025,,,,,,,,,48,,,,,,,,41.0,29.0,
"Cleavinger, Garrett",664076,2025,83.0,86.0,88.0,80.0,75.0,93.0,85.0,62.0,68,45.0,96.0,63.0,97.0,82.0,,83.0,84.0,79.0,
"Lazar, Max",676661,2025,,,,,,,,,41,,,,,,,,52.0,92.0,36.0
"Booser, Cam",592155,2025,,,,,,,,,61,,,,,,,,69.0,15.0,
"Buehler, Walker",621111,2025,6.0,13.0,17.0,25.0,3.0,18.0,28.0,82.0,23,70.0,9.0,15.0,9.0,20.0,,6.0,43.0,27.0,26.0
"Eflin, Zach",621107,2025,26.0,15.0,9.0,12.0,65.0,41.0,30.0,42.0,41,49.0,8.0,98.0,14.0,87.0,,26.0,15.0,12.0,37.0
"Tolle, Payton",801139,2025,,,,,,,,,46,,,,,,,,86.0,67.0,
"Selby, Colin",681882,2025,,,,,,,,,34,,,,,,,,71.0,32.0,85.0
"Gibaut, Ian",664139,2025,,,,,,,,,82,,,,,,,,44.0,14.0,
"Funderburk, Kody",681892,2025,,,,,,,,,16,,,,,,,,32.0,63.0,
"McGough, Scott",543518,2025,,,,,,,,,75,,,,,,,,20.0,76.0,
"Jansen, Kenley",445276,2025,61.0,81.0,28.0,9.0,84.0,67.0,41.0,3.0,1,17.0,63.0,46.0,54.0,51.0,,61.0,30.0,66.0,
"Priester, Quinn",682990,2025,66.0,54.0,68.0,77.0,61.0,25.0,66.0,57.0,19,59.0,32.0,55.0,44.0,29.0,,66.0,43.0,6.0,66.0
"Smith, Dylan",681916,2025,,,,,,,,,89,,,,,,,,53.0,91.0,
"Guenther, Sean",674944,2025,,,,,,,,,52,,,,,,,,5.0,6.0,
"McCullers Jr., Lance",621121,2025,8.0,46.0,27.0,22.0,1.0,48.0,7.0,16.0,56,1.0,47.0,1.0,50.0,1.0,,8.0,12.0,38.0,94.0
"Ashby, Aaron",676879,2025,86.0,76.0,96.0,99.0,63.0,99.0,99.0,50.0,18,54.0,84.0,34.0,63.0,18.0,,86.0,91.0,18.0,74.0
"Holderman, Colin",670059,2025,,,,,,,,,63,,,,,,,,90.0,43.0,
"Muñoz, Andrés",662253,2025,93.0,95.0,98.0,96.0,69.0,89.0,79.0,94.0,76,55.0,96.0,11.0,98.0,82.0,,93.0,96.0,31.0,
"Nola, Aaron",605400,2025,41.0,38.0,34.0,36.0,57.0,36.0,36.0,45.0,69,25.0,59.0,69.0,51.0,93.0,,41.0,12.0,50.0,59.0
"Castillo, Luis F.",622379,2025,,,,,,,,,78,,,,,,,,15.0,8.0,
"Soroka, Michael",647336,2025,72.0,84.0,79.0,70.0,64.0,59.0,76.0,50.0,45,51.0,70.0,55.0,36.0,20.0,,72.0,37.0,94.0,
"Alcala, Jorge",660896,2025,26.0,54.0,27.0,18.0,26.0,51.0,10.0,62.0,40,71.0,58.0,7.0,53.0,34.0,,26.0,89.0,85.0,56.0
"Dunning, Dane",641540,2025,,,,,,,,,23,,,,,,,,5.0,13.0,
"Martin, Chris",455119,2025,,,,,,,,,48,,,,,,,,53.0,31.0,
"Ruiz, José",614179,2025,,,,,,,,,65,,,,,,,,69.0,47.0,4.0
"Martinez, Nick",607259,2025,45.0,22.0,40.0,58.0,54.0,21.0,74.0,75.0,52,90.0,11.0,84.0,11.0,8.0,,45.0,23.0,55.0,54.0
"Teng, Kai-Wei",678906,2025,,,,,,,,,73,,,,,,,,29.0,92.0,72.0
"Simpson, Josh",681006,2025,,,,,,,,,19,,,,,,,,46.0,48.0,48.0
"Little, Brendon",663893,2025,79.0,95.0,98.0,97.0,25.0,85.0,80.0,38.0,40,7.0,92.0,1.0,100.0,72.0,,79.0,33.0,5.0,1.0
"Lopez, Jacob",682052,2025,68.0,82.0,68.0,52.0,64.0,59.0,78.0,94.0,58,94.0,85.0,28.0,73.0,48.0,,68.0,8.0,14.0,
"Cease, Dylan",656302,2025,74.0,81.0,74.0,66.0,68.0,20.0,45.0,60.0,34,72.0,89.0,20.0,95.0,80.0,,74.0,88.0,96.0,75.0
"Klein, Will",694361,2025,,,,,,,,,80,,,,,,,,94.0,30.0,15.0
"Heaney, Andrew",571760,2025,5.0,4.0,5.0,11.0,6.0,14.0,19.0,26.0,9,23.0,7.0,61.0,11.0,57.0,,5.0,4.0,74.0,57.0
"Assad, Javier",665871,2025,,,,,,,,,56,,,,,,,,18.0,1.0,
"Sandlin, Nick",680704,2025,,,,,,,,,53,,,,,,,,12.0,62.0,
"Akin, Keegan",669211,2025,19.0,52.0,22.0,13.0,18.0,55.0,24.0,45.0,61,40.0,45.0,5.0,52.0,72.0,,19.0,39.0,74.0,
"Orze, Eric",679358,2025,,,,,,,,,48,,,,,,,,43.0,41.0,
"Webb, Jacob",657097,2025,83.0,78.0,71.0,64.0,84.0,81.0,85.0,95.0,14,89.0,43.0,67.0,69.0,74.0,,83.0,33.0,90.0,
"Liberatore, Matthew",669461,2025,15.0,9.0,12.0,18.0,33.0,3.0,14.0,14.0,17,45.0,22.0,82.0,13.0,65.0,,15.0,43.0,11.0,92.0
"Curvelo, Luis",681168,2025,,,,,,,,,67,,,,,,,,77.0,75.0,
"Rodriguez, Carlos",692230,2025,,,,,,,,,70,,,,,,,,43.0,38.0,
"Palmquist, Carson",687223,2025,,,,,,,,,60,,,,,,,,7.0,19.0,
"Sabrowski, Erik",681870,2025,,,,,,,,,69,,,,,,,,43.0,99.0,70.0
"Santillan, Tony",663574,2025,32.0,42.0,45.0,51.0,23.0,59.0,49.0,2.0,18,12.0,68.0,22.0,63.0,14.0,,32.0,82.0,68.0,
"Anderson, Tyler",542881,2025,12.0,26.0,8.0,4.0,24.0,7.0,10.0,80.0,6,80.0,13.0,25.0,49.0,68.0,,12.0,2.0,23.0,
"Santana, Dennis",642701,2025,72.0,78.0,47.0,22.0,88.0,46.0,16.0,60.0,34,73.0,47.0,79.0,66.0,96.0,,72.0,56.0,84.0,
"Lord, Brad",695418,2025,17.0,11.0,24.0,42.0,21.0,33.0,69.0,69.0,11,38.0,28.0,51.0,18.0,16.0,,17.0,53.0,54.0,
"Saalfrank, Andrew",685314,2025,,,,,,,,,68,,,,,,,,3.0,57.0,7.0
"Eisert, Brandon",685126,2025,42.0,52.0,33.0,27.0,47.0,48.0,30.0,84.0,48,77.0,61.0,44.0,91.0,80.0,,42.0,3.0,6.0,
"Fernandez, Ryan",681676,2025,,,,,,,,,56,,,,,,,,64.0,29.0,
"Backhus, Kyle",679775,2025,,,,,,,,,74,,,,,,,,9.0,42.0,
"Martin, Davis",663436,2025,11.0,9.0,11.0,17.0,12.0,12.0,24.0,11.0,15,17.0,13.0,48.0,20.0,43.0,,11.0,39.0,80.0,79.0
"Chapman, Aroldis",547973,2025,100.0,99.0,99.0,94.0,99.0,95.0,89.0,62.0,78,80.0,99.0,74.0,97.0,96.0,,100.0,98.0,87.0,
"Seymour, Carson",693313,2025,,,,,,,,,18,,,,,,,,82.0,46.0,
"Strowd, Kade",669704,2025,,,,,,,,,52,,,,,,,,77.0,54.0,92.0
"Thompson, Mason",666168,2025,,,,,,,,,39,,,,,,,,60.0,26.0,
"Wicks, Jordan",696136,2025,,,,,,,,,65,,,,,,,,47.0,54.0,
"Garcia, Rico",670329,2025,,,,,,,,,48,,,,,,,,69.0,92.0,55.0
"Holmes, Grant",656550,2025,24.0,49.0,37.0,32.0,16.0,28.0,20.0,29.0,10,37.0,69.0,11.0,80.0,55.0,,24.0,52.0,61.0,88.0
"Kriske, Brooks",621139,2025,,,,,,,,,62,,,,,,,,33.0,47.0,
"Hatch, Thomas",641672,2025,,,,,,,,,8,,,,,,,,32.0,88.0,
"Burnes, Corbin",669203,2025,53.0,68.0,60.0,53.0,50.0,67.0,53.0,44.0,28,41.0,58.0,20.0,53.0,86.0,,53.0,71.0,92.0,82.0
"Seymour, Ian",693855,2025,52.0,54.0,61.0,66.0,54.0,81.0,69.0,65.0,71,70.0,78.0,51.0,63.0,23.0,,52.0,12.0,25.0,
"Roupp, Landen",694738,2025,37.0,35.0,42.0,49.0,31.0,32.0,41.0,73.0,10,82.0,41.0,25.0,51.0,55.0,,37.0,26.0,10.0,95.0
"Seabold, Connor",657756,2025,,,,,,,,,76,,,,,,,,21.0,22.0,
"Lee, Dylan",669276,2025,91.0,89.0,64.0,32.0,98.0,51.0,19.0,87.0,34,93.0,87.0,92.0,95.0,82.0,,91.0,46.0,70.0,
"Gray, Jon",592351,2025,,,,,,,,,12,,,,,,,,58.0,4.0,
"Severino, Luis",622663,2025,21.0,14.0,36.0,63.0,14.0,28.0,83.0,75.0,40,37.0,14.0,67.0,6.0,25.0,,21.0,76.0,31.0,
"Suter, Brent",608718,2025,42.0,30.0,28.0,31.0,61.0,55.0,60.0,99.0,53,96.0,18.0,82.0,18.0,18.0,,42.0,1.0,32.0,
"Adam, Jason",592094,2025,94.0,95.0,95.0,91.0,85.0,76.0,72.0,62.0,65,69.0,74.0,28.0,94.0,87.0,,94.0,53.0,98.0,
"Pearson, Nate",663878,2025,,,,,,,,,52,,,,,,,,93.0,51.0,
"Strahm, Matt",621381,2025,94.0,94.0,89.0,77.0,93.0,95.0,95.0,45.0,41,67.0,81.0,53.0,37.0,93.0,,94.0,20.0,93.0,
"Whitlock, Garrett",676477,2025,93.0,91.0,94.0,92.0,86.0,62.0,44.0,69.0,1,82.0,93.0,44.0,93.0,97.0,,93.0,75.0,26.0,
"Turnbull, Spencer",605513,2025,,,,,,,,,80,,,,,,,,10.0,88.0,
"Santos, Gregory",666619,2025,,,,,,,,,84,,,,,,,,89.0,77.0,
"Gausman, Kevin",592332,2025,61.0,52.0,43.0,39.0,75.0,9.0,47.0,47.0,5,43.0,63.0,76.0,59.0,85.0,,61.0,52.0,42.0,
"Aldegheri, Sam",691951,2025,,,,,,,,,76,,,,,,,,13.0,69.0,
"Petty, Chase",695534,2025,,,,,,,,,32,,,,,,,,76.0,37.0,
"Burns, Chase",695505,2025,,,,,,,,,61,,,,,,,,97.0,98.0,
"Dobbins, Hunter",690928,2025,51.0,46.0,36.0,32.0,67.0,72.0,75.0,47.0,53,40.0,14.0,74.0,22.0,43.0,,51.0,69.0,72.0,34.0
"Harrington, Thomas",802419,2025,,,,,,,,,48,,,,,,,,16.0,8.0,
"King, Michael",650633,2025,35.0,60.0,28.0,16.0,55.0,41.0,7.0,84.0,32,68.0,66.0,41.0,54.0,36.0,,35.0,29.0,62.0,
"Sasaki, Roki",808963,2025,,,,,,,,,32,,,,,,,,79.0,8.0,
"Bowden, Ben",641386,2025,,,,,,,,,87,,,,,,,,33.0,83.0,
"Pérez, Martín",527048,2025,7.0,33.0,5.0,1.0,24.0,39.0,1.0,78.0,38,59.0,26.0,22.0,17.0,11.0,,7.0,3.0,4.0,29.0
"Veneziano, Anthony",685107,2025,,,,,,,,,21,,,,,,,,37.0,56.0,
"Horton, Cade",690990,2025,53.0,56.0,43.0,38.0,67.0,25.0,21.0,38.0,6,45.0,33.0,69.0,54.0,65.0,,53.0,72.0,91.0,51.0
"Moreta, Dauri",664294,2025,,,,,,,,,89,,,,,,,,53.0,58.0,
"Pressly, Ryan",519151,2025,,,,,,,,,11,,,,,,,,33.0,95.0,99.0
"Thielbar, Caleb",573204,2025,98.0,91.0,93.0,86.0,98.0,85.0,78.0,82.0,25,97.0,73.0,85.0,62.0,88.0,,98.0,26.0,65.0,57.0
"Lorenzen, Michael",547179,2025,21.0,18.0,17.0,20.0,45.0,18.0,43.0,47.0,3,61.0,37.0,76.0,33.0,48.0,,21.0,35.0,46.0,44.0
"Daniel, Davis",669721,2025,,,,,,,,,75,,,,,,,,4.0,12.0,
"Ferguson, Tyler",621053,2025,61.0,84.0,85.0,78.0,22.0,85.0,79.0,89.0,38,97.0,45.0,1.0,55.0,43.0,,61.0,53.0,43.0,
"Sale, Chris",519242,2025,92.0,86.0,93.0,90.0,89.0,48.0,81.0,92.0,4,86.0,95.0,79.0,83.0,89.0,,92.0,58.0,40.0,
"Yamamoto, Yoshinobu",808967,2025,95.0,92.0,96.0,93.0,89.0,39.0,87.0,75.0,3,57.0,89.0,38.0,76.0,66.0,,95.0,66.0,29.0,77.0
"Smith, Shane",681343,2025,49.0,64.0,63.0,57.0,39.0,34.0,76.0,22.0,5,13.0,57.0,26.0,70.0,14.0,,49.0,72.0,38.0,8.0
"Molina, Anthony",683627,2025,,,,,,,,,7,,,,,,,,71.0,17.0,8.0
"Ginkel, Kevin",656464,2025,,,,,,,,,6,,,,,,,,60.0,81.0,
"Gilbert, Logan",669302,2025,86.0,85.0,70.0,49.0,94.0,33.0,45.0,10.0,36,40.0,94.0,86.0,93.0,76.0,,86.0,67.0,12.0,6.0
"Thornton, Trent",663423,2025,,,,,,,,,52,,,,,,,,50.0,88.0,97.0
"Harris, Hogan",663687,2025,56.0,49.0,78.0,91.0,16.0,85.0,88.0,80.0,46,96.0,57.0,7.0,29.0,7.0,,56.0,35.0,54.0,61.0
"Bieber, Shane",669456,2025,,,,,,,,,40,,,,,,,,23.0,83.0,45.0
"VanWey, Logan",701121,2025,,,,,,,,,94,,,,,,,,24.0,46.0,
"Davis, Noah",663562,2025,,,,,,,,,50,,,,,,,,52.0,32.0,
"Skubal, Tarik",669373,2025,95.0,85.0,84.0,72.0,98.0,18.0,53.0,97.0,19,95.0,94.0,97.0,92.0,97.0,,95.0,91.0,56.0,40.0
"Carrasco, Carlos",471911,2025,7.0,5.0,11.0,22.0,9.0,55.0,14.0,11.0,64,27.0,7.0,48.0,26.0,10.0,,7.0,9.0,11.0,49.0
"Reynolds, Sean",669308,2025,,,,,,,,,60,,,,,,,,77.0,87.0,
"Varland, Louis",686973,2025,47.0,30.0,53.0,66.0,49.0,51.0,36.0,26.0,34,23.0,71.0,63.0,65.0,86.0,,47.0,95.0,19.0,23.0
"Finnegan, Kyle",640448,2025,84.0,70.0,87.0,92.0,73.0,76.0,60.0,19.0,56,27.0,59.0,51.0,44.0,40.0,,84.0,82.0,36.0,
"Parker, Mitchell",680730,2025,2.0,1.0,3.0,10.0,4.0,2.0,26.0,1.0,10,1.0,3.0,48.0,10.0,59.0,,2.0,28.0,20.0,11.0
"Peralta, Sammy",671111,2025,,,,,,,,,56,,,,,,,,2.0,24.0,
"González, Wikelman",682790,2025,,,,,,,,,88,,,,,,,,63.0,82.0,
"Helsley, Ryan",664854,2025,49.0,46.0,53.0,58.0,38.0,76.0,64.0,7.0,47,40.0,69.0,19.0,79.0,79.0,,49.0,99.0,96.0,42.0
"Baker, Bryan",641329,2025,47.0,60.0,19.0,7.0,84.0,43.0,1.0,14.0,61,3.0,91.0,82.0,77.0,72.0,,47.0,86.0,50.0,
"Tong, Jonah",804636,2025,,,,,,,,,28,,,,,,,,64.0,44.0,
"Pfaadt, Brandon",694297,2025,9.0,4.0,5.0,10.0,23.0,1.0,10.0,10.0,14,11.0,24.0,95.0,23.0,74.0,,9.0,33.0,92.0,69.0
"Phillips, Connor",683175,2025,,,,,,,,,72,,,,,,,,96.0,97.0,
"Stratton, Hunter",676702,2025,,,,,,,,,77,,,,,,,,77.0,93.0,
"Faucher, Calvin",676534,2025,31.0,16.0,59.0,84.0,11.0,93.0,93.0,85.0,28,91.0,54.0,26.0,36.0,6.0,,31.0,76.0,80.0,94.0
"Williams, Trevor",592866,2025,22.0,7.0,24.0,53.0,35.0,39.0,49.0,33.0,7,48.0,13.0,89.0,11.0,28.0,,22.0,1.0,22.0,
"Lodolo, Nick",666157,2025,72.0,68.0,58.0,49.0,83.0,21.0,53.0,62.0,12,50.0,62.0,95.0,68.0,91.0,,72.0,41.0,52.0,50.0
"García, Luis",472610,2025,26.0,18.0,32.0,55.0,7.0,76.0,62.0,10.0,29,3.0,34.0,10.0,41.0,47.0,,26.0,87.0,26.0,
"Smith-Shawver, AJ",700363,2025,,,,,,,,,6,,,,,,,,71.0,11.0,13.0
"Brogdon, Connor",641401,2025,,,,,,,,,38,,,,,,,,69.0,51.0,
"McGee, Easton",668834,2025,,,,,,,,,82,,,,,,,,32.0,84.0,17.0
"Englert, Mason",669438,2025,,,,,,,,,21,,,,,,,,33.0,47.0,79.0
"Cavalli, Cade",676917,2025,39.0,20.0,56.0,76.0,31.0,95.0,95.0,85.0,70,38.0,18.0,71.0,72.0,95.0,,39.0,88.0,53.0,16.0
"Payamps, Joel",606303,2025,,,,,,,,,41,,,,,,,,56.0,85.0,
"Giolito, Lucas",608337,2025,12.0,16.0,13.0,13.0,18.0,17.0,39.0,22.0,23,45.0,28.0,30.0,28.0,30.0,,12.0,32.0,33.0,33.0
"Fedde, Erick",607200,2025,6.0,7.0,14.0,22.0,3.0,20.0,58.0,26.0,30,31.0,1.0,13.0,3.0,10.0,,6.0,30.0,3.0,
"Bubic, Kris",663460,2025,84.0,74.0,88.0,92.0,75.0,45.0,78.0,87.0,18,60.0,63.0,44.0,76.0,89.0,,84.0,18.0,78.0,
"Alvarado, Elvis",665660,2025,,,,,,,,,48,,,,,,,,97.0,89.0,
"Rainey, Tanner",663432,2025,,,,,,,,,54,,,,,,,,66.0,80.0,
"Scott, Tayler",605463,2025,,,,,,,,,26,,,,,,,,15.0,9.0,
"Castillo, José",620454,2025,,,,,,,,,48,,,,,,,,29.0,5.0,
"Lara, Andry",691251,2025,,,,,,,,,70,,,,,,,,49.0,11.0,
"Strickland, Hunter",519326,2025,,,,,,,,,62,,,,,,,,33.0,35.0,
"Sproat, Brandon",687075,2025,,,,,,,,,53,,,,,,,,77.0,2.0,
"Festa, David",701581,2025,15.0,44.0,12.0,6.0,38.0,51.0,4.0,19.0,28,50.0,54.0,43.0,67.0,68.0,,15.0,46.0,76.0,
"Javier, Cristian",664299,2025,,,,,,,,,35,,,,,,,,26.0,65.0,95.0
"Kelly, Zack",677161,2025,,,,,,,,,82,,,,,,,,79.0,17.0,
"Loáisiga, Jonathan",642528,2025,,,,,,,,,8,,,,,,,,86.0,41.0,55.0
"Brieske, Beau",689225,2025,,,,,,,,,68,,,,,,,,72.0,94.0,
"Rodríguez, Yariel",684320,2025,38.0,68.0,60.0,53.0,20.0,51.0,30.0,95.0,74,83.0,46.0,8.0,68.0,32.0,,38.0,72.0,87.0,
"Matsui, Yuki",673513,2025,43.0,65.0,51.0,38.0,33.0,59.0,39.0,69.0,22,75.0,48.0,5.0,84.0,63.0,,43.0,16.0,86.0,
"Pilkington, Konnor",663455,2025,,,,,,,,,62,,,,,,,,52.0,70.0,
"Rodriguez, Eduardo",593958,2025,25.0,20.0,25.0,35.0,30.0,15.0,52.0,78.0,25,87.0,34.0,38.0,29.0,61.0,,25.0,15.0,54.0,17.0
"Morejon, Adrian",670970,2025,97.0,73.0,95.0,99.0,89.0,93.0,97.0,98.0,51,99.0,64.0,85.0,37.0,88.0,,97.0,93.0,84.0,
"Garcia, Brandyn",805299,2025,,,,,,,,,72,,,,,,,,87.0,38.0,
"Burke, Sean",680732,2025,13.0,38.0,15.0,9.0,18.0,14.0,17.0,42.0,30,30.0,47.0,15.0,50.0,32.0,,13.0,50.0,96.0,47.0
"Abner, Philip",691769,2025,,,,,,,,,95,,,,,,,,7.0,78.0,
"Holman, Grant",680880,2025,,,,,,,,,26,,,,,,,,53.0,2.0,
"Hodge, Porter",687863,2025,,,,,,,,,82,,,,,,,,77.0,74.0,
"Bautista, Félix",642585,2025,,,,,,,,,63,,,,,,,,89.0,78.0,
"Morales, Luis",806960,2025,,,,,,,,,22,,,,,,,,90.0,95.0,
"Montgomery, Mason",682254,2025,22.0,44.0,48.0,53.0,8.0,81.0,32.0,47.0,35,63.0,90.0,3.0,97.0,83.0,,22.0,97.0,58.0,
"Enright, Nic",663671,2025,,,,,,,,,60,,,,,,,,30.0,94.0,
"Sands, Cole",663485,2025,53.0,57.0,45.0,39.0,68.0,45.0,21.0,45.0,30,43.0,41.0,76.0,24.0,40.0,,53.0,58.0,63.0,91.0
"Hader, Josh",623352,2025,100.0,100.0,100.0,85.0,100.0,89.0,53.0,80.0,77,91.0,99.0,53.0,99.0,99.0,,100.0,69.0,61.0,
"Kerkering, Orion",689147,2025,66.0,65.0,78.0,82.0,38.0,81.0,79.0,98.0,21,93.0,63.0,18.0,36.0,13.0,,66.0,88.0,73.0,
"Pagán, Emilio",641941,2025,91.0,99.0,82.0,45.0,97.0,62.0,36.0,60.0,63,78.0,89.0,46.0,78.0,90.0,,91.0,75.0,99.0,
"Meyer, Max",676974,2025,16.0,16.0,16.0,20.0,36.0,51.0,35.0,1.0,36,4.0,59.0,68.0,67.0,40.0,,16.0,56.0,93.0,
"Ragans, Cole",666142,2025,96.0,97.0,92.0,75.0,96.0,72.0,28.0,73.0,3,59.0,100.0,53.0,95.0,68.0,,96.0,66.0,97.0,32.0
"Nikhazy, Doug",680951,2025,,,,,,,,,70,,,,,,,,5.0,3.0,
"Miller, Mason",695243,2025,97.0,100.0,99.0,86.0,93.0,85.0,21.0,82.0,85,71.0,100.0,6.0,100.0,98.0,,97.0,100.0,97.0,
"Canning, Griffin",656288,2025,18.0,27.0,24.0,25.0,21.0,45.0,30.0,5.0,22,11.0,41.0,16.0,52.0,30.0,,18.0,46.0,17.0,40.0
"Brash, Matt",666374,2025,,,,,,,,,61,,,,,,,,82.0,40.0,
"Saucedo, Tayler",642048,2025,,,,,,,,,77,,,,,,,,9.0,47.0,
"Shuster, Jared",694363,2025,,,,,,,,,60,,,,,,,,22.0,21.0,
"Peguero, Elvis",665625,2025,,,,,,,,,78,,,,,,,,64.0,1.0,
"Kittredge, Andrew",552640,2025,94.0,83.0,79.0,70.0,97.0,89.0,75.0,11.0,35,19.0,92.0,92.0,82.0,100.0,,94.0,63.0,63.0,
"McKenzie, Triston",663474,2025,,,,,,,,,60,,,,,,,,39.0,68.0,
"McDonald, Trevor",686790,2025,,,,,,,,,74,,,,,,,,28.0,42.0,
"Nicolas, Kyle",693312,2025,,,,,,,,,71,,,,,,,,93.0,71.0,70.0
"Mahle, Tyler",641816,2025,37.0,26.0,38.0,51.0,43.0,46.0,57.0,69.0,51,77.0,23.0,41.0,32.0,43.0,,37.0,16.0,65.0,
"Suarez, Ranger",624133,2025,84.0,70.0,79.0,82.0,85.0,36.0,89.0,95.0,41,98.0,55.0,86.0,24.0,78.0,,84.0,7.0,2.0,4.0
"Burrows, Mike",681347,2025,32.0,36.0,28.0,28.0,47.0,32.0,13.0,50.0,32,36.0,60.0,55.0,63.0,38.0,,32.0,69.0,50.0,87.0
"Gordon, Tanner",685299,2025,3.0,1.0,1.0,2.0,14.0,32.0,7.0,29.0,36,45.0,19.0,93.0,3.0,34.0,,3.0,20.0,40.0,
"Murfee, Penn",682171,2025,,,,,,,,,71,,,,,,,,1.0,39.0,
"Wolfram, Grant",664991,2025,,,,,,,,,67,,,,,,,,76.0,50.0,28.0
"Alvarado, José",621237,2025,,,,,,,,,52,,,,,,,,98.0,8.0,
"Beeter, Clayton",690925,2025,,,,,,,,,81,,,,,,,,84.0,88.0,
"Hudson, Bryan",663542,2025,,,,,,,,,65,,,,,,,,6.0,27.0,
"Ohtani, Shohei",660271,2025,,,,,,,,,21,,,,,,,,95.0,83.0,65.0
"Bird, Jake",656234,2025,56.0,57.0,66.0,72.0,33.0,72.0,49.0,69.0,61,27.0,78.0,19.0,72.0,54.0,,56.0,50.0,15.0,88.0
"Garrett, Reed",657585,2025,72.0,65.0,85.0,91.0,45.0,95.0,93.0,80.0,48,47.0,79.0,13.0,86.0,86.0,,72.0,88.0,53.0,
"Domínguez, Seranthony",622554,2025,82.0,93.0,97.0,96.0,43.0,85.0,74.0,89.0,17,79.0,91.0,1.0,94.0,41.0,,82.0,94.0,68.0,34.0
"Detmers, Reid",672282,2025,69.0,63.0,73.0,78.0,51.0,72.0,52.0,29.0,1,29.0,90.0,26.0,93.0,95.0,,69.0,75.0,19.0,37.0
"Strider, Spencer",675911,2025,14.0,26.0,16.0,13.0,18.0,20.0,14.0,5.0,19,30.0,62.0,25.0,86.0,57.0,,14.0,69.0,54.0,67.0
"Robertson, David",502085,2025,,,,,,,,,28,,,,,,,,,,70.0
"Sulser, Cole",642121,2025,,,,,,,,,28,,,,,,,,27.0,70.0,
"Snell, Blake",605483,2025,82.0,73.0,92.0,96.0,58.0,89.0,86.0,96.0,26,92.0,85.0,18.0,96.0,95.0,,82.0,63.0,89.0,42.0
"Matthews, Zebby",805673,2025,19.0,15.0,19.0,24.0,41.0,39.0,21.0,50.0,26,64.0,68.0,71.0,68.0,74.0,,19.0,80.0,65.0,26.0
"Sisk, Evan",681895,2025,,,,,,,,,82,,,,,,,,5.0,10.0,
"Palencia, Daniel",694037,2025,82.0,72.0,78.0,79.0,76.0,97.0,95.0,29.0,32,2.0,86.0,63.0,68.0,34.0,,82.0,99.0,68.0,
"Brzykcy, Zach",694350,2025,,,,,,,,,56,,,,,,,,56.0,47.0,66.0
"Hill, Jaden",677955,2025,,,,,,,,,13,,,,,,,,86.0,69.0,
"Ellard, Fraser",686642,2025,,,,,,,,,80,,,,,,,,56.0,93.0,
"Wilson, Steven",621051,2025,61.0,56.0,63.0,66.0,50.0,89.0,89.0,42.0,13,82.0,39.0,30.0,48.0,8.0,,61.0,43.0,91.0,
"Gil, Luis",661563,2025,13.0,24.0,32.0,43.0,4.0,67.0,50.0,16.0,12,31.0,11.0,2.0,20.0,1.0,,13.0,66.0,90.0,
"Weissert, Greg",669711,2025,75.0,74.0,67.0,60.0,78.0,62.0,62.0,36.0,8,64.0,33.0,59.0,26.0,23.0,,75.0,44.0,45.0,
"Hollowell, Gavin",668970,2025,,,,,,,,,82,,,,,,,,56.0,100.0,
"Rock, Joe",697812,2025,,,,,,,,,84,,,,,,,,39.0,45.0,
"Lugo, Seth",607625,2025,10.0,23.0,8.0,5.0,21.0,7.0,9.0,11.0,8,14.0,33.0,32.0,15.0,5.0,,10.0,12.0,74.0,99.0
"Povich, Cade",700249,2025,6.0,12.0,5.0,4.0,14.0,20.0,9.0,5.0,44,7.0,61.0,36.0,42.0,28.0,,6.0,18.0,60.0,51.0
"Fluharty, Mason",689254,2025,81.0,86.0,80.0,66.0,63.0,85.0,62.0,95.0,12,95.0,75.0,10.0,91.0,43.0,,81.0,,,
"Hamilton, Ian",641656,2025,,,,,,,,,11,,,,,,,,60.0,28.0,
"Cruz, Fernando",518585,2025,,,,,,,,,29,,,,,,,,35.0,24.0,
"Minter, A.J.",621345,2025,,,,,,,,,71,,,,,,,,52.0,94.0,
"Winckowski, Josh",670174,2025,,,,,,,,,60,,,,,,,,58.0,21.0,
"Pallante, Andre",669467,2025,34.0,20.0,47.0,68.0,24.0,24.0,79.0,50.0,1,55.0,4.0,36.0,25.0,17.0,,34.0,53.0,48.0,81.0
"Altavilla, Dan",656186,2025,,,,,,,,,30,,,,,,,,82.0,57.0,
"Montero, Rafael",606160,2025,70.0,86.0,90.0,85.0,33.0,81.0,72.0,75.0,76,64.0,53.0,1.0,78.0,80.0,,70.0,63.0,75.0,
"Snider, Collin",676092,2025,,,,,,,,,5,,,,,,,,22.0,98.0,
"Young, Danny",664849,2025,,,,,,,,,77,,,,,,,,27.0,72.0,
"Mattson, Isaac",676755,2025,,,,,,,,,41,,,,,,,,43.0,74.0,
"Mazur, Adam",800049,2025,,,,,,,,,75,,,,,,,,53.0,66.0,41.0
"Walter, Brandon",687888,2025,82.0,54.0,57.0,57.0,94.0,81.0,67.0,96.0,45,64.0,64.0,100.0,44.0,94.0,,82.0,14.0,17.0,
"Sugano, Tomoyuki",608372,2025,3.0,3.0,2.0,3.0,14.0,1.0,4.0,33.0,5,56.0,6.0,92.0,7.0,57.0,,3.0,26.0,67.0,69.0
"O'Brien, Riley",676617,2025,,,,,,,,,76,,,,,,,,95.0,24.0,
"Morton, Charlie",450203,2025,19.0,38.0,41.0,47.0,7.0,21.0,45.0,5.0,9,23.0,51.0,11.0,72.0,35.0,,19.0,46.0,50.0,98.0
"Lawrence, Justin",664875,2025,,,,,,,,,70,,,,,,,,62.0,76.0,
"Montas, Frankie",593423,2025,,,,,,,,,44,,,,,,,,67.0,57.0,
"Holmes, Clay",605280,2025,32.0,41.0,53.0,61.0,22.0,25.0,75.0,38.0,20,34.0,18.0,28.0,23.0,63.0,,32.0,39.0,26.0,
"Richards, Trevor",670950,2025,,,,,,,,,86,,,,,,,,12.0,37.0,
"Bernardino, Brennan",657514,2025,78.0,83.0,91.0,90.0,39.0,81.0,66.0,87.0,34,85.0,23.0,6.0,9.0,21.0,,78.0,8.0,22.0,71.0
"Taillon, Jameson",592791,2025,56.0,47.0,29.0,24.0,82.0,27.0,53.0,75.0,3,67.0,22.0,93.0,16.0,55.0,,56.0,20.0,55.0,53.0
"López, Jorge",605347,2025,,,,,,,,,78,,,,,,,,56.0,1.0,33.0
"Hicks, Jordan",663855,2025,21.0,14.0,63.0,89.0,3.0,85.0,93.0,33.0,11,11.0,20.0,18.0,30.0,7.0,,21.0,92.0,2.0,
"Junis, Jakob",596001,2025,45.0,23.0,43.0,61.0,47.0,76.0,82.0,87.0,69,64.0,30.0,74.0,27.0,37.0,,45.0,10.0,14.0,
"Zulueta, Yosver",691172,2025,,,,,,,,,85,,,,,,,,79.0,4.0,
"Matz, Steven",571927,2025,78.0,60.0,45.0,36.0,93.0,62.0,81.0,73.0,58,50.0,23.0,99.0,8.0,68.0,,78.0,52.0,38.0,13.0
"Ferrer, Jose A.",678606,2025,71.0,27.0,78.0,95.0,55.0,81.0,93.0,54.0,38,35.0,45.0,95.0,48.0,51.0,,71.0,94.0,13.0,
"Ross, Joe",605452,2025,1.0,3.0,2.0,4.0,5.0,46.0,3.0,47.0,56,24.0,12.0,51.0,26.0,23.0,,1.0,50.0,27.0,
"Scholtens, Jesse",669947,2025,,,,,,,,,64,,,,,,,,66.0,29.0,
"Blalock, Bradley",687134,2025,1.0,1.0,1.0,1.0,1.0,34.0,3.0,4.0,23,10.0,1.0,41.0,1.0,3.0,,1.0,53.0,10.0,41.0
"Hill, Tim",657612,2025,77.0,47.0,61.0,68.0,79.0,55.0,58.0,33.0,19,14.0,2.0,85.0,2.0,96.0,,77.0,2.0,7.0,
"Olson, Reese",681857,2025,43.0,42.0,57.0,65.0,30.0,67.0,64.0,3.0,36,16.0,51.0,36.0,80.0,76.0,,43.0,50.0,34.0,31.0
"Bowlan, Jonathan",680742,2025,,,,,,,,,43,,,,,,,,72.0,55.0,24.0
"Weems, Jordan",607179,2025,,,,,,,,,47,,,,,,,,72.0,18.0,
"Senga, Kodai",673540,2025,51.0,72.0,66.0,64.0,35.0,36.0,57.0,60.0,15,49.0,49.0,8.0,67.0,51.0,,51.0,39.0,69.0,
"deGrom, Jacob",594798,2025,79.0,74.0,57.0,38.0,91.0,14.0,35.0,29.0,39,37.0,83.0,89.0,84.0,89.0,,79.0,92.0,95.0,78.0
"Tarnok, Freddy",676206,2025,,,,,,,,,85,,,,,,,,63.0,81.0,
"Sims, Lucas",608371,2025,,,,,,,,,65,,,,,,,,60.0,94.0,
"Alexander, Scott",518397,2025,,,,,,,,,55,,,,,,,,11.0,26.0,
"Scott, Tanner",656945,2025,38.0,36.0,33.0,35.0,49.0,67.0,39.0,10.0,74,34.0,71.0,65.0,79.0,99.0,,38.0,84.0,97.0,
"Svanson, Matt",694335,2025,86.0,91.0,88.0,74.0,83.0,76.0,47.0,54.0,21,83.0,88.0,40.0,30.0,2.0,,86.0,86.0,43.0,
"Manaea, Sean",640455,2025,47.0,49.0,30.0,25.0,69.0,62.0,41.0,36.0,12,31.0,86.0,96.0,62.0,79.0,,47.0,14.0,6.0,
"Beeks, Jalen",656222,2025,53.0,57.0,51.0,47.0,54.0,55.0,16.0,69.0,46,58.0,32.0,36.0,70.0,16.0,,53.0,50.0,18.0,
"Wells, Tyler",669330,2025,,,,,,,,,82,,,,,,,,26.0,77.0,
"Rutledge, Jackson",671131,2025,17.0,24.0,18.0,17.0,28.0,41.0,23.0,7.0,56,1.0,28.0,59.0,51.0,41.0,,17.0,67.0,57.0,
"Ort, Kaleb",672391,2025,,,,,,,,,22,,,,,,,,83.0,88.0,
"Winn, Cole",668390,2025,,,,,,,,,55,,,,,,,,75.0,78.0,
"Poche, Colin",621363,2025,,,,,,,,,66,,,,,,,,18.0,34.0,
"Mantiply, Joe",573009,2025,,,,,,,,,56,,,,,,,,2.0,30.0,37.0
"Walker, Ryan",676254,2025,56.0,30.0,69.0,89.0,30.0,89.0,91.0,93.0,39,86.0,49.0,71.0,20.0,22.0,,56.0,77.0,73.0,
"Crismatt, Nabil",622503,2025,,,,,,,,,72,,,,,,,,2.0,18.0,11.0
"Bowman, Matt",621199,2025,,,,,,,,,66,,,,,,,,10.0,8.0,
"Kranick, Max",668820,2025,,,,,,,,,20,,,,,,,,71.0,47.0,34.0
"Effross, Scott",664123,2025,,,,,,,,,53,,,,,,,,2.0,30.0,
"La Sorsa, Joe",686747,2025,,,,,,,,,55,,,,,,,,16.0,20.0,
"Estrada, Jeremiah",669093,2025,94.0,98.0,91.0,68.0,94.0,62.0,39.0,29.0,36,61.0,98.0,34.0,96.0,93.0,,94.0,94.0,27.0,
"Stratton, Chris",608717,2025,,,,,,,,,73,,,,,,,,11.0,83.0,96.0
"Uribe, Abner",682842,2025,94.0,88.0,99.0,100.0,72.0,99.0,100.0,96.0,28,88.0,91.0,30.0,91.0,47.0,,94.0,98.0,58.0,
"Barlow, Scott",605130,2025,31.0,68.0,71.0,72.0,3.0,72.0,66.0,96.0,16,99.0,67.0,1.0,87.0,36.0,,31.0,21.0,77.0,60.0
"Winans, Allan",642216,2025,,,,,,,,,62,,,,,,,,4.0,23.0,
"Perkins, Jack",678022,2025,,,,,,,,,71,,,,,,,,77.0,42.0,
"Mejia, Juan",675848,2025,90.0,92.0,97.0,96.0,69.0,93.0,92.0,99.0,6,89.0,76.0,22.0,85.0,76.0,,90.0,85.0,98.0,
"Bender, Anthony",669622,2025,71.0,80.0,71.0,61.0,59.0,85.0,67.0,42.0,14,17.0,34.0,17.0,15.0,7.0,,71.0,85.0,62.0,
"Woodruff, Brandon",605540,2025,99.0,99.0,96.0,80.0,100.0,81.0,69.0,82.0,73,83.0,94.0,91.0,72.0,34.0,,99.0,28.0,59.0,
"Silseth, Chase",681217,2025,,,,,,,,,50,,,,,,,,64.0,72.0,
"Soriano, José",667755,2025,45.0,44.0,70.0,82.0,21.0,24.0,67.0,4.0,10,4.0,37.0,13.0,63.0,33.0,,45.0,90.0,2.0,37.0
"Miller, Bobby",676272,2025,,,,,,,,,85,,,,,,,,91.0,33.0,
"Romano, Jordan",605447,2025,,,,,,,,,5,,,,,,,,69.0,45.0,
"Leiter Jr., Mark",643410,2025,61.0,57.0,72.0,80.0,53.0,93.0,88.0,92.0,56,94.0,66.0,53.0,77.0,36.0,,61.0,39.0,5.0,13.0
"Kershaw, Clayton",477132,2025,60.0,30.0,64.0,80.0,52.0,67.0,96.0,38.0,36,36.0,18.0,59.0,43.0,11.0,,60.0,2.0,57.0,9.0
"Littell, Zack",641793,2025,31.0,24.0,15.0,12.0,71.0,1.0,21.0,26.0,17,46.0,12.0,98.0,14.0,79.0,,31.0,15.0,5.0,
"Cruz, Omar",678316,2025,,,,,,,,,70,,,,,,,,24.0,70.0,
"Borucki, Ryan",621366,2025,,,,,,,,,56,,,,,,,,43.0,46.0,
"Gallen, Zac",668678,2025,35.0,46.0,25.0,18.0,55.0,2.0,24.0,29.0,45,26.0,42.0,46.0,36.0,51.0,,35.0,35.0,57.0,28.0
"Mikolas, Miles",571945,2025,9.0,10.0,3.0,2.0,47.0,1.0,1.0,47.0,22,38.0,4.0,89.0,2.0,17.0,,9.0,24.0,25.0,53.0
"Cruz, Steven",674444,2025,,,,,,,,,21,,,,,,,,96.0,35.0,
"Glasnow, Tyler",607192,2025,80.0,88.0,91.0,87.0,61.0,55.0,58.0,78.0,46,73.0,87.0,7.0,73.0,1.0,,80.0,75.0,95.0,83.0
"Dollander, Chase",801403,2025,11.0,33.0,18.0,14.0,8.0,24.0,6.0,65.0,17,50.0,20.0,11.0,28.0,4.0,,11.0,94.0,85.0,81.0
"Avila, Luinder",679883,2025,,,,,,,,,87,,,,,,,,75.0,86.0,90.0
"Gillispie, Connor",687362,2025,,,,,,,,,12,,,,,,,,11.0,67.0,
"Megill, Trevor",656730,2025,,,,,,,,,39,,,,,,,,99.0,90.0,85.0
"Lovelady, Richard",663992,2025,,,,,,,,,71,,,,,,,,12.0,48.0,
"Burdi, Nick",595897,2025,,,,,,,,,83,,,,,,,,44.0,16.0,
"Sanders, Cam",676742,2025,,,,,,,,,76,,,,,,,,72.0,96.0,
"Zerpa, Angel",672582,2025,47.0,38.0,49.0,57.0,51.0,59.0,50.0,44.0,54,26.0,38.0,48.0,2.0,29.0,,47.0,84.0,6.0,
"Greene, Hunter",668881,2025,88.0,89.0,66.0,36.0,97.0,36.0,26.0,19.0,11,15.0,93.0,82.0,90.0,89.0,,88.0,99.0,87.0,
"Jax, Griffin",643377,2025,82.0,65.0,74.0,78.0,76.0,62.0,32.0,50.0,58,20.0,98.0,63.0,98.0,99.0,,82.0,86.0,90.0,
"Skenes, Paul",694973,2025,97.0,89.0,93.0,88.0,97.0,34.0,86.0,87.0,7,53.0,89.0,87.0,83.0,78.0,,97.0,95.0,42.0,27.0
"Soriano, George",666277,2025,,,,,,,,,28,,,,,,,,72.0,34.0,
"Spence, Mitch",687765,2025,4.0,4.0,3.0,5.0,9.0,26.0,3.0,26.0,32,29.0,14.0,69.0,53.0,83.0,,4.0,23.0,75.0,80.0
"Houck, Tanner",656557,2025,1.0,1.0,5.0,14.0,1.0,76.0,53.0,7.0,43,9.0,6.0,41.0,20.0,57.0,,1.0,52.0,37.0,
"McLean, Nolan",690997,2025,,,,,,,,,40,,,,,,,,63.0,31.0,100.0
"Hoffman, Jeff",656546,2025,61.0,92.0,41.0,10.0,79.0,43.0,1.0,47.0,11,58.0,88.0,26.0,90.0,97.0,,61.0,83.0,96.0,
"Brazobán, Huascar",623211,2025,51.0,70.0,73.0,73.0,33.0,67.0,57.0,93.0,51,90.0,44.0,17.0,38.0,88.0,,51.0,83.0,38.0,
"Gage, Matt",657424,2025,,,,,,,,,26,,,,,,,,23.0,13.0,
"Headrick, Brent",687396,2025,,,,,,,,,54,,,,,,,,44.0,81.0,
"Webb, Logan",657277,2025,70.0,38.0,60.0,72.0,72.0,7.0,50.0,38.0,4,52.0,76.0,91.0,47.0,67.0,,70.0,23.0,3.0,
"Kent, Zak",687849,2025,,,,,,,,,93,,,,,,,,26.0,100.0,86.0
"Crochet, Garrett",676979,2025,91.0,83.0,82.0,73.0,95.0,20.0,66.0,85.0,9,75.0,93.0,87.0,78.0,90.0,,91.0,82.0,87.0,
"Smith, Cade",671922,2025,98.0,91.0,96.0,96.0,94.0,95.0,97.0,50.0,19,78.0,97.0,79.0,95.0,89.0,,98.0,83.0,61.0,
"Scherzer, Max",453286,2025,20.0,41.0,7.0,2.0,68.0,28.0,2.0,75.0,39,68.0,53.0,76.0,35.0,38.0,,20.0,37.0,78.0,71.0
"Gordon, Colton",676467,2025,20.0,14.0,9.0,11.0,55.0,26.0,6.0,57.0,26,49.0,23.0,93.0,3.0,38.0,,20.0,11.0,7.0,57.0
"Basso, Brady",669620,2025,,,,,,,,,76,,,,,,,,24.0,63.0,
"Fernández, Julian",642759,2025,,,,,,,,,76,,,,,,,,91.0,77.0,
"Wesneski, Hayden",669713,2025,,,,,,,,,51,,,,,,,,33.0,33.0,
"Maxwell, Zach",687209,2025,,,,,,,,,92,,,,,,,,99.0,97.0,
"Fulmer, Carson",608334,2025,,,,,,,,,20,,,,,,,,22.0,48.0,
"Long, Sam",669674,2025,,,,,,,,,1,,,,,,,,29.0,49.0,55.0
"Burgos, Juan",686228,2025,,,,,,,,,40,,,,,,,,75.0,81.0,
"Granillo, Andre",701552,2025,,,,,,,,,63,,,,,,,,53.0,49.0,
"Brown, Ben",676962,2025,24.0,26.0,17.0,15.0,51.0,21.0,7.0,1.0,29,6.0,73.0,71.0,73.0,54.0,,24.0,75.0,30.0,12.0
"Henriquez, Ronny",678692,2025,90.0,98.0,80.0,41.0,93.0,48.0,10.0,75.0,38,32.0,94.0,34.0,97.0,98.0,,90.0,85.0,91.0,
"Eder, Jake",671109,2025,,,,,,,,,45,,,,,,,,29.0,4.0,
"Hagenman, Justin",663795,2025,,,,,,,,,64,,,,,,,,28.0,33.0,
"Rangel, Alan",660604,2025,,,,,,,,,66,,,,,,,,26.0,44.0,
"Mlodzinski, Carmen",669387,2025,43.0,18.0,52.0,75.0,43.0,51.0,83.0,26.0,23,53.0,39.0,76.0,29.0,41.0,,43.0,77.0,15.0,60.0
"Kelly, Kevin",687330,2025,,,,,,,,,17,,,,,,,,10.0,19.0,
"Leahy, Kyle",681517,2025,28.0,16.0,34.0,58.0,31.0,36.0,23.0,54.0,11,20.0,45.0,55.0,30.0,49.0,,28.0,67.0,68.0,25.0
"Gomber, Austin",596295,2025,2.0,6.0,1.0,1.0,25.0,27.0,1.0,79.0,7,58.0,1.0,79.0,1.0,5.0,,2.0,3.0,11.0,44.0
"Tidwell, Blade",694918,2025,,,,,,,,,87,,,,,,,,69.0,28.0,
"Ashcraft, Graham",668933,2025,74.0,44.0,88.0,98.0,51.0,93.0,96.0,99.0,35,97.0,49.0,36.0,82.0,100.0,,74.0,,,
"Clarke, Taylor",664199,2025,66.0,51.0,36.0,29.0,87.0,76.0,58.0,47.0,32,47.0,41.0,97.0,32.0,57.0,,66.0,58.0,61.0,
"Pop, Zach",647315,2025,,,,,,,,,1,,,,,,,,83.0,28.0,
"Young, Brandon",687064,2025,35.0,46.0,22.0,15.0,57.0,48.0,19.0,45.0,23,35.0,19.0,38.0,20.0,41.0,,35.0,41.0,29.0,73.0
"Castro, Miguel",612434,2025,,,,,,,,,85,,,,,,,,63.0,38.0,
"Rashi, Taylor",688497,2025,,,,,,,,,45,,,,,,,,5.0,27.0,
"Okert, Steven",595345,2025,97.0,97.0,91.0,70.0,98.0,76.0,72.0,73.0,63,96.0,91.0,69.0,93.0,36.0,,97.0,16.0,32.0,
"Graceffo, Gordon",700669,2025,,,,,,,,,14,,,,,,,,72.0,8.0,66.0
"Alexander, Jason",669920,2025,15.0,11.0,20.0,34.0,16.0,46.0,50.0,36.0,28,10.0,26.0,55.0,44.0,1.0,,15.0,10.0,9.0,
"Baz, Shane",669358,2025,53.0,64.0,59.0,55.0,54.0,11.0,28.0,57.0,21,59.0,67.0,32.0,54.0,62.0,,53.0,88.0,89.0,72.0
"Blubaugh, AJ",805123,2025,,,,,,,,,44,,,,,,,,53.0,73.0,
"Ferguson, Caleb",657571,2025,73.0,54.0,89.0,98.0,39.0,97.0,99.0,99.0,43,100.0,22.0,46.0,18.0,63.0,,73.0,43.0,53.0,
"Bachar, Lake",669199,2025,26.0,65.0,21.0,9.0,43.0,46.0,14.0,22.0,52,43.0,71.0,19.0,84.0,76.0,,26.0,58.0,100.0,
"Wentz, Joey",666214,2025,24.0,22.0,31.0,46.0,20.0,32.0,28.0,16.0,45,29.0,36.0,20.0,34.0,57.0,,24.0,33.0,60.0,46.0
"McFarland, T.J.",519008,2025,,,,,,,,,60,,,,,,,,1.0,1.0,
"Henderson, Logan",701656,2025,,,,,,,,,1,,,,,,,,27.0,66.0,
"Gasser, Robert",688107,2025,,,,,,,,,78,,,,,,,,28.0,16.0,
"Lucchesi, Joey",664192,2025,,,,,,,,,36,,,,,,,,23.0,49.0,5.0
"Allen, Logan",671106,2025,28.0,36.0,31.0,32.0,31.0,11.0,36.0,66.0,3,72.0,17.0,30.0,15.0,4.0,,28.0,7.0,18.0,
"Leiter, Jack",683004,2025,28.0,57.0,28.0,18.0,35.0,8.0,13.0,16.0,41,21.0,53.0,16.0,43.0,12.0,,28.0,88.0,81.0,61.0
"Woods Richardson, Simeon",680573,2025,58.0,81.0,47.0,22.0,69.0,21.0,7.0,26.0,11,41.0,50.0,20.0,41.0,22.0,,58.0,30.0,40.0,53.0
"Sears, JP",676664,2025,37.0,47.0,19.0,11.0,69.0,15.0,30.0,50.0,29,59.0,30.0,82.0,20.0,14.0,,37.0,15.0,4.0,18.0
"Leclerc, José",600917,2025,,,,,,,,,61,,,,,,,,46.0,91.0,
"Houser, Adrian",605288,2025,45.0,24.0,58.0,77.0,36.0,41.0,82.0,26.0,28,5.0,16.0,65.0,4.0,57.0,,45.0,53.0,32.0,2.0
"Williams, Gavin",668909,2025,34.0,63.0,45.0,32.0,28.0,15.0,39.0,19.0,12,19.0,65.0,7.0,70.0,22.0,,34.0,84.0,45.0,30.0
"Sewald, Paul",623149,2025,,,,,,,,,78,,,,,,,,7.0,95.0,
"Rolison, Ryan",669020,2025,,,,,,,,,48,,,,,,,,27.0,62.0,66.0
"Knack, Landon",689017,2025,,,,,,,,,1,,,,,,,,29.0,80.0,88.0
"Ureña, José",570632,2025,1.0,2.0,1.0,1.0,1.0,39.0,1.0,42.0,38,54.0,2.0,26.0,11.0,17.0,,1.0,80.0,20.0,
"Dana, Caden",702674,2025,,,,,,,,,80,,,,,,,,60.0,27.0,
"Wrobleski, Justin",680736,2025,75.0,42.0,74.0,90.0,68.0,95.0,98.0,1.0,40,5.0,80.0,84.0,44.0,43.0,,75.0,71.0,54.0,24.0
"Wacha, Michael",608379,2025,38.0,22.0,31.0,46.0,54.0,15.0,64.0,89.0,21,89.0,14.0,79.0,18.0,47.0,,38.0,29.0,14.0,10.0
"Banks, Tanner",621383,2025,60.0,27.0,32.0,41.0,78.0,62.0,60.0,84.0,41,79.0,51.0,97.0,22.0,30.0,,60.0,22.0,15.0,
"Márquez, Germán",608566,2025,3.0,3.0,4.0,7.0,5.0,5.0,9.0,2.0,36,2.0,3.0,46.0,7.0,23.0,,3.0,53.0,24.0,64.0
"Quantrill, Cal",615698,2025,3.0,5.0,2.0,3.0,12.0,7.0,2.0,19.0,23,19.0,9.0,71.0,13.0,51.0,,3.0,39.0,13.0,43.0
"Beck, Tristan",663941,2025,28.0,18.0,26.0,39.0,38.0,62.0,44.0,29.0,47,68.0,16.0,69.0,28.0,43.0,,28.0,56.0,15.0,19.0
"Gaddis, Hunter",683769,2025,66.0,68.0,61.0,55.0,72.0,55.0,28.0,29.0,23,62.0,78.0,55.0,92.0,91.0,,66.0,56.0,55.0,
"Chandler, Bubba",696149,2025,,,,,,,,,1,,,,,,,,98.0,83.0,
"Joyce, Ben",690829,2025,,,,,,,,,86,,,,,,,,95.0,16.0,
"Bellozo, Valente",678368,2025,9.0,20.0,3.0,1.0,43.0,28.0,5.0,38.0,5,43.0,4.0,74.0,13.0,27.0,,9.0,8.0,16.0,81.0
"Slaten, Justin",686580,2025,,,,,,,,,6,,,,,,,,86.0,89.0,75.0
"Alvarez, Andrew",674841,2025,,,,,,,,,32,,,,,,,,11.0,62.0,71.0
"Melton, Troy",675512,2025,,,,,,,,,74,,,,,,,,86.0,32.0,
"Poulin, PJ",676571,2025,,,,,,,,,85,,,,,,,,8.0,22.0,
"Iglesias, Raisel",628452,2025,85.0,82.0,64.0,46.0,91.0,62.0,45.0,57.0,51,88.0,81.0,76.0,88.0,91.0,,85.0,58.0,67.0,
"Jarvis, Bryce",686826,2025,,,,,,,,,3,,,,,,,,41.0,10.0,
"Latz, Jacob",656641,2025,41.0,38.0,53.0,63.0,26.0,62.0,80.0,33.0,1,31.0,44.0,15.0,78.0,55.0,,41.0,47.0,48.0,64.0
"Weathers, Ryan",677960,2025,,,,,,,,,26,,,,,,,,86.0,71.0,
"Hendriks, Liam",521230,2025,,,,,,,,,63,,,,,,,,60.0,66.0,
"Chafin, Andrew",605177,2025,,,,,,,,,70,,,,,,,,4.0,7.0,
"Yoho, Craig",684974,2025,,,,,,,,,36,,,,,,,,24.0,59.0,
"Waldrep, Hurston",694462,2025,49.0,30.0,74.0,93.0,14.0,97.0,97.0,54.0,18,52.0,59.0,22.0,75.0,8.0,,49.0,76.0,24.0,15.0
"Alcantara, Sandy",645261,2025,20.0,18.0,24.0,31.0,26.0,8.0,45.0,11.0,1,15.0,23.0,55.0,17.0,57.0,,20.0,91.0,56.0,
"Civale, Aaron",650644,2025,42.0,60.0,30.0,21.0,61.0,30.0,23.0,69.0,32,62.0,32.0,59.0,22.0,25.0,,42.0,18.0,68.0,98.0
"Maldonado, Anthony",687424,2025,,,,,,,,,3,,,,,,,,22.0,66.0,
"Swanson, Erik",657024,2025,,,,,,,,,81,,,,,,,,27.0,52.0,
"Miller, Shelby",571946,2025,,,,,,,,,28,,,,,,,,64.0,88.0,
"Arrighetti, Spencer",681293,2025,,,,,,,,,41,,,,,,,,28.0,60.0,84.0
"Quintana, Jose",500779,2025,10.0,12.0,13.0,17.0,11.0,15.0,24.0,65.0,19,40.0,7.0,32.0,7.0,32.0,,10.0,7.0,9.0,5.0
"Johnson, Ryan",696270,2025,,,,,,,,,89,,,,,,,,49.0,22.0,
"Fried, Max",608331,2025,78.0,60.0,76.0,82.0,73.0,18.0,74.0,92.0,22,76.0,57.0,76.0,59.0,38.0,,78.0,58.0,19.0,89.0
"Hancock, Emerson",676106,2025,5.0,2.0,11.0,28.0,3.0,43.0,61.0,57.0,41,32.0,9.0,46.0,14.0,25.0,,5.0,58.0,77.0,
"Hernández, Daysbel",678226,2025,,,,,,,,,26,,,,,,,,94.0,59.0,
"Hoffmann, Andrew",694851,2025,,,,,,,,,75,,,,,,,,52.0,46.0,
"Fermin, José",820862,2025,,,,,,,,,26,,,,,,,,86.0,56.0,
"Brown, Hunter",686613,2025,85.0,78.0,86.0,86.0,80.0,34.0,85.0,97.0,18,97.0,85.0,53.0,71.0,63.0,,85.0,80.0,36.0,52.0
"Rodríguez, Randy",678495,2025,,,,,,,,,28,,,,,,,,91.0,99.0,
"Stewart, Brock",592779,2025,,,,,,,,,25,,,,,,,,80.0,97.0,
"Rasmussen, Drew",656876,2025,73.0,56.0,65.0,72.0,75.0,35.0,81.0,14.0,8,25.0,43.0,79.0,24.0,51.0,,73.0,71.0,89.0,77.0
"Lively, Ben",594902,2025,,,,,,,,,1,,,,,,,,5.0,5.0,2.0
"Lauer, Eric",641778,2025,53.0,49.0,32.0,28.0,75.0,39.0,53.0,14.0,23,37.0,59.0,84.0,36.0,27.0,,53.0,14.0,36.0,22.0
"Verlander, Justin",434378,2025,37.0,27.0,32.0,41.0,43.0,18.0,53.0,66.0,44,78.0,36.0,51.0,48.0,43.0,,37.0,43.0,86.0,76.0
"Whisenhunt, Carson",687931,2025,,,,,,,,,3,,,,,,,,23.0,44.0,
"Kremer, Dean",665152,2025,58.0,52.0,38.0,31.0,76.0,11.0,47.0,79.0,32,85.0,30.0,76.0,28.0,72.0,,58.0,29.0,33.0,78.0
"Ray, Robbie",592662,2025,64.0,76.0,60.0,43.0,65.0,7.0,26.0,7.0,16,16.0,65.0,20.0,71.0,40.0,,64.0,37.0,71.0,6.0
"DeSclafani, Anthony",543101,2025,,,,,,,,,40,,,,,,,,44.0,44.0,18.0
"Henry, Cole",669371,2025,26.0,82.0,70.0,57.0,4.0,81.0,62.0,62.0,54,78.0,43.0,2.0,52.0,1.0,,26.0,52.0,93.0,
"Kinley, Tyler",641755,2025,72.0,74.0,77.0,75.0,52.0,67.0,72.0,93.0,35,100.0,58.0,14.0,89.0,81.0,,72.0,63.0,76.0,75.0
"Garcia, Robert",676395,2025,58.0,57.0,49.0,45.0,64.0,67.0,58.0,66.0,47,91.0,71.0,44.0,75.0,85.0,,58.0,50.0,39.0,
"Peralta, Wandy",593974,2025,47.0,26.0,59.0,77.0,24.0,62.0,74.0,87.0,6,83.0,30.0,22.0,77.0,80.0,,47.0,67.0,12.0,
"Mayza, Tim",641835,2025,,,,,,,,,81,,,,,,,,37.0,11.0,
"Gervase, Paul",801434,2025,,,,,,,,,86,,,,,,,,41.0,25.0,
"Trivino, Lou",642152,2025,12.0,27.0,20.0,20.0,9.0,67.0,26.0,93.0,30,98.0,17.0,36.0,50.0,9.0,,12.0,62.0,6.0,
"Ramírez, Erasmo",541640,2025,,,,,,,,,25,,,,,,,,7.0,29.0,
"Lynch IV, Daniel",663738,2025,24.0,27.0,37.0,48.0,14.0,55.0,57.0,66.0,6,32.0,5.0,32.0,25.0,20.0,,24.0,43.0,21.0,9.0
"Puk, A.J.",640462,2025,,,,,,,,,82,,,,,,,,83.0,52.0,
"Murphy, Chris",669684,2025,,,,,,,,,81,,,,,,,,44.0,63.0,44.0
"Hoglund, Gunnar",680684,2025,,,,,,,,,39,,,,,,,,35.0,82.0,
"Cortes, Nestor",641482,2025,,,,,,,,,12,,,,,,,,5.0,38.0,
"Richardson, Lyon",680689,2025,,,,,,,,,7,,,,,,,,66.0,62.0,46.0
"Stanek, Ryne",592773,2025,26.0,56.0,39.0,32.0,20.0,51.0,10.0,22.0,66,23.0,50.0,4.0,71.0,72.0,,26.0,97.0,69.0,
"Thomas, Connor",671162,2025,,,,,,,,,72,,,,,,,,4.0,39.0,
"Nance, Tommy",667297,2025,,,,,,,,,61,,,,,,,,52.0,71.0,93.0
"Horn, Bailey",690544,2025,,,,,,,,,77,,,,,,,,67.0,71.0,
"Neris, Héctor",593576,2025,,,,,,,,,45,,,,,,,,21.0,75.0,
"Patrick, Chad",694477,2025,53.0,49.0,53.0,55.0,57.0,34.0,53.0,45.0,2,35.0,71.0,48.0,34.0,57.0,,53.0,47.0,42.0,
"Suárez, Albert",544150,2025,,,,,,,,,85,,,,,,,,41.0,77.0,
"Bachman, Sam",696147,2025,,,,,,,,,52,,,,,,,,89.0,59.0,
"Chivilli, Angel",683409,2025,6.0,10.0,9.0,11.0,6.0,46.0,21.0,36.0,18,27.0,5.0,41.0,80.0,65.0,,6.0,88.0,56.0,
"Kirby, George",669923,2025,53.0,33.0,50.0,61.0,64.0,30.0,47.0,14.0,29,21.0,76.0,89.0,61.0,68.0,,53.0,80.0,45.0,20.0
"Hahn, Jesse",534910,2025,,,,,,,,,80,,,,,,,,62.0,66.0,
"Soto, Gregory",642397,2025,56.0,52.0,84.0,93.0,18.0,95.0,97.0,60.0,11,70.0,70.0,38.0,82.0,83.0,,56.0,87.0,55.0,
"Paddack, Chris",663978,2025,13.0,8.0,7.0,7.0,43.0,3.0,19.0,11.0,21,11.0,10.0,89.0,16.0,85.0,,13.0,37.0,34.0,4.0
"Gilbert, Tyler",656457,2025,43.0,74.0,45.0,24.0,39.0,67.0,21.0,33.0,44,48.0,51.0,10.0,57.0,22.0,,43.0,5.0,23.0,
"Boushley, Caleb",676961,2025,,,,,,,,,40,,,,,,,,18.0,54.0,34.0
"Myers, Tobias",668964,2025,31.0,16.0,26.0,42.0,38.0,81.0,76.0,22.0,23,16.0,13.0,71.0,18.0,35.0,,31.0,35.0,48.0,
"Schmidt, Clarke",657376,2025,88.0,93.0,86.0,70.0,87.0,67.0,78.0,79.0,39,86.0,54.0,25.0,59.0,28.0,,88.0,33.0,98.0,97.0
"Fairbanks, Pete",664126,2025,86.0,74.0,86.0,88.0,83.0,93.0,93.0,26.0,74,29.0,61.0,63.0,57.0,57.0,,86.0,90.0,86.0,
"Feltner, Ryan",663372,2025,,,,,,,,,44,,,,,,,,35.0,79.0,
"Miller, Bryce",682243,2025,9.0,8.0,13.0,21.0,9.0,35.0,32.0,1.0,4,2.0,22.0,36.0,42.0,20.0,,9.0,56.0,92.0,21.0
"Jacob, Alek",689690,2025,,,,,,,,,56,,,,,,,,1.0,57.0,
"Allard, Kolby",663465,2025,79.0,47.0,57.0,61.0,82.0,76.0,87.0,78.0,9,83.0,6.0,92.0,10.0,25.0,,79.0,5.0,5.0,1.0
"Núñez, Dedniel",673380,2025,,,,,,,,,44,,,,,,,,80.0,69.0,
"Holton, Tyler",663947,2025,60.0,30.0,37.0,46.0,76.0,48.0,52.0,85.0,38,71.0,33.0,91.0,44.0,76.0,,60.0,13.0,26.0,
"Tonkin, Michael",543859,2025,,,,,,,,,53,,,,,,,,20.0,69.0,
"Tinoco, Jesus",622786,2025,,,,,,,,,58,,,,,,,,64.0,37.0,
"Darvish, Yu",506433,2025,68.0,77.0,53.0,29.0,81.0,51.0,41.0,91.0,12,95.0,54.0,76.0,29.0,17.0,,68.0,37.0,60.0,40.0
"Kahnle, Tommy",592454,2025,25.0,42.0,38.0,39.0,14.0,55.0,35.0,75.0,64,75.0,21.0,8.0,52.0,16.0,,25.0,35.0,25.0,
"Bummer, Aaron",607481,2025,38.0,13.0,67.0,94.0,4.0,99.0,99.0,38.0,7,62.0,43.0,59.0,28.0,61.0,,38.0,9.0,24.0,20.0
"Anderson, Ian",666120,2025,,,,,,,,,7,,,,,,,,39.0,2.0,
"Cox, Austin",680735,2025,,,,,,,,,55,,,,,,,,24.0,14.0,37.0
"Petersen, Michael",656848,2025,,,,,,,,,50,,,,,,,,92.0,58.0,
"McGreevy, Michael",700241,2025,19.0,8.0,15.0,24.0,43.0,33.0,43.0,16.0,10,53.0,3.0,93.0,9.0,16.0,,19.0,21.0,31.0,45.0
"López, Pablo",641154,2025,51.0,33.0,51.0,63.0,55.0,72.0,83.0,65.0,5,86.0,56.0,76.0,55.0,87.0,,51.0,50.0,17.0,57.0
"Messick, Parker",800048,2025,,,,,,,,,32,,,,,,,,21.0,9.0,9.0
"Wilson, Bryse",669060,2025,1.0,1.0,1.0,1.0,1.0,48.0,10.0,5.0,18,13.0,1.0,40.0,3.0,59.0,,1.0,18.0,18.0,29.0
"Bednar, David",670280,2025,92.0,88.0,86.0,75.0,91.0,72.0,39.0,50.0,10,36.0,97.0,59.0,89.0,74.0,,92.0,88.0,87.0,31.0
"Barnett, Mason",686930,2025,,,,,,,,,26,,,,,,,,49.0,45.0,86.0
"Ashcraft, Braxton",677952,2025,75.0,57.0,80.0,90.0,61.0,89.0,94.0,80.0,51,66.0,62.0,44.0,57.0,63.0,,75.0,86.0,83.0,77.0
"Hall, DL",669084,2025,,,,,,,,,64,,,,,,,,49.0,30.0,68.0
"Yates, Kirby",489446,2025,,,,,,,,,29,,,,,,,,26.0,63.0,
"Miller, Erik",669062,2025,,,,,,,,,68,,,,,,,,89.0,60.0,
"Dodd, Dylan",689266,2025,,,,,,,,,40,,,,,,,,41.0,18.0,
"McDermott, Chayce",694646,2025,,,,,,,,,70,,,,,,,,35.0,24.0,
"Rodríguez, Manuel",655889,2025,,,,,,,,,58,,,,,,,,88.0,35.0,
"Rodríguez, Elvin",660730,2025,,,,,,,,,52,,,,,,,,50.0,90.0,74.0
"Anderson, Grant",681982,2025,64.0,44.0,74.0,89.0,35.0,85.0,91.0,62.0,1,68.0,66.0,20.0,88.0,67.0,,64.0,32.0,74.0,
"Bello, Brayan",678394,2025,26.0,22.0,41.0,60.0,18.0,21.0,69.0,62.0,23,60.0,16.0,41.0,13.0,37.0,,26.0,64.0,15.0,
"Imanaga, Shota",684007,2025,43.0,60.0,9.0,3.0,89.0,5.0,6.0,11.0,30,24.0,34.0,96.0,44.0,84.0,,43.0,8.0,90.0,
"Shugart, Chase",663767,2025,,,,,,,,,36,,,,,,,,58.0,10.0,
"Ribalta, Orlando",687377,2025,,,,,,,,,36,,,,,,,,80.0,98.0,
"Legumina, Casey",668984,2025,58.0,77.0,64.0,49.0,47.0,76.0,43.0,14.0,34,22.0,70.0,8.0,44.0,45.0,,58.0,47.0,76.0,
"Junk, Janson",676083,2025,28.0,7.0,16.0,30.0,58.0,30.0,47.0,3.0,6,6.0,12.0,99.0,5.0,78.0,,28.0,37.0,52.0,41.0
"Suarez, Robert",663158,2025,66.0,54.0,47.0,43.0,76.0,59.0,36.0,16.0,15,31.0,83.0,85.0,39.0,74.0,,66.0,97.0,79.0,
"Vasil, Mike",678024,2025,45.0,68.0,69.0,70.0,12.0,46.0,69.0,47.0,55,68.0,27.0,5.0,39.0,3.0,,45.0,50.0,30.0,31.0
"Barnes, Jacob",606930,2025,,,,,,,,,69,,,,,,,,46.0,78.0,
"Ramírez, Yohan",670990,2025,,,,,,,,,56,,,,,,,,83.0,63.0,33.0
"Wilson, Justin",458677,2025,69.0,56.0,73.0,81.0,43.0,89.0,72.0,50.0,56,83.0,82.0,20.0,91.0,76.0,,69.0,52.0,40.0,
"Peralta, Freddy",642547,2025,75.0,85.0,74.0,56.0,76.0,14.0,32.0,80.0,1,90.0,84.0,30.0,83.0,49.0,,75.0,58.0,87.0,17.0
"Bigge, Hunter",685801,2025,,,,,,,,,63,,,,,,,,91.0,73.0,
"Woodford, Jake",663765,2025,,,,,,,,,70,,,,,,,,30.0,9.0,
"Newcomb, Sean",656794,2025,53.0,30.0,66.0,82.0,36.0,62.0,87.0,60.0,30,38.0,55.0,51.0,18.0,32.0,,53.0,28.0,62.0,90.0
"Nelson, Ryne",669194,2025,52.0,41.0,39.0,43.0,65.0,26.0,62.0,4.0,12,12.0,40.0,74.0,20.0,41.0,,52.0,72.0,45.0,50.0
"Flaherty, Jack",656427,2025,49.0,62.0,43.0,34.0,58.0,11.0,18.0,38.0,22,22.0,82.0,36.0,66.0,59.0,,49.0,26.0,41.0,21.0
"Fitts, Richard",690916,2025,,,,,,,,,44,,,,,,,,72.0,81.0,39.0
"Banda, Anthony",607455,2025,69.0,85.0,77.0,64.0,41.0,62.0,43.0,36.0,40,64.0,50.0,3.0,65.0,51.0,,69.0,76.0,16.0,
"Berríos, José",621244,2025,16.0,24.0,16.0,14.0,31.0,1.0,9.0,22.0,1,32.0,28.0,48.0,23.0,45.0,,16.0,22.0,7.0,
"Kolek, Stephen",663568,2025,34.0,18.0,43.0,66.0,31.0,45.0,82.0,7.0,46,4.0,10.0,73.0,3.0,23.0,,34.0,41.0,19.0,
"Bido, Osvaldo",674370,2025,7.0,26.0,7.0,3.0,13.0,30.0,4.0,19.0,15,46.0,21.0,22.0,49.0,27.0,,7.0,53.0,82.0,
"Henriquez, Edgardo",683618,2025,,,,,,,,,47,,,,,,,,100.0,89.0,
"Schultz, Paxton",687606,2025,,,,,,,,,48,,,,,,,,41.0,41.0,
"Wheeler, Zack",554430,2025,98.0,97.0,94.0,84.0,99.0,36.0,67.0,91.0,21,92.0,96.0,89.0,90.0,81.0,,98.0,76.0,84.0,82.0
"Johnson, Pierce",572955,2025,68.0,64.0,53.0,42.0,71.0,67.0,43.0,19.0,48,29.0,67.0,48.0,57.0,25.0,,68.0,66.0,70.0,89.0
"Gray, Sonny",543243,2025,53.0,30.0,34.0,42.0,73.0,5.0,23.0,60.0,18,48.0,79.0,93.0,68.0,81.0,,53.0,16.0,89.0,54.0
"Rodriguez, Bradgley",699134,2025,,,,,,,,,81,,,,,,,,96.0,53.0,
"Kimbrel, Craig",518886,2025,,,,,,,,,83,,,,,,,,35.0,53.0,
"Hernández, Carlos",672578,2025,5.0,8.0,9.0,17.0,2.0,59.0,7.0,38.0,17,64.0,24.0,13.0,59.0,34.0,,5.0,94.0,82.0,26.0
"Phillips, Tyler",663969,2025,66.0,49.0,68.0,78.0,61.0,76.0,91.0,50.0,12,25.0,9.0,55.0,66.0,97.0,,66.0,66.0,9.0,48.0
"Laweryson, Cody",689520,2025,,,,,,,,,94,,,,,,,,30.0,76.0,
"Bradley, Taj",671737,2025,42.0,54.0,45.0,41.0,49.0,30.0,67.0,50.0,32,55.0,37.0,28.0,35.0,29.0,,42.0,80.0,52.0,48.0
"Alexander, Tyler",641302,2025,20.0,6.0,23.0,53.0,16.0,51.0,86.0,69.0,18,57.0,27.0,67.0,20.0,38.0,,20.0,8.0,23.0,
"Misiorowski, Jacob",694819,2025,77.0,89.0,83.0,68.0,65.0,76.0,58.0,57.0,74,72.0,93.0,11.0,80.0,51.0,,77.0,99.0,98.0,30.0
"Speier, Gabe",642100,2025,98.0,97.0,94.0,85.0,99.0,72.0,39.0,38.0,40,48.0,96.0,97.0,88.0,98.0,,98.0,58.0,23.0,
"Díaz, Alexis",664747,2025,,,,,,,,,58,,,,,,,,35.0,99.0,
"Hill, Rich",448179,2025,,,,,,,,,68,,,,,,,,1.0,35.0,51.0
"Rea, Colin",607067,2025,24.0,18.0,23.0,29.0,41.0,5.0,18.0,36.0,8,46.0,24.0,74.0,23.0,49.0,,24.0,39.0,25.0,7.0
"Hendricks, Kyle",543294,2025,52.0,38.0,42.0,48.0,65.0,11.0,50.0,97.0,39,91.0,9.0,82.0,6.0,84.0,,52.0,1.0,4.0,84.0
"Flexen, Chris",623167,2025,,,,,,,,,72,,,,,,,,21.0,38.0,62.0
"Bassitt, Chris",605135,2025,39.0,27.0,49.0,63.0,38.0,12.0,47.0,85.0,4,80.0,49.0,67.0,32.0,14.0,,39.0,12.0,12.0,11.0
"Luzardo, Jesús",666200,2025,80.0,65.0,77.0,81.0,76.0,27.0,78.0,69.0,45,77.0,86.0,61.0,87.0,78.0,,80.0,82.0,35.0,
"Johnson, Seth",686751,2025,,,,,,,,,64,,,,,,,,89.0,67.0,
"King, Bryan",687911,2025,87.0,73.0,76.0,75.0,91.0,81.0,86.0,73.0,75,83.0,70.0,99.0,43.0,61.0,,87.0,15.0,12.0,
"Festa, Matt",670036,2025,74.0,62.0,85.0,93.0,59.0,89.0,83.0,91.0,86,92.0,67.0,74.0,66.0,45.0,,74.0,20.0,92.0,
"Chavez, Jesse",445926,2025,,,,,,,,,52,,,,,,,,3.0,3.0,
"Sauer, Matt",669422,2025,,,,,,,,,65,,,,,,,,47.0,16.0,
"Murray, Jayden",681151,2025,,,,,,,,,76,,,,,,,,77.0,84.0,
"Steele, Justin",657006,2025,,,,,,,,,48,,,,,,,,8.0,70.0,
"Woo, Bryan",693433,2025,87.0,80.0,66.0,52.0,95.0,9.0,36.0,54.0,1,38.0,80.0,95.0,57.0,72.0,,87.0,71.0,53.0,
"Hanifee, Brenan",669724,2025,41.0,10.0,33.0,65.0,45.0,67.0,74.0,16.0,8,17.0,4.0,91.0,1.0,5.0,,41.0,67.0,7.0,
"Kopech, Michael",656629,2025,,,,,,,,,91,,,,,,,,92.0,99.0,
"Bivens, Spencer",702352,2025,42.0,36.0,53.0,64.0,45.0,51.0,69.0,89.0,15,75.0,16.0,65.0,3.0,63.0,,42.0,60.0,1.0,
"Kelly, Michael",547184,2025,,,,,,,,,36,,,,,,,,72.0,79.0,
"Romero, JoJo",668941,2025,73.0,74.0,84.0,85.0,39.0,76.0,69.0,91.0,21,88.0,43.0,8.0,63.0,9.0,,73.0,41.0,26.0,
"Suarez, José",660761,2025,,,,,,,,,62,,,,,,,,33.0,80.0,
"Otañez, Michel",671305,2025,,,,,,,,,67,,,,,,,,88.0,63.0,
"Morillo, Juan",666661,2025,,,,,,,,,69,,,,,,,,98.0,36.0,
"Kowar, Jackson",663804,2025,,,,,,,,,58,,,,,,,,90.0,20.0,
"Anderson, Shaun",641312,2025,,,,,,,,,72,,,,,,,,21.0,91.0,
"Singer, Brady",663903,2025,35.0,44.0,40.0,43.0,36.0,9.0,30.0,22.0,5,48.0,51.0,41.0,39.0,18.0,,35.0,16.0,75.0,
"Abreu, Bryan",650556,2025,75.0,82.0,87.0,81.0,59.0,72.0,50.0,14.0,38,12.0,98.0,16.0,99.0,70.0,,75.0,90.0,57.0,
"Montero, Keider",672456,2025,19.0,20.0,19.0,22.0,31.0,41.0,53.0,54.0,40,59.0,20.0,48.0,11.0,47.0,,19.0,41.0,31.0,91.0
"Marinaccio, Ron",676760,2025,,,,,,,,,68,,,,,,,,47.0,53.0,
"Spiers, Carson",686730,2025,,,,,,,,,66,,,,,,,,18.0,26.0,
"Williams, Devin",642207,2025,88.0,96.0,93.0,86.0,81.0,72.0,32.0,44.0,23,85.0,97.0,20.0,99.0,97.0,,88.0,46.0,73.0,
"Bergert, Ryan",686701,2025,32.0,52.0,40.0,35.0,28.0,62.0,72.0,33.0,58,82.0,49.0,13.0,38.0,12.0,,32.0,32.0,79.0,
"Burke, Brock",656271,2025,58.0,33.0,55.0,68.0,52.0,72.0,69.0,57.0,22,47.0,32.0,68.0,33.0,35.0,,58.0,72.0,33.0,
"Thompson, Ryan",657044,2025,,,,,,,,,28,,,,,,,,4.0,5.0,
"Halvorsen, Seth",678020,2025,,,,,,,,,32,,,,,,,,100.0,45.0,
"Doval, Camilo",666808,2025,68.0,74.0,89.0,92.0,26.0,85.0,83.0,66.0,55,50.0,74.0,3.0,74.0,63.0,,68.0,85.0,84.0,
"Castillo, Luis",622491,2025,45.0,41.0,33.0,34.0,65.0,2.0,17.0,22.0,11,8.0,43.0,82.0,44.0,55.0,,45.0,60.0,18.0,
"Estévez, Carlos",608032,2025,65.0,65.0,45.0,30.0,63.0,46.0,14.0,54.0,47,68.0,30.0,44.0,8.0,3.0,,65.0,76.0,19.0,
"Blackburn, Paul",621112,2025,,,,,,,,,43,,,,,,,,23.0,3.0,63.0
"Cano, Yennier",666974,2025,65.0,60.0,79.0,89.0,39.0,93.0,93.0,79.0,72,86.0,38.0,22.0,34.0,59.0,,65.0,63.0,9.0,
"Zastryzny, Rob",642239,2025,,,,,,,,,51,,,,,,,,15.0,94.0,
"Brubaker, JT",664141,2025,,,,,,,,,51,,,,,,,,33.0,44.0,
"Herget, Jimmy",623474,2025,81.0,78.0,78.0,74.0,73.0,55.0,66.0,65.0,69,62.0,55.0,61.0,62.0,22.0,,81.0,18.0,85.0,
"Vest, Will",676684,2025,91.0,78.0,93.0,96.0,83.0,93.0,95.0,62.0,23,43.0,78.0,55.0,61.0,70.0,,91.0,84.0,33.0,
"Pepiot, Ryan",686752,2025,47.0,70.0,48.0,31.0,59.0,12.0,24.0,29.0,8,32.0,65.0,32.0,55.0,51.0,,47.0,64.0,82.0,92.0
"Criswell, Cooper",681867,2025,,,,,,,,,65,,,,,,,,3.0,8.0,
"Hart, Kyle",606996,2025,,,,,,,,,48,,,,,,,,12.0,20.0,
"Martinez, Justin",679885,2025,,,,,,,,,94,,,,,,,,99.0,20.0,
"Gibson, Kyle",502043,2025,,,,,,,,,82,,,,,,,,9.0,12.0,
"Ogasawara, Shinnosuke",829272,2025,,,,,,,,,64,,,,,,,,10.0,28.0,73.0
"Agnos, Zach",688642,2025,,,,,,,,,52,,,,,,,,75.0,72.0,
"Graveman, Kendall",608665,2025,,,,,,,,,51,,,,,,,,50.0,35.0,
"Herget, Kevin",643361,2025,,,,,,,,,93,,,,,,,,18.0,34.0,
"Eovaldi, Nathan",543135,2025,89.0,76.0,76.0,72.0,94.0,36.0,64.0,66.0,48,66.0,75.0,98.0,70.0,72.0,,89.0,44.0,29.0,1.0
"Hernandez, Nick",663321,2025,,,,,,,,,90,,,,,,,,11.0,94.0,
"Adams, Travis",701519,2025,,,,,,,,,15,,,,,,,,53.0,71.0,
"Gipson-Long, Sawyer",687830,2025,,,,,,,,,13,,,,,,,,18.0,41.0,
"Corbin, Patrick",571578,2025,17.0,13.0,22.0,36.0,22.0,15.0,49.0,50.0,32,51.0,28.0,55.0,62.0,66.0,,17.0,12.0,9.0,
"Devenski, Chris",606965,2025,,,,,,,,,78,,,,,,,,21.0,73.0,
"Merryweather, Julian",657240,2025,,,,,,,,,20,,,,,,,,77.0,29.0,
"Casparius, Ben",676508,2025,64.0,49.0,56.0,58.0,71.0,55.0,69.0,89.0,50,97.0,40.0,79.0,69.0,65.0,,64.0,79.0,86.0,95.0
"Abbott, Andrew",671096,2025,71.0,60.0,60.0,59.0,80.0,17.0,57.0,84.0,55,93.0,44.0,79.0,39.0,74.0,,71.0,26.0,46.0,79.0
"Warren, Austin",681810,2025,,,,,,,,,83,,,,,,,,44.0,53.0,
"Boyle, Joe",671212,2025,45.0,77.0,64.0,51.0,28.0,67.0,19.0,7.0,28,9.0,74.0,4.0,77.0,1.0,,45.0,96.0,97.0,
"Kochanowicz, Jack",686799,2025,3.0,3.0,9.0,25.0,1.0,24.0,32.0,1.0,4,1.0,3.0,9.0,16.0,33.0,,3.0,69.0,20.0,
"De los Santos, Yerry",660787,2025,,,,,,,,,25,,,,,,,,69.0,17.0,
"Martin, Corbin",656686,2025,,,,,,,,,77,,,,,,,,76.0,91.0,52.0
"Brasier, Ryan",518489,2025,,,,,,,,,41,,,,,,,,44.0,41.0,
"Herrin, Tim",682120,2025,,,,,,,,,78,,,,,,,,47.0,69.0,24.0
"Erceg, Lucas",668674,2025,56.0,35.0,58.0,70.0,45.0,72.0,66.0,54.0,5,73.0,26.0,65.0,47.0,63.0,,56.0,92.0,6.0,
"Roycroft, Chris",688297,2025,,,,,,,,,60,,,,,,,,69.0,19.0,
"Schreiber, John",670167,2025,47.0,41.0,36.0,36.0,61.0,55.0,32.0,69.0,32,67.0,56.0,65.0,33.0,25.0,,47.0,37.0,39.0,
"Blewett, Scott",656240,2025,,,,,,,,,23,,,,,,,,33.0,40.0,
"Cantillo, Joey",676282,2025,64.0,64.0,68.0,70.0,53.0,51.0,67.0,44.0,48,38.0,79.0,16.0,80.0,2.0,,64.0,14.0,1.0,64.0
"Green, Chad",643338,2025,,,,,,,,,54,,,,,,,,64.0,91.0,
"Waddell, Brandon",663399,2025,,,,,,,,,65,,,,,,,,9.0,22.0,
"Bibee, Tanner",676440,2025,68.0,68.0,60.0,52.0,72.0,12.0,57.0,69.0,7,80.0,40.0,67.0,37.0,16.0,,68.0,49.0,35.0,68.0
"Sousa, Bennett",656986,2025,,,,,,,,,61,,,,,,,,62.0,35.0,
"Anderson, Nick",623433,2025,,,,,,,,,85,,,,,,,,64.0,53.0,2.0
"Lee, Chase",695445,2025,,,,,,,,,23,,,,,,,,2.0,84.0,
"Vodnik, Victor",680767,2025,38.0,60.0,55.0,49.0,25.0,76.0,45.0,7.0,36,2.0,51.0,5.0,59.0,2.0,,38.0,97.0,58.0,
"Falter, Bailey",663559,2025,15.0,16.0,14.0,14.0,23.0,20.0,28.0,16.0,15,14.0,5.0,34.0,4.0,11.0,,15.0,18.0,12.0,1.0
"Gómez, Yoendrys",672782,2025,11.0,33.0,11.0,7.0,16.0,41.0,3.0,45.0,4,73.0,37.0,20.0,38.0,27.0,,11.0,37.0,82.0,49.0
"Ober, Bailey",641927,2025,31.0,35.0,14.0,7.0,73.0,3.0,10.0,42.0,4,62.0,24.0,93.0,41.0,94.0,,31.0,6.0,46.0,3.0
"Muñoz, Roddery",682610,2025,,,,,,,,,88,,,,,,,,72.0,67.0,
"Sánchez, Cristopher",650911,2025,88.0,72.0,83.0,87.0,88.0,28.0,87.0,57.0,11,56.0,77.0,89.0,85.0,84.0,,88.0,67.0,16.0,
"Armstrong, Shawn",542888,2025,88.0,89.0,87.0,74.0,88.0,72.0,69.0,80.0,23,91.0,76.0,68.0,43.0,8.0,,88.0,41.0,39.0,
"Gore, MacKenzie",669022,2025,32.0,47.0,37.0,32.0,39.0,9.0,14.0,19.0,32,20.0,80.0,28.0,80.0,70.0,,32.0,66.0,42.0,18.0
"Díaz, Edwin",621242,2025,98.0,99.0,100.0,98.0,92.0,97.0,94.0,69.0,53,57.0,99.0,46.0,99.0,78.0,,98.0,89.0,63.0,
"Mederos, Victor",682989,2025,,,,,,,,,91,,,,,,,,53.0,74.0,
"Hurter, Brant",676428,2025,68.0,68.0,90.0,95.0,18.0,97.0,99.0,85.0,69,79.0,64.0,20.0,55.0,29.0,,68.0,18.0,15.0,
"Dreyer, Jack",676263,2025,96.0,91.0,89.0,79.0,93.0,81.0,90.0,22.0,71,57.0,60.0,53.0,61.0,29.0,,96.0,24.0,79.0,46.0
"Rodón, Carlos",607074,2025,79.0,85.0,79.0,66.0,75.0,18.0,62.0,66.0,9,64.0,74.0,28.0,84.0,61.0,,79.0,39.0,65.0,73.0
"Garcia, Luis",677651,2025,,,,,,,,,67,,,,,,,,9.0,79.0,
"Ohl, Pierson",701487,2025,,,,,,,,,35,,,,,,,,15.0,49.0,
"Zeferjahn, Ryan",666171,2025,34.0,78.0,47.0,22.0,18.0,62.0,18.0,75.0,13,76.0,86.0,2.0,84.0,5.0,,34.0,91.0,28.0,
"Whitley, Forrest",666215,2025,,,,,,,,,51,,,,,,,,80.0,84.0,
"Yarbrough, Ryan",642232,2025,35.0,23.0,30.0,43.0,47.0,72.0,74.0,97.0,22,92.0,36.0,65.0,59.0,11.0,,35.0,1.0,1.0,
"Maton, Phil",664208,2025,92.0,95.0,99.0,99.0,69.0,99.0,98.0,99.0,63,99.0,95.0,22.0,98.0,79.0,,92.0,3.0,65.0,99.0
"Keller, Brad",641745,2025,93.0,94.0,97.0,95.0,85.0,85.0,86.0,94.0,81,99.0,80.0,48.0,62.0,76.0,,93.0,88.0,65.0,
"Moll, Sam",594580,2025,,,,,,,,,66,,,,,,,,15.0,93.0,
"Francis, Bowden",670102,2025,1.0,5.0,4.0,6.0,2.0,36.0,2.0,3.0,32,1.0,22.0,26.0,32.0,5.0,,1.0,21.0,39.0,6.0
"Jackson, Luke",592426,2025,34.0,51.0,50.0,51.0,7.0,85.0,76.0,10.0,18,21.0,13.0,3.0,27.0,30.0,,34.0,47.0,60.0,26.0
"Mey, Luis",682825,2025,,,,,,,,,6,,,,,,,,98.0,50.0,
"Winn, Keaton",676775,2025,,,,,,,,,82,,,,,,,,67.0,61.0,
"Schwellenbach, Spencer",680885,2025,71.0,27.0,52.0,68.0,81.0,41.0,62.0,62.0,39,43.0,68.0,99.0,73.0,95.0,,71.0,86.0,50.0,14.0
"Peralta, Luis",678821,2025,,,,,,,,,35,,,,,,,,53.0,34.0,15.0
"Ginn, J.T.",669372,2025,61.0,68.0,58.0,49.0,64.0,36.0,23.0,73.0,23,18.0,71.0,51.0,75.0,37.0,,61.0,33.0,1.0,
"Rogers, Trevor",669432,2025,77.0,72.0,64.0,60.0,82.0,43.0,62.0,38.0,11,3.0,62.0,69.0,52.0,70.0,,77.0,28.0,78.0,
"Contreras, Roansy",672710,2025,,,,,,,,,89,,,,,,,,64.0,65.0,
"Early, Connelly",813349,2025,,,,,,,,,79,,,,,,,,39.0,42.0,28.0
"Blanco, Ronel",669854,2025,,,,,,,,,60,,,,,,,,30.0,42.0,7.0
"Miley, Wade",489119,2025,,,,,,,,,74,,,,,,,,15.0,47.0,
"Duran, Jhoan",661395,2025,98.0,83.0,97.0,99.0,89.0,93.0,95.0,45.0,25,41.0,83.0,74.0,87.0,91.0,,98.0,98.0,2.0,63.0
"Vásquez, Randy",681190,2025,7.0,13.0,8.0,7.0,9.0,7.0,10.0,54.0,1,60.0,2.0,30.0,1.0,13.0,,7.0,32.0,71.0,97.0
"McDaniels, Garrett",680729,2025,,,,,,,,,72,,,,,,,,18.0,42.0,
"Treinen, Blake",595014,2025,,,,,,,,,75,,,,,,,,72.0,76.0,
"Boyd, Matthew",571510,2025,61.0,49.0,51.0,53.0,72.0,8.0,39.0,69.0,15,69.0,41.0,86.0,30.0,55.0,,61.0,30.0,59.0,16.0
"Curtiss, John",595928,2025,,,,,,,,,74,,,,,,,,49.0,67.0,
"Abel, Mick",690953,2025,,,,,,,,,65,,,,,,,,80.0,95.0,68.0
"Zuber, Tyler",676604,2025,,,,,,,,,73,,,,,,,,50.0,51.0,
"Sheehan, Emmet",686218,2025,89.0,88.0,82.0,68.0,89.0,51.0,20.0,47.0,13,41.0,92.0,59.0,93.0,91.0,,89.0,71.0,88.0,62.0
