playerID,name,team,position,age_2026,projected_war,base_war,age_adjustment,confidence,last_3yr_war,pa_2025,ip_2025
abramcj01,CJ Abrams,WAS,SS,26,4.3,4.1,1.071,High,11.8,635,0.0
abreuwi02,Wilyer Abreu,BOS,RF,27,1.3,1.3,1.024,High,2.8,417,0.0
acostma02,Maximo Acosta,MIA,3B,24,-1.6,-1.6,0.946,Low,-1.6,61,0.0
acunalu01,Luisangel Acuña,NYN,2B,24,-0.4,-0.5,0.946,Low,-0.5,193,0.0
acunaro01,Ronald Acuña,ATL,RF,29,3.7,3.9,0.969,Medium,13.8,412,0.0
adamewi01,Willy Adames,SFN,SS,31,4.1,4.1,0.988,High,11.8,685,0.0
adamsri03,Riley Adams,WAS,C,30,-0.8,-0.7,1.036,High,-2.1,286,0.0
adelljo01,Jo Adell,LAA,CF,27,1.4,1.4,1.024,Medium,1.7,570,0.0
albieoz01,Ozzie Albies,ATL,2B,29,2.3,2.4,0.969,Medium,8.5,667,0.0
alexabl01,Blaze Alexander,ARI,3B,27,-0.2,-0.2,1.024,Medium,-0.4,266,0.0
allenni02,Nick Allen,ATL,SS,28,-0.9,-0.9,1.031,High,-2.8,416,0.0
alonspe01,Pete Alonso,NYN,1B,32,3.7,3.9,0.94,High,11.1,709,0.0
altuvjo01,Jose Altuve,HOU,2B,36,3.4,3.5,0.969,High,10.9,654,0.0
alvarfr01,Francisco Alvarez,NYN,C,25,1.5,1.5,1.054,High,4.6,277,0.0
alvarna01,Nacho Alvarez,ATL,3B,23,-0.9,-0.8,1.132,Low,-0.8,208,0.0
alvaryo01,Yordan Alvarez,HOU,DH,29,2.1,2.2,0.969,Medium,9.3,199,0.0
amadoad01,Adael Amador,COL,2B,23,-1.8,-1.6,1.132,Low,-1.6,128,0.0
amayaja01,Jacob Amaya,CHA,SS,28,-1.9,-1.8,1.031,Medium,-3.7,73,0.0
amayami01,Miguel Amaya,CHN,C,27,-0.1,-0.1,1.024,High,0.1,103,0.0
anderti01,Tim Anderson,LAA,2B,33,-1.5,-1.6,0.982,High,-4.3,90,0.0
andujmi01,Miguel Andujar,CIN,DH,31,-0.1,-0.1,0.988,High,-1.2,341,0.0
anthoro01,Roman Anthony,BOS,RF,22,1.6,1.5,1.072,Low,1.5,303,0.0
arandjo01,Jonathan Aranda,TBA,1B,28,0.7,0.7,1.031,Medium,-0.0,422,0.0
arciaor01,Orlando Arcia,COL,2B,32,0.0,0.0,0.94,Medium,2.0,214,0.0
arenano01,Nolan Arenado,SLN,3B,35,1.3,1.4,0.937,High,5.5,436,0.0
ariasga01,Gabriel Arias,CLE,SS,26,-0.1,-0.1,1.071,High,-0.6,471,0.0
arozara01,Randy Arozarena,SEA,LF,31,3.3,3.3,0.988,High,9.8,709,0.0
arraelu01,Luis Arraez,SDN,1B,29,2.3,2.4,0.969,High,8.6,675,0.0
baderha01,Harrison Bader,PHI,CF,32,2.1,2.2,0.94,Medium,4.8,501,0.0
baezja01,Javier Baez,DET,SS,34,0.2,0.2,0.962,High,-0.2,436,0.0
bailepa01,Patrick Bailey,SFN,C,27,1.4,1.4,1.024,High,3.8,452,0.0
baldwbr01,Brooks Baldwin,CHA,LF,26,-0.8,-0.7,1.071,Medium,-1.8,328,0.0
baldwdr01,Drake Baldwin,ATL,C,25,4.2,3.9,1.054,Low,3.9,446,0.0
ballemo01,Moisés Ballesteros,CHN,DH,23,-1.8,-1.6,1.132,Low,-1.6,66,0.0
bargead01,Addison Barger,TOR,3B,27,1.0,1.0,1.024,Medium,1.2,501,0.0
barrojo01,Jorge Barrosa,ARI,CF,25,-1.8,-1.7,1.054,Low,-1.7,77,0.0
bartjo01,Joey Bart,PIT,C,30,0.7,0.6,1.036,High,1.0,332,0.0
basalsa01,Samuel Basallo,BAL,C,22,-1.6,-1.5,1.072,Low,-1.5,118,0.0
batybr01,Brett Baty,NYN,3B,27,0.8,0.7,1.024,High,0.7,431,0.0
bauerja01,Jake Bauers,MIL,1B,31,-0.2,-0.2,0.988,High,-0.9,218,0.0
beavedy01,Dylan Beavers,BAL,LF,25,-1.0,-0.9,1.054,Low,-0.9,137,0.0
beckjo01,Jordan Beck,COL,LF,25,0.4,0.4,1.054,Medium,-0.1,587,0.0
bellico01,Cody Bellinger,NYA,LF,31,3.6,3.6,0.988,High,11.0,656,0.0
belljo02,Josh Bell,WAS,DH,34,0.7,0.8,0.962,High,2.7,533,0.0
beninan01,Andrew Benintendi,CHA,LF,32,0.7,0.7,0.94,High,2.0,469,0.0
bensowi01,Will Benson,CIN,RF,28,0.0,0.0,1.031,High,1.3,253,0.0
bernawa01,Warming Bernabel,COL,1B,24,-1.3,-1.4,0.946,Low,-1.4,146,0.0
bertijo01,Jon Berti,CHN,3B,36,-0.6,-0.6,0.969,Medium,-0.5,107,0.0
bettsmo01,Mookie Betts,LAN,SS,34,4.7,4.8,0.962,Medium,17.0,663,0.0
bichebo01,Bo Bichette,TOR,SS,28,3.0,2.9,1.031,Medium,7.9,628,0.0
biggica01,Cavan Biggio,KCA,DH,31,-0.8,-0.8,0.988,High,-1.0,83,0.0
bledajj01,JJ Bleday,ATH,CF,29,1.4,1.4,0.969,Medium,4.2,344,0.0
bogaexa01,Xander Bogaerts,SDN,SS,34,2.3,2.4,0.962,Medium,8.1,552,0.0
bohmal01,Alec Bohm,PHI,3B,30,2.6,2.5,1.036,High,7.9,504,0.0
bouchse01,Sean Bouchard,COL,RF,30,-1.8,-1.7,1.036,Medium,-3.4,73,0.0
bregmal01,Alex Bregman,BOS,3B,32,3.7,3.9,0.94,High,12.5,495,0.0
bridejo01,Jonah Bride,MIN,3B,31,-1.1,-1.2,0.988,High,-3.3,125,0.0
brownse01,Seth Brown,ATH,LF,34,-0.9,-0.9,0.962,High,-1.9,76,0.0
brujavi01,Vidal Brujan,ATL,3B,28,-1.0,-1.0,1.031,High,-3.2,95,0.0
burgeja01,Jake Burger,TEX,1B,30,1.0,0.9,1.036,Medium,4.8,376,0.0
burleal01,Alec Burleson,SLN,1B,28,1.5,1.4,1.031,High,3.0,544,0.0
buschmi02,Michael Busch,CHN,1B,29,2.5,2.6,0.969,Medium,5.2,592,0.0
butlela01,Lawrence Butler,ATH,RF,26,1.5,1.4,1.071,Medium,2.9,630,0.0
buxtoby01,Byron Buxton,MIN,CF,33,3.6,3.7,0.982,Medium,8.4,542,0.0
cabaljo01,José Caballero,NYA,SS,30,1.6,1.6,1.036,High,4.1,370,0.0
cabreos01,Oswaldo Cabrera,NYA,3B,27,-0.8,-0.8,1.024,High,-2.3,122,0.0
caglija01,Jac Caglianone,KCA,RF,23,-2.2,-1.9,1.132,Low,-1.9,232,0.0
callal01,Alex Call,LAN,RF,32,0.3,0.3,0.94,High,0.8,322,0.0
caminju01,Junior Caminero,TBA,3B,23,2.8,2.5,1.132,Medium,3.6,653,0.0
campbkr01,Kristian Campbell,BOS,2B,24,-0.2,-0.2,0.946,Low,-0.2,263,0.0
campegu01,Gustavo Campero,LAA,RF,29,-1.6,-1.7,0.969,Low,-1.7,66,0.0
canaral01,Alexander Canario,PIT,LF,26,-1.3,-1.2,1.071,Low,-1.2,234,0.0
candeje01,Jeimer Candelario,CIN,3B,33,-0.1,-0.1,0.982,Medium,2.4,91,0.0
canhama01,Mark Canha,KCA,LF,37,-0.3,-0.3,0.994,High,0.7,125,0.0
canzodo01,Dominic Canzone,SEA,RF,29,-0.3,-0.3,0.969,High,-1.8,268,0.0
capravi01,Vinny Capra,CHA,3B,30,-2.1,-2.0,1.036,Low,-2.0,105,0.0
caratvi01,Victor Caratini,HOU,C,33,1.4,1.4,0.982,High,3.3,386,0.0
carlsdy01,Dylan Carlson,BAL,LF,28,-1.0,-1.0,1.031,High,-2.5,241,0.0
carpeke01,Kerry Carpenter,DET,RF,29,1.8,1.8,0.969,High,5.5,460,0.0
carroco02,Corbin Carroll,ARI,RF,26,5.9,5.5,1.071,High,16.6,642,0.0
carteev01,Evan Carter,TEX,CF,24,-0.4,-0.5,0.946,High,-2.1,220,0.0
casastr01,Triston Casas,BOS,1B,26,-0.5,-0.5,1.071,Medium,0.8,112,0.0
casteni01,Nick Castellanos,PHI,RF,34,1.5,1.5,0.962,High,5.7,589,0.0
castrwi01,Willi Castro,CHN,2B,29,1.6,1.6,0.969,High,5.5,454,0.0
chapaan01,Andrés Chaparro,WAS,1B,27,-1.8,-1.7,1.024,Medium,-3.4,73,0.0
chapmma01,Matt Chapman,SFN,3B,33,3.7,3.8,0.982,High,11.8,535,0.0
chishja01,Jazz Chisholm,NYA,2B,28,3.6,3.5,1.031,High,9.5,531,0.0
chourja01,Jackson Chourio,MIL,CF,22,3.2,3.0,1.072,Medium,5.9,589,0.0
churcna01,Nathan Church,SLN,CF,26,-1.6,-1.5,1.071,Low,-1.5,65,0.0
clarkde02,Denzel Clarke,ATH,CF,26,-0.7,-0.6,1.071,Low,-0.6,159,0.0
clasejo01,Jonatan Clase,TOR,LF,24,-1.4,-1.5,0.946,Medium,-3.0,112,0.0
clemeer01,Ernie Clement,TOR,3B,30,1.2,1.2,1.036,High,2.2,588,0.0
clemeko01,Kody Clemens,MIN,2B,30,-0.2,-0.2,1.036,High,-1.8,386,0.0
coleza01,Zach Cole,HOU,LF,26,-1.6,-1.5,1.071,Low,-1.5,52,0.0
colliis01,Isaac Collins,MIL,LF,29,1.8,1.9,0.969,Low,1.9,441,0.0
confomi01,Michael Conforto,LAN,LF,33,0.2,0.3,0.982,High,1.3,486,0.0
coningr01,Griffin Conine,MIA,LF,29,-1.4,-1.4,0.969,Medium,-2.8,86,0.0
contrwi01,Willson Contreras,SLN,1B,34,2.7,2.8,0.962,High,9.3,562,0.0
contrwi02,William Contreras,MIL,C,29,5.3,5.5,0.969,High,16.8,659,0.0
correca01,Carlos Correa,HOU,SS,32,2.5,2.6,0.94,High,7.3,584,0.0
corteca01,Carlos Cortes,ATH,RF,29,-1.0,-1.1,0.969,Low,-1.1,99,0.0
cowseco01,Colton Cowser,BAL,CF,26,0.5,0.5,1.071,Medium,0.8,360,0.0
crawfjp01,J. P. Crawford,SEA,SS,31,3.2,3.3,0.988,Medium,10.1,654,0.0
crewsdy01,Dylan Crews,WAS,RF,24,-1.0,-1.1,0.946,Medium,-2.3,322,0.0
crimbl01,Blaine Crim,COL,1B,29,-1.6,-1.6,0.969,Low,-1.6,74,0.0
croneja01,Jake Cronenworth,SDN,2B,32,1.7,1.8,0.94,High,4.3,514,0.0
crowape01,Pete Crow-Armstrong,CHN,CF,24,3.6,3.8,0.946,Medium,6.7,647,0.0
cruzon01,Oneil Cruz,PIT,CF,28,2.7,2.6,1.031,Medium,5.7,544,0.0
darnatr01,Travis d'Arnaud,LAA,C,37,0.3,0.3,0.994,High,1.4,231,0.0
davishe01,Henry Davis,PIT,C,27,-1.1,-1.1,1.024,High,-3.5,281,0.0
dejonpa01,Paul DeJong,WAS,3B,33,-0.2,-0.2,0.982,High,-0.2,208,0.0
delacbr01,Bryan De La Cruz,ATL,LF,30,-0.8,-0.8,1.036,High,-1.1,50,0.0
delacel01,Elly De La Cruz,CIN,SS,24,4.3,4.5,0.946,Medium,12.3,699,0.0
delcaad01,Adrian Del Castillo,ARI,DH,27,-1.3,-1.3,1.024,Medium,-2.4,131,0.0
delucjo01,Jonny DeLuca,TBA,CF,28,-1.1,-1.0,1.031,Medium,-2.0,59,0.0
deverra01,Rafael Devers,SFN,DH,30,4.6,4.4,1.036,High,13.6,729,0.0
dezenza01,Zach Dezenzo,HOU,LF,26,-1.7,-1.6,1.071,Medium,-3.2,109,0.0
diazel01,Elias Diaz,SDN,C,36,0.8,0.8,0.969,High,3.6,283,0.0
diazya01,Yandy Diaz,TBA,DH,35,3.4,3.7,0.937,High,11.6,651,0.0
diazya02,Yainer Diaz,HOU,C,28,3.2,3.1,1.031,High,9.4,567,0.0
dingldi01,Dillon Dingler,DET,C,28,1.9,1.8,1.031,Medium,2.2,468,0.0
dominja01,Jasson Domínguez,NYA,LF,23,0.1,0.1,1.132,Medium,-0.5,429,0.0
donovbr01,Brendan Donovan,SLN,2B,29,2.8,2.9,0.969,High,8.2,515,0.0
doylebr02,Brenton Doyle,COL,CF,28,2.1,2.1,1.031,Medium,6.3,538,0.0
dubonma01,Mauricio Dubon,HOU,LF,32,0.4,0.5,0.94,High,2.2,398,0.0
dunnbl01,Blake Dunn,CIN,RF,28,-1.7,-1.6,1.031,Low,-1.6,75,0.0
duranez01,Ezequiel Duran,TEX,SS,27,-0.0,-0.0,1.024,High,1.0,219,0.0
duranja01,Jarren Duran,BOS,LF,30,4.6,4.5,1.036,Medium,13.3,696,0.0
durbica01,Caleb Durbin,MIL,3B,26,2.4,2.2,1.071,Low,2.2,506,0.0
eatonna01,Nate Eaton,BOS,RF,30,-1.5,-1.4,1.036,Medium,-3.2,90,0.0
edmanto01,Tommy Edman,LAN,2B,31,0.3,0.3,0.988,High,1.8,377,0.0
edwarxa01,Xavier Edwards,MIA,2B,27,1.7,1.6,1.024,Medium,3.3,619,0.0
elkoti01,Tim Elko,CHA,1B,28,-2.0,-1.9,1.031,Low,-1.9,72,0.0
encarch01,Christian Encarnacion-Strand,CIN,1B,27,-1.6,-1.6,1.024,High,-4.2,137,0.0
encarje01,Jerar Encarnacion,SFN,RF,29,-1.7,-1.7,0.969,Medium,-3.4,56,0.0
escarjc01,J. C. Escarra,NYA,C,31,-0.9,-0.9,0.988,Low,-0.9,98,0.0
espinsa01,Santiago Espinal,CIN,3B,32,-0.4,-0.4,0.94,High,-0.9,328,0.0
estrath01,Thairo Estrada,COL,2B,30,-0.6,-0.6,1.036,High,-0.4,165,0.0
faircst01,Stuart Fairchild,ATL,RF,30,-0.8,-0.7,1.036,High,-1.3,55,0.0
farmeky01,Kyle Farmer,COL,2B,36,-0.1,-0.1,0.969,High,0.1,300,0.0
feduchu01,Hunter Feduccia,TBA,C,29,-1.1,-1.1,0.969,Low,-1.2,105,0.0
fermifr01,Freddy Fermin,SDN,C,31,0.9,0.9,0.988,High,2.6,347,0.0
fermijo01,José Fermín,SLN,2B,27,-1.6,-1.5,1.024,High,-4.9,70,0.0
fernaya01,Yanquiel Fernández,COL,DH,23,-2.1,-1.9,1.132,Low,-1.9,147,0.0
fitzgry01,Ryan Fitzgerald,MIN,2B,32,-1.3,-1.4,0.94,Low,-1.4,53,0.0
fitzgty01,Tyler Fitzgerald,SFN,2B,29,0.4,0.4,0.969,Medium,1.7,243,0.0
florewi01,Wilmer Flores,SFN,DH,35,-0.3,-0.3,0.937,Medium,0.2,463,0.0
forteni01,Nick Fortes,TBA,C,30,0.2,0.2,1.036,High,0.1,242,0.0
fraleja01,Jake Fraley,ATL,RF,31,0.3,0.3,0.988,High,1.6,217,0.0
francty01,Ty France,TOR,1B,32,0.4,0.5,0.94,High,1.4,490,0.0
fraziad01,Adam Frazier,KCA,2B,35,0.7,0.7,0.937,High,2.2,459,0.0
freelal01,Alex Freeland,LAN,3B,25,-1.6,-1.5,1.054,Low,-1.5,97,0.0
freemco01,Cody Freeman,TEX,2B,25,-1.6,-1.6,1.054,Low,-1.6,121,0.0
freemfr01,Freddie Freeman,LAN,1B,37,5.1,5.1,0.994,Medium,16.9,627,0.0
freemty01,Tyler Freeman,COL,RF,27,0.2,0.1,1.024,High,-0.1,428,0.0
frelisa01,Sal Frelick,MIL,RF,26,1.8,1.7,1.071,High,3.6,590,0.0
friedtj01,TJ Friedl,CIN,CF,31,3.6,3.7,0.988,Medium,10.6,685,0.0
fryda01,David Fry,CLE,DH,31,-0.7,-0.8,0.988,High,-1.4,157,0.0
fulfobr01,Braxton Fulford,COL,C,28,-1.2,-1.2,1.031,Low,-1.2,120,0.0
garciad02,Adolis Garcia,TEX,RF,33,1.0,1.1,0.982,Medium,5.2,547,0.0
garcilu04,Luis Garcia,WAS,2B,26,2.0,1.9,1.071,High,5.4,526,0.0
garcima01,Maikel Garcia,KCA,3B,26,3.7,3.4,1.071,Medium,8.0,666,0.0
garvemi01,Mitch Garver,SEA,C,35,0.0,0.0,0.937,High,0.2,290,0.0
gaspemi01,Mickey Gasper,MIN,C,31,-1.1,-1.1,0.988,Low,-1.1,110,0.0
gelofza01,Zack Gelof,ATH,2B,27,-0.3,-0.3,1.024,High,0.5,101,0.0
gilbedr01,Drew Gilbert,SFN,RF,26,-1.8,-1.6,1.071,Low,-1.6,109,0.0
gimenan01,Andres Gimenez,TOR,2B,28,1.1,1.1,1.031,High,5.0,369,0.0
goldspa01,Paul Goldschmidt,NYA,1B,39,1.8,1.6,1.148,High,5.9,531,0.0
gonzani01,Nick Gonzales,PIT,2B,27,-0.3,-0.3,1.024,High,-1.2,408,0.0
gonzaos01,Oscar Gonzalez,SDN,LF,28,-2.0,-1.9,1.031,Medium,-3.7,61,0.0
gonzaro01,Romy Gonzalez,BOS,1B,30,0.1,0.1,1.036,High,-0.4,341,0.0
goodmhu01,Hunter Goodman,COL,C,27,1.9,1.9,1.024,Medium,2.2,579,0.0
gormano01,Nolan Gorman,SLN,3B,26,1.1,1.0,1.071,High,4.0,402,0.0
graytr01,Tristan Gray,TBA,2B,30,-1.4,-1.3,1.036,Low,-1.3,86,0.0
greenri02,Riley Greene,DET,LF,26,3.7,3.4,1.071,High,9.8,655,0.0
grichra01,Randal Grichuk,KCA,RF,35,0.3,0.3,0.937,High,2.0,293,0.0
grishtr01,Trent Grisham,NYA,CF,30,2.8,2.7,1.036,Medium,6.4,581,0.0
guerrvl02,Vladimir Guerrero,TOR,1B,27,4.8,4.7,1.024,High,13.5,680,0.0
gurrilo01,Lourdes Gurriel,ARI,LF,33,1.2,1.3,0.982,High,4.4,546,0.0
haaseer01,Eric Haase,MIL,C,34,-1.0,-1.1,0.962,High,-3.2,77,0.0
haggesa01,Sam Haggerty,TEX,LF,32,-0.7,-0.8,0.94,Medium,-1.6,181,0.0
hamilda03,David Hamilton,BOS,2B,29,0.3,0.3,0.969,Medium,1.1,194,0.0
hampsga01,Garrett Hampson,SLN,LF,32,-0.6,-0.7,0.94,High,-0.8,91,0.0
happia01,Ian Happ,CHN,LF,32,3.8,4.1,0.94,High,12.6,663,0.0
harpebr03,Bryce Harper,PHI,1B,34,3.8,3.9,0.962,High,11.8,580,0.0
harribr02,Brett Harris,ATH,3B,28,-1.4,-1.4,1.031,Medium,-2.9,84,0.0
harrimi04,Michael Harris,ATL,CF,25,2.3,2.2,1.054,High,7.4,641,0.0
hassero02,Robert Hassell,WAS,CF,25,-1.0,-1.0,1.054,Low,-1.0,206,0.0
hayeske01,Ke'Bryan Hayes,CIN,3B,29,0.6,0.7,0.969,High,2.7,570,0.0
haysau01,Austin Hays,CIN,LF,31,0.7,0.8,0.988,High,2.7,416,0.0
hedgeau01,Austin Hedges,CLE,C,34,-0.9,-0.9,0.962,High,-2.9,180,0.0
heimjo01,Jonah Heim,TEX,C,31,1.2,1.2,0.988,High,5.0,433,0.0
heinety01,Tyler Heineman,TOR,C,35,0.6,0.6,0.937,Low,0.6,174,0.0
helmami01,Michael Helman,TEX,CF,30,-0.7,-0.7,1.036,Low,-0.7,110,0.0
hendegu01,Gunnar Henderson,BAL,SS,25,6.6,6.3,1.054,Medium,18.7,651,0.0
hernada04,Darell Hernaiz,ATH,SS,25,-1.4,-1.4,1.054,Medium,-2.8,197,0.0
hernaen02,Enrique Hernandez,LAN,1B,35,-0.7,-0.7,0.937,High,-1.4,256,0.0
hernahe01,Heriberto Hernandez,MIA,LF,27,0.4,0.4,1.024,Low,0.4,294,0.0
hernate01,Teoscar Hernandez,LAN,RF,34,2.3,2.4,0.962,High,8.0,545,0.0
herreiv01,Ivan Herrera,SLN,DH,26,1.6,1.5,1.071,Medium,3.0,450,0.0
herrejo04,Jose Herrera,ARI,C,29,-0.8,-0.9,0.969,High,-2.7,204,0.0
heywaja01,Jason Heyward,SDN,LF,37,-0.8,-0.8,0.994,High,-0.9,94,0.0
hicksli01,Liam Hicks,MIA,C,27,2.3,2.2,1.024,Low,2.2,390,0.0
higasky01,Kyle Higashioka,TEX,C,36,0.9,0.9,0.969,High,2.5,327,0.0
hillde01,Derek Hill,CHA,CF,31,-1.0,-1.0,0.988,High,-3.6,149,0.0
hillisa01,Sam Hilliard,COL,LF,32,-1.2,-1.2,0.94,High,-3.3,61,0.0
hoernni01,Nico Hoerner,CHN,2B,29,4.2,4.3,0.969,High,12.7,649,0.0
hollija01,Jackson Holliday,BAL,2B,23,1.0,0.9,1.132,Medium,1.0,649,0.0
horwisp01,Spencer Horwitz,PIT,1B,29,1.1,1.1,0.969,Medium,2.1,411,0.0
hoskirh01,Rhys Hoskins,MIL,1B,33,0.2,0.2,0.982,Medium,0.6,328,0.0
housebr01,Brady House,WAS,3B,23,-1.9,-1.7,1.132,Low,-1.7,274,0.0
huffsa01,Sam Huff,SFN,C,28,-1.6,-1.6,1.031,Low,-1.6,58,0.0
hummeco01,Cooper Hummel,HOU,LF,32,-1.5,-1.6,0.94,Low,-1.6,105,0.0
ibanean01,Andy Ibanez,DET,3B,33,0.1,0.1,0.982,High,1.0,193,0.0
iglesjo01,Jose Iglesias,SDN,2B,36,0.4,0.4,0.969,Medium,1.2,343,0.0
indiajo01,Jonathan India,KCA,2B,30,2.3,2.2,1.036,High,7.2,567,0.0
isbelky01,Kyle Isbel,KCA,CF,29,0.8,0.8,0.969,High,2.2,409,0.0
jacksal02,Alex Jackson,BAL,C,31,-0.9,-0.9,0.988,Medium,-2.0,100,0.0
jacksje02,Jeremiah Jackson,BAL,RF,26,-0.9,-0.9,1.071,Low,-0.9,183,0.0
jankotr01,Travis Jankowski,NYN,RF,35,-1.1,-1.2,0.937,High,-2.7,50,0.0
janseda01,Danny Jansen,MIL,C,31,1.4,1.4,0.988,High,4.2,337,0.0
jeffery01,Ryan Jeffers,MIN,C,29,2.9,3.0,0.969,High,8.7,464,0.0
jenseca01,Carter Jensen,KCA,C,23,-1.1,-1.0,1.132,Low,-1.0,69,0.0
joeco01,Connor Joe,CIN,1B,34,-0.6,-0.6,0.962,High,-0.2,80,0.0
johnsbr03,Bryce Johnson,SDN,LF,31,-1.2,-1.2,0.988,Medium,-2.5,84,0.0
johnsda07,Daniel Johnson,BAL,CF,31,-1.4,-1.4,0.988,Low,-1.4,57,0.0
johnstr02,Troy Johnston,MIA,1B,29,-1.2,-1.2,0.969,Low,-1.2,121,0.0
jonesja08,Jahmai Jones,DET,DH,29,-0.3,-0.4,0.969,Low,-0.4,150,0.0
jonesno01,Nolan Jones,CLE,RF,28,0.0,0.0,1.031,Medium,1.9,403,0.0
judgeaa01,Aaron Judge,NYA,RF,34,9.3,9.7,0.962,Medium,27.3,679,0.0
julieed01,Edouard Julien,MIN,1B,27,-0.2,-0.2,1.024,Medium,1.2,208,0.0
jungja01,Jace Jung,DET,3B,26,-1.8,-1.7,1.071,Medium,-3.2,55,0.0
jungjo01,Josh Jung,TEX,3B,28,1.0,1.0,1.031,High,3.6,511,0.0
karroky01,Kyle Karros,COL,3B,24,-1.3,-1.4,0.946,Low,-1.4,156,0.0
kayfucj01,C. J. Kayfus,CLE,RF,25,-1.1,-1.0,1.054,Low,-1.0,138,0.0
keasclu01,Luke Keaschall,MIN,2B,24,0.4,0.4,0.946,Low,0.4,207,0.0
keirsda01,DaShawn Keirsey,MIN,RF,29,-1.7,-1.8,0.969,Low,-1.8,88,0.0
keithco01,Colt Keith,DET,DH,25,1.2,1.1,1.054,Medium,2.6,468,0.0
kelenja01,Jarred Kelenic,ATL,RF,27,-0.8,-0.8,1.024,High,-1.2,65,0.0
kellyca02,Carson Kelly,CHN,C,32,1.3,1.4,0.94,High,2.8,421,0.0
kempot01,Otto Kemp,PHI,3B,27,-0.5,-0.5,1.024,Low,-0.5,218,0.0
keplema01,Max Kepler,PHI,LF,33,0.6,0.6,0.982,High,2.7,474,0.0
kimha01,Ha-Seong Kim,ATL,SS,31,1.1,1.1,0.988,Medium,5.7,191,0.0
kimhy02,Hyeseong Kim,LAN,2B,27,-0.1,-0.1,1.024,Low,-0.1,170,0.0
kineris01,Isiah Kiner-Falefa,TOR,2B,31,0.7,0.7,0.988,High,2.1,459,0.0
kirkal01,Alejandro Kirk,TOR,C,28,2.6,2.5,1.031,High,6.3,506,0.0
kjershe01,Heston Kjerstad,BAL,LF,27,-1.8,-1.7,1.024,Medium,-3.3,167,0.0
kniznan01,Andrew Knizner,SFN,C,31,-1.0,-1.0,0.988,High,-2.7,88,0.0
kossch01,Christian Koss,SFN,2B,28,-0.3,-0.3,1.031,Low,-0.3,191,0.0
kurtzni01,Nick Kurtz,ATH,1B,23,5.7,5.1,1.132,Low,5.1,488,0.0
kwanst01,Steven Kwan,CLE,LF,29,3.2,3.3,0.969,High,10.0,693,0.0
langesh01,Shea Langeliers,ATH,C,29,3.5,3.7,0.969,High,9.3,523,0.0
langfwy01,Wyatt Langford,TEX,LF,25,2.6,2.4,1.054,Medium,4.7,573,0.0
larnatr01,Trevor Larnach,MIN,DH,29,0.2,0.2,0.969,High,0.4,566,0.0
laurera01,Ramon Laureano,SDN,LF,32,1.5,1.5,0.94,High,3.2,488,0.0
lawlajo01,Jordan Lawlar,ARI,3B,24,-1.5,-1.6,0.946,Low,-1.6,74,0.0
leebr02,Brooks Lee,MIN,SS,25,0.0,0.0,1.054,Medium,-0.5,527,0.0
leeju01,Jung Hoo Lee,SFN,CF,28,1.9,1.8,1.031,Medium,2.4,617,0.0
lemahdj01,DJ LeMahieu,NYA,2B,38,-0.7,-0.8,0.794,Medium,-1.5,142,0.0
lewisro02,Royce Lewis,MIN,3B,27,0.6,0.5,1.024,High,2.0,403,0.0
lileda01,Daylen Lile,WAS,RF,24,1.3,1.4,0.946,Low,1.4,350,0.0
lindofr01,Francisco Lindor,NYN,SS,33,6.6,6.8,0.982,High,20.0,732,0.0
locklty01,Tyler Locklear,ARI,1B,26,-2.0,-1.9,1.071,Low,-1.9,116,0.0
lockrbr01,Brandon Lockridge,MIL,LF,29,-1.2,-1.3,0.969,Low,-1.3,148,0.0
loftini01,Nick Loftin,KCA,LF,28,-1.4,-1.4,1.031,High,-4.2,188,0.0
loperjo01,Joey Loperfido,TOR,LF,27,-1.1,-1.0,1.024,Medium,-2.1,104,0.0
lopezot01,Otto Lopez,MIA,SS,28,1.6,1.6,1.031,Medium,3.0,594,0.0
lowebr01,Brandon Lowe,TBA,2B,32,2.6,2.7,0.94,High,7.4,553,0.0
lowejo01,Josh Lowe,TBA,RF,28,0.6,0.6,1.031,High,3.3,435,0.0
lowena01,Nathaniel Lowe,BOS,1B,31,1.8,1.8,0.988,High,6.7,609,0.0
lugoma01,Matthew Lugo,LAA,CF,25,-1.5,-1.4,1.054,Low,-1.4,70,0.0
lukesna01,Nathan Lukes,TOR,RF,32,-0.1,-0.1,0.94,Medium,-0.6,438,0.0
luxga01,Gavin Lux,CIN,DH,29,1.2,1.2,0.969,Medium,2.6,503,0.0
machama01,Manny Machado,SDN,3B,34,3.8,3.9,0.962,High,11.0,678,0.0
macivwi01,Willie MacIver,ATH,C,30,-1.2,-1.1,1.036,Low,-1.2,111,0.0
mailelu01,Luke Maile,KCA,C,35,-0.8,-0.9,0.937,High,-1.9,54,0.0
maldoma01,Martin Maldonado,SDN,C,40,-0.7,-0.8,0.877,High,-2.1,161,0.0
malloju02,Justyn-Henry Malloy,DET,DH,26,-1.5,-1.4,1.071,Medium,-2.7,127,0.0
manguja01,Jake Mangum,TBA,LF,30,0.9,0.9,1.036,Low,0.9,428,0.0
manzaky01,Kyle Manzardo,CLE,DH,26,0.2,0.2,1.071,Medium,-0.2,531,0.0
marchra01,Rafael Marchan,PHI,C,27,-1.1,-1.1,1.024,Medium,-2.2,118,0.0
marseja01,Jakob Marsee,MIA,CF,25,0.8,0.8,1.054,Low,0.8,234,0.0
marshbr02,Brandon Marsh,PHI,CF,29,2.8,2.9,0.969,High,8.9,424,0.0
marteke01,Ketel Marte,ARI,2B,33,5.6,5.7,0.982,High,17.3,556,0.0
marteno01,Noelvi Marte,CIN,RF,25,-0.4,-0.4,1.054,High,-1.8,360,0.0
martest01,Starling Marte,NYN,DH,38,-0.1,-0.1,0.794,High,-0.6,329,0.0
martian02,Angel Martínez,CLE,CF,24,-0.1,-0.1,0.946,Medium,-0.6,484,0.0
martiau01,Austin Martin,MIN,LF,27,-0.7,-0.7,1.024,Medium,-1.3,181,0.0
martini02,Nick Martini,COL,DH,36,-1.6,-1.7,0.969,High,-4.7,111,0.0
massemi02,Michael Massey,KCA,2B,28,-0.0,-0.0,1.031,High,0.7,277,0.0
mastrmi01,Miles Mastrobuoni,SEA,3B,31,-0.9,-0.9,0.988,High,-2.7,175,0.0
mateojo01,Jorge Mateo,BAL,SS,31,-0.7,-0.7,0.988,High,-1.3,83,0.0
matonni01,Nick Maton,CHA,DH,29,-1.5,-1.6,0.969,Medium,-2.7,63,0.0
matoslu02,Luis Matos,SFN,RF,24,-1.1,-1.2,0.946,High,-3.1,184,0.0
mauriro01,Ronny Mauricio,NYN,3B,25,-0.9,-0.8,1.054,Medium,-1.9,184,0.0
mayerma01,Marcelo Mayer,BOS,3B,24,-1.1,-1.2,0.946,Low,-1.2,136,0.0
mayoco01,Coby Mayo,BAL,1B,25,-0.5,-0.5,1.054,Low,-0.4,294,0.0
mccanja02,James McCann,ARI,C,36,-0.3,-0.3,0.969,High,-0.8,137,0.0
mccarja02,Jake McCarthy,ARI,LF,29,-0.0,-0.0,0.969,High,0.8,222,0.0
mccorch01,Chas McCormick,HOU,CF,31,-0.2,-0.3,0.988,Medium,0.8,116,0.0
mccutan01,Andrew McCutchen,PIT,DH,40,0.4,0.5,0.877,High,2.2,549,0.0
mcguire01,Reese McGuire,CHN,C,31,-0.6,-0.6,0.988,High,-1.4,140,0.0
mckinza01,Zach McKinstry,DET,3B,31,2.1,2.1,0.988,High,5.2,511,0.0
mclaima01,Matt McLain,CIN,2B,27,1.7,1.7,1.024,Medium,4.1,577,0.0
mcmahry01,Ryan McMahon,NYA,3B,32,2.5,2.7,0.94,High,8.2,586,0.0
mcneije01,Jeff McNeil,NYN,2B,34,2.1,2.2,0.962,High,6.9,462,0.0
meadcu01,Curtis Mead,CHA,1B,26,-1.5,-1.4,1.071,High,-4.3,264,0.0
meadopa01,Parker Meadows,DET,CF,27,-0.2,-0.2,1.024,High,-0.4,213,0.0
meidrch01,Chase Meidroth,CHA,SS,25,1.0,1.0,1.054,Low,1.0,505,0.0
melenmj01,MJ Melendez,KCA,LF,28,-0.8,-0.7,1.031,High,-0.6,65,0.0
meltoja01,Jacob Melton,HOU,CF,26,-1.8,-1.7,1.071,Low,-1.7,77,0.0
merrija01,Jackson Merrill,SDN,CF,23,4.3,3.8,1.132,Medium,8.3,483,0.0
mervima01,Matt Mervis,MIA,1B,28,-1.7,-1.7,1.031,Medium,-3.4,134,0.0
meyerja02,Jake Meyers,HOU,CF,30,1.2,1.2,1.036,High,3.3,381,0.0
milladr01,Drew Millas,WAS,C,28,-1.4,-1.3,1.031,Medium,-2.7,54,0.0
misneka01,Kameron Misner,TBA,CF,28,-0.5,-0.5,1.031,Low,-0.5,217,0.0
mitchga01,Garrett Mitchell,MIL,CF,28,-0.7,-0.7,1.031,High,-1.9,78,0.0
monasan01,Andruw Monasterio,MIL,SS,29,-0.4,-0.4,0.969,High,-1.1,135,0.0
moncayo01,Yoan Moncada,LAA,3B,31,0.8,0.8,0.988,Medium,1.6,289,0.0
moniami01,Mickey Moniak,COL,RF,28,1.7,1.7,1.031,High,4.3,461,0.0
montgco01,Colson Montgomery,CHA,SS,24,1.3,1.4,0.946,Low,1.4,283,0.0
moorech03,Christian Moore,LAA,2B,24,-0.8,-0.9,0.946,Low,-0.9,184,0.0
mooredy01,Dylan Moore,TEX,2B,34,0.7,0.8,0.962,High,2.4,243,0.0
morelch01,Christopher Morel,TBA,LF,27,0.1,0.1,1.024,High,0.9,305,0.0
morenga01,Gabriel Moreno,ARI,C,26,1.8,1.7,1.071,High,5.5,309,0.0
mountry01,Ryan Mountcastle,BAL,1B,29,-0.1,-0.2,0.969,High,0.6,357,0.0
mullice01,Cedric Mullins,NYN,CF,32,2.2,2.3,0.94,High,6.8,498,0.0
muncyma01,Max Muncy,LAN,3B,36,2.4,2.5,0.969,High,7.6,388,0.0
muncyma02,Max Muncy,ATH,3B,24,-0.9,-0.9,0.946,Low,-0.9,220,0.0
murphse01,Sean Murphy,ATL,C,32,1.3,1.3,0.94,High,4.9,337,0.0
myersda01,Dane Myers,MIA,CF,30,-0.7,-0.7,1.036,High,-2.7,333,0.0
narvaca01,Carlos Narváez,BOS,C,28,2.3,2.2,1.031,Low,2.2,446,0.0
naylobo01,Bo Naylor,CLE,C,26,1.3,1.3,1.071,High,3.5,414,0.0
naylojo01,Josh Naylor,SEA,1B,29,2.6,2.7,0.969,High,7.4,600,0.0
netoza01,Zach Neto,LAA,SS,25,3.5,3.3,1.054,High,8.6,554,0.0
newmake01,Kevin Newman,LAA,3B,33,-0.6,-0.6,0.982,High,-1.1,116,0.0
nimmobr01,Brandon Nimmo,NYN,LF,33,3.4,3.5,0.982,High,11.6,652,0.0
nodary01,Ryan Noda,BAL,1B,30,-1.2,-1.1,1.036,Medium,-1.9,59,0.0
noeljh01,Jhonkensy Noel,CLE,RF,25,-1.5,-1.4,1.054,Medium,-2.3,153,0.0
nootbla01,Lars Nootbaar,SLN,LF,29,1.3,1.4,0.969,High,5.1,583,0.0
norbyco01,Connor Norby,MIA,3B,26,-0.1,-0.1,1.071,Medium,-0.5,337,0.0
nunezna01,Nasim Nuñez,WAS,SS,26,-0.8,-0.7,1.071,Medium,-1.5,92,0.0
ohearry01,Ryan O'Hearn,SDN,1B,33,2.0,2.0,0.982,High,5.2,544,0.0
ohopplo01,Logan O'Hoppe,LAA,C,26,1.1,1.0,1.071,High,3.2,451,0.0
ohtansh01,Shohei Ohtani,LAN,DH,32,9.4,10.0,0.94,High,29.7,725,47.0
olsonma02,Matt Olson,ATL,1B,32,5.2,5.5,0.94,Medium,17.0,724,0.0
oneilty01,Tyler O'Neill,BAL,RF,31,0.1,0.1,0.988,High,0.9,209,0.0
ortizjo06,Joey Ortiz,MIL,SS,28,1.1,1.1,1.031,Medium,2.6,506,0.0
osunaal02,Alejandro Osuna,TEX,LF,24,-1.3,-1.4,0.946,Low,-1.4,176,0.0
outmaja01,James Outman,MIN,CF,29,-0.0,-0.0,0.969,Medium,2.2,148,0.0
ozunama01,Marcell Ozuna,ATL,DH,36,3.3,3.4,0.969,Medium,11.6,591,0.0
pagesan01,Andy Pages,LAN,CF,26,3.2,3.0,1.071,Medium,5.3,624,0.0
pagespe01,Pedro Pagés,SLN,C,28,0.2,0.2,1.031,Medium,0.2,389,0.0
palacjo01,Josh Palacios,CHA,RF,31,-1.2,-1.3,0.988,High,-3.5,145,0.0
paredis01,Isaac Paredes,HOU,3B,27,3.3,3.2,1.024,High,10.5,438,0.0
parisky01,Kyren Paris,LAA,CF,25,-1.2,-1.2,1.054,Medium,-2.6,139,0.0
pasquvi01,Vinnie Pasquantino,KCA,1B,29,1.8,1.8,0.969,High,3.9,682,0.0
paulegr01,Graham Pauley,MIA,3B,26,-0.3,-0.3,1.071,Low,-0.3,184,0.0
pederjo01,Joc Pederson,TEX,DH,34,0.2,0.2,0.962,Medium,1.8,305,0.0
pegueli01,Liover Peguero,PIT,SS,26,-1.2,-1.1,1.071,Medium,-1.9,88,0.0
penaje02,Jeremy Peña,HOU,SS,29,3.8,3.9,0.969,High,10.4,543,0.0
perazos02,Oswald Peraza,LAA,3B,26,-1.5,-1.4,1.071,Medium,-2.8,264,0.0
perdoge01,Geraldo Perdomo,ARI,SS,27,5.2,5.1,1.024,Medium,12.9,720,0.0
peredjh01,Jhonny Pereda,MIN,C,30,-1.2,-1.2,1.036,Low,-1.2,78,0.0
pereiev01,Everson Pereira,TBA,CF,25,-1.9,-1.8,1.054,Medium,-3.7,73,0.0
perezsa02,Salvador Perez,KCA,C,36,3.5,3.7,0.969,High,10.8,638,0.0
perezwe01,Wenceel Pérez,DET,RF,27,0.3,0.3,1.024,Medium,0.5,383,0.0
perkibl01,Blake Perkins,MIL,CF,30,-0.2,-0.2,1.036,High,-0.4,171,0.0
phamth01,Tommy Pham,PIT,LF,38,0.4,0.5,0.794,High,2.1,449,0.0
polanjo01,Jorge Polanco,SEA,DH,33,1.2,1.3,0.982,High,3.2,524,0.0
pozoyo01,Yohel Pozo,SLN,C,29,-0.5,-0.5,0.969,Low,-0.5,168,0.0
profaju01,Jurickson Profar,ATL,LF,33,2.2,2.3,0.982,Medium,6.8,371,0.0
queroed01,Edgar Quero,CHA,C,23,1.9,1.7,1.132,Low,1.7,403,0.0
rafaece01,Ceddanne Rafaela,BOS,CF,26,1.8,1.7,1.071,Medium,2.9,587,0.0
raleica01,Cal Raleigh,SEA,C,30,7.3,7.0,1.036,Medium,18.6,705,0.0
raleylu01,Luke Raley,SEA,RF,32,0.6,0.6,0.94,High,3.5,219,0.0
ramirag01,Agustín Ramírez,MIA,C,25,2.7,2.5,1.054,Low,2.5,585,0.0
ramirjo01,Jose Ramirez,CLE,3B,34,5.6,5.8,0.962,High,17.1,672,0.0
ramoshe02,Heliot Ramos,SFN,LF,27,1.5,1.5,1.024,Medium,3.1,695,0.0
ravejo01,John Rave,KCA,RF,29,-1.2,-1.2,0.969,Low,-1.2,175,0.0
realmjt01,J. T. Realmuto,PHI,C,35,2.6,2.8,0.937,High,8.6,549,0.0
refsnro01,Rob Refsnyder,BOS,RF,35,0.2,0.2,0.937,High,0.5,209,0.0
renfrhu01,Hunter Renfroe,KCA,RF,34,-0.8,-0.9,0.962,High,-1.3,108,0.0
rengilu01,Luis Rengifo,LAA,3B,29,0.9,0.9,0.969,High,3.8,541,0.0
reynobr01,Bryan Reynolds,PIT,RF,31,2.6,2.7,0.988,High,8.8,654,0.0
ricebe01,Ben Rice,NYA,1B,27,1.0,1.0,1.024,Medium,0.9,528,0.0
rileyau01,Austin Riley,ATL,3B,29,2.4,2.4,0.969,Medium,9.4,447,0.0
rittery01,Ryan Ritter,COL,SS,26,-0.8,-0.8,1.071,Low,-0.8,207,0.0
rivasle01,Leo Rivas,SEA,2B,29,-0.7,-0.8,0.969,Medium,-1.6,111,0.0
riverem01,Emmanuel Rivera,BAL,3B,30,-0.6,-0.6,1.036,High,-1.2,127,0.0
roberlu01,Luis Robert,CHA,CF,29,1.6,1.6,0.969,Medium,6.5,428,0.0
roberwi02,Will Robertson,CHA,LF,29,-2.1,-2.1,0.969,Low,-2.1,75,0.0
roblevi01,Victor Robles,SEA,RF,29,-0.2,-0.3,0.969,Medium,0.1,114,0.0
rocchbr01,Brayan Rocchio,CLE,SS,25,-0.0,-0.0,1.054,High,-0.8,383,0.0
rodenal01,Alan Roden,MIN,LF,27,-1.6,-1.5,1.024,Low,-1.5,153,0.0
rodgebr02,Brendan Rodgers,HOU,2B,30,-0.4,-0.4,1.036,High,-0.4,128,0.0
rodrien01,Endy Rodríguez,PIT,1B,26,-1.7,-1.6,1.071,Medium,-2.6,57,0.0
rodrijo08,Johnathan Rodríguez,CLE,RF,27,-1.7,-1.7,1.024,Low,-1.7,77,0.0
rodriju01,Julio Rodriguez,SEA,CF,26,5.2,4.9,1.071,High,14.4,710,0.0
rogerja03,Jake Rogers,DET,C,31,-0.1,-0.1,0.988,High,0.9,142,0.0
rojasjo01,Josh Rojas,CHA,3B,32,-0.4,-0.5,0.94,High,-0.4,211,0.0
rojasjo03,Johan Rojas,PHI,CF,26,-0.3,-0.3,1.071,High,-0.4,172,0.0
rojasmi02,Miguel Rojas,LAN,2B,37,1.0,1.0,0.994,High,2.8,317,0.0
rookebr01,Brent Rooker,ATH,DH,32,3.5,3.7,0.94,High,10.7,698,0.0
rortvbe01,Ben Rortvedt,LAN,C,29,-0.6,-0.7,0.969,High,-1.8,128,0.0
rosaram01,Amed Rosario,NYA,3B,31,0.1,0.1,0.988,High,0.9,191,0.0
ruizke01,Keibert Ruiz,WAS,C,28,0.4,0.4,1.031,High,2.6,267,0.0
rushida01,Dalton Rushing,LAN,C,25,-0.8,-0.7,1.054,Low,-0.7,155,0.0
rutscad01,Adley Rutschman,BAL,C,28,2.9,2.8,1.031,Medium,10.8,365,0.0
saggeth01,Thomas Saggese,SLN,2B,24,-0.8,-0.9,0.946,Medium,-2.1,295,0.0
sanchga02,Gary Sanchez,BAL,C,34,-0.6,-0.6,0.962,High,-0.9,101,0.0
sanchje02,Jesus Sanchez,HOU,RF,29,0.9,1.0,0.969,High,3.1,497,0.0
sanojja01,Javier Sanoja,MIA,3B,24,1.2,1.2,0.946,Low,1.2,342,0.0
santaan02,Anthony Santander,TOR,DH,32,0.8,0.8,0.94,Medium,5.3,221,0.0
santaca01,Carlos Santana,CHN,1B,40,0.8,0.9,0.877,High,3.9,474,0.0
schanno01,Nolan Schanuel,LAA,1B,24,0.9,1.0,0.946,High,1.9,564,0.0
schmica01,Casey Schmitt,SFN,2B,27,-0.2,-0.2,1.024,High,-1.2,348,0.0
schneda03,Davis Schneider,TOR,LF,27,0.1,0.1,1.024,High,0.1,227,0.0
schneda04,Daniel Schneemann,CLE,2B,29,0.3,0.3,0.969,Medium,0.4,422,0.0
schuema01,Max Schuemann,ATH,2B,29,0.1,0.1,0.969,Medium,0.6,213,0.0
schwaky01,Kyle Schwarber,PHI,DH,33,5.5,5.6,0.982,High,15.7,724,0.0
scottvi01,Victor Scott,SLN,CF,25,0.3,0.3,1.054,Medium,-0.1,463,0.0
seageco01,Corey Seager,TEX,SS,32,4.0,4.3,0.94,High,14.6,445,0.0
seiglan01,Anthony Seigler,MIL,3B,27,-1.6,-1.5,1.024,Low,-1.5,73,0.0
semiema01,Marcus Semien,TEX,2B,36,3.1,3.2,0.969,Medium,11.5,534,0.0
sengeha01,Hayden Senger,NYN,C,29,-1.5,-1.6,0.969,Low,-1.6,78,0.0
seymobo01,Bob Seymour,TBA,1B,28,-1.9,-1.8,1.031,Low,-1.8,83,0.0
shawma01,Matt Shaw,CHN,3B,25,1.5,1.4,1.054,Low,1.4,437,0.0
sheetga01,Gavin Sheets,SDN,LF,30,0.6,0.6,1.036,High,0.5,545,0.0
shortza01,Zack Short,HOU,SS,31,-1.1,-1.2,0.988,High,-2.8,56,0.0
simonro01,Ronny Simon,PIT,RF,26,-1.9,-1.8,1.071,Low,-1.8,88,0.0
simpsch01,Chandler Simpson,TBA,CF,26,1.0,0.9,1.071,Low,0.9,439,0.0
slateau01,Austin Slater,NYA,LF,34,-0.9,-0.9,0.962,High,-2.1,160,0.0
smithca07,Cam Smith,HOU,RF,23,0.4,0.3,1.132,Low,0.3,493,0.0
smithdo02,Dominic Smith,SFN,1B,31,-0.3,-0.3,0.988,High,-0.4,225,0.0
smithjo09,Josh Smith,TEX,SS,29,2.3,2.3,0.969,High,5.9,562,0.0
smithpa04,Pavin Smith,ARI,DH,30,-0.4,-0.4,1.036,High,-1.7,287,0.0
smithwi05,Will Smith,LAN,C,31,4.5,4.6,0.988,High,13.4,436,0.0
soderty01,Tyler Soderstrom,ATH,LF,25,1.1,1.1,1.054,Medium,0.4,624,0.0
sogarni01,Nick Sogard,BOS,1B,29,-1.5,-1.5,0.969,Medium,-3.0,104,0.0
solando01,Donovan Solano,TEX,2B,39,0.1,0.1,1.148,High,1.5,179,0.0
solerjo01,Jorge Soler,LAA,RF,34,0.8,0.8,0.962,High,4.0,314,0.0
sosaed01,Edmundo Sosa,PHI,2B,30,0.7,0.7,1.036,High,2.0,260,0.0
sosale01,Lenyn Sosa,CHA,2B,26,0.5,0.5,1.071,High,0.0,544,0.0
sotoju01,Juan Soto,NYN,RF,28,7.8,7.6,1.031,High,22.9,714,0.0
springe01,George Springer,TOR,DH,37,3.4,3.4,0.994,Medium,8.4,579,0.0
stallja01,Jacob Stallings,BAL,C,37,-0.6,-0.7,0.994,High,-1.0,129,0.0
stantmi03,Giancarlo Stanton,NYA,DH,37,0.3,0.3,0.994,High,0.2,280,0.0
steersp01,Spencer Steer,CIN,1B,29,2.1,2.2,0.969,High,7.8,568,0.0
stephty01,Tyler Stephenson,CIN,C,30,2.5,2.4,1.036,High,7.7,342,0.0
stewasa02,Sal Stewart,CIN,1B,23,-1.8,-1.6,1.132,Low,-1.6,58,0.0
storytr01,Trevor Story,BOS,SS,34,1.7,1.8,0.962,Medium,2.3,654,0.0
stottbr01,Bryson Stott,PHI,2B,29,2.9,2.9,0.969,High,9.0,560,0.0
stoweky01,Kyle Stowers,MIA,LF,28,2.0,1.9,1.031,Medium,2.6,457,0.0
strawmy01,Myles Straw,TOR,CF,32,1.0,1.1,0.94,Medium,1.8,299,0.0
suareeu01,Eugenio Suarez,SEA,3B,35,3.9,4.2,0.937,High,11.8,657,0.0
suwinja01,Jack Suwinski,PIT,CF,28,0.2,0.2,1.031,Medium,2.6,178,0.0
suzukse01,Seiya Suzuki,CHN,DH,32,3.0,3.2,0.94,High,10.0,651,0.0
swansda01,Dansby Swanson,CHN,SS,32,3.3,3.5,0.94,High,11.0,645,0.0
sweentr01,Trey Sweeney,DET,SS,26,-0.7,-0.6,1.071,Medium,-1.5,326,0.0
tatisfe02,Fernando Tatis,SDN,RF,27,4.4,4.3,1.024,High,11.5,691,0.0
tauchmi01,Mike Tauchman,CHA,RF,36,1.1,1.1,0.969,High,3.7,385,0.0
taverle01,Leody Taveras,SEA,CF,28,0.4,0.4,1.031,Medium,3.1,180,0.0
tawati01,Tim Tawa,ARI,2B,27,-0.9,-0.8,1.024,Low,-0.8,225,0.0
tayloch03,Chris Taylor,LAA,LF,36,-0.9,-0.9,0.969,High,-1.6,125,0.0
taylomi02,Michael Taylor,CHA,CF,35,0.3,0.3,0.937,High,1.5,325,0.0
tayloty01,Tyrone Taylor,NYN,CF,32,0.0,0.0,0.94,High,-0.2,340,0.0
teelky01,Kyle Teel,CHA,C,24,1.8,1.9,0.946,Low,1.9,297,0.0
tellero01,Rowdy Tellez,TEX,1B,31,-0.5,-0.5,0.988,High,-1.6,312,0.0
tenajo01,José Tena,WAS,3B,25,-1.0,-1.0,1.054,Medium,-2.0,169,0.0
teodobr01,Bryce Teodosio,LAA,CF,27,-1.2,-1.1,1.024,Low,-1.1,150,0.0
thaisma01,Matt Thaiss,TBA,C,31,-0.0,-0.0,0.988,High,0.3,190,0.0
thomaal01,Alek Thomas,ARI,CF,26,0.4,0.4,1.071,High,0.6,469,0.0
thomaco03,Colby Thomas,ATH,RF,25,-1.4,-1.3,1.054,Low,-1.3,132,0.0
thomala02,Lane Thomas,CLE,CF,31,0.2,0.2,0.988,Medium,3.0,142,0.0
toglimi01,Michael Toglia,COL,1B,28,-0.9,-0.8,1.031,High,-2.4,337,0.0
tolbety01,Tyler Tolbert,KCA,CF,28,-0.4,-0.4,1.031,Low,-0.4,57,0.0
torkesp01,Spencer Torkelson,DET,1B,27,1.6,1.6,1.024,High,4.3,649,0.0
toroab01,Abraham Toro,BOS,1B,30,-0.7,-0.7,1.036,Medium,-1.1,284,0.0
torregl01,Gleyber Torres,DET,2B,30,3.8,3.6,1.036,High,11.0,628,0.0
torrelu01,Luis Torrens,NYN,C,30,-0.1,-0.1,1.036,Medium,-0.4,283,0.0
tovarez01,Ezequiel Tovar,COL,SS,25,2.6,2.5,1.054,High,8.2,390,0.0
trammta01,Taylor Trammell,HOU,CF,29,-1.1,-1.1,0.969,Medium,-2.6,135,0.0
trevijo01,Jose Trevino,CIN,C,34,-0.2,-0.2,0.962,High,-1.2,302,0.0
triolja01,Jared Triolo,PIT,SS,28,1.0,1.0,1.031,High,2.7,376,0.0
troutmi01,Mike Trout,LAA,DH,35,1.2,1.3,0.937,High,3.9,555,0.0
tuckeky01,Kyle Tucker,CHN,RF,29,4.3,4.4,0.969,High,13.5,595,0.0
turanbr02,Brice Turang,MIL,2B,27,3.7,3.6,1.024,Medium,8.5,659,0.0
turneju01,Justin Turner,CHN,1B,42,0.0,0.0,0.909,Medium,1.9,191,0.0
turnetr01,Trea Turner,PHI,SS,33,4.9,5.0,0.982,High,14.7,639,0.0
uriaslu01,Luis Urias,ATH,2B,29,-0.6,-0.6,0.969,High,-2.1,327,0.0
uriasra01,Ramon Urias,HOU,2B,32,0.8,0.8,0.94,High,2.6,391,0.0
urshegi01,Gio Urshela,ATH,3B,35,-0.7,-0.7,0.937,High,-1.8,197,0.0
valdeen01,Enmanuel Valdez,PIT,1B,28,-1.2,-1.2,1.031,High,-3.0,102,0.0
vargail01,Ildemaro Vargas,ARI,2B,35,-0.8,-0.9,0.937,High,-2.2,121,0.0
vargami01,Miguel Vargas,CHA,3B,27,0.6,0.6,1.024,Medium,0.3,569,0.0
varshda01,Daulton Varsho,TOR,CF,30,1.6,1.5,1.036,High,4.6,271,0.0
vaughan01,Andrew Vaughn,MIL,1B,28,0.5,0.5,1.031,High,2.1,447,0.0
vazquch01,Christian Vazquez,MIN,C,36,-0.5,-0.5,0.969,High,-1.1,214,0.0
vazqulu01,Luis Vázquez,BAL,3B,27,-1.5,-1.5,1.024,Low,-1.5,53,0.0
verdual01,Alex Verdugo,ATL,LF,30,-0.4,-0.4,1.036,High,0.3,213,0.0
vientma01,Mark Vientos,NYN,3B,27,1.0,1.0,1.024,Medium,2.2,463,0.0
vierlma01,Matt Vierling,DET,CF,30,0.5,0.4,1.036,Medium,2.7,100,0.0
vivasjo01,Jorbit Vivas,NYA,2B,25,-1.6,-1.5,1.054,Low,-1.5,64,0.0
volpean01,Anthony Volpe,NYA,SS,25,1.8,1.7,1.054,High,5.7,596,0.0
wadela01,LaMonte Wade,LAA,1B,32,-0.0,-0.0,0.94,Medium,2.0,242,0.0
wadety01,Tyler Wade,SDN,CF,32,-0.9,-0.9,0.94,High,-2.9,127,0.0
wagamer01,Eric Wagaman,MIA,1B,29,-0.7,-0.7,0.969,Medium,-1.8,514,0.0
wagnewi01,Will Wagner,SDN,3B,28,-1.2,-1.1,1.031,Medium,-2.3,149,0.0
walkech02,Christian Walker,HOU,1B,35,2.1,2.2,0.937,High,8.2,640,0.0
walkejo02,Jordan Walker,SLN,RF,24,-0.8,-0.9,0.946,High,-1.4,396,0.0
wallnma01,Matt Wallner,MIN,RF,29,1.1,1.1,0.969,High,3.3,392,0.0
wallsta01,Taylor Walls,TBA,SS,30,0.1,0.1,1.036,High,0.2,317,0.0
wardta01,Taylor Ward,LAA,LF,33,2.5,2.5,0.982,High,6.5,663,0.0
waterdr01,Drew Waters,KCA,LF,28,-0.8,-0.8,1.031,Medium,-0.8,219,0.0
wellsau01,Austin Wells,NYA,C,27,1.4,1.4,1.024,Medium,2.8,447,0.0
westbjo01,Jordan Westburg,BAL,3B,27,1.2,1.2,1.024,High,3.2,352,0.0
whiteel04,Eli White,ATL,RF,32,-0.3,-0.4,0.94,Low,-0.4,271,0.0
wiemejo01,Joey Wiemer,MIA,RF,27,-0.9,-0.9,1.024,Medium,-0.7,61,0.0
willibe03,Ben Williamson,SEA,3B,26,-0.6,-0.6,1.071,Low,-0.6,295,0.0
willica02,Carson Williams,TBA,SS,23,-1.8,-1.6,1.132,Low,-1.6,106,0.0
wilsoja04,Jacob Wilson,ATH,SS,24,1.6,1.7,0.946,Medium,2.1,523,0.0
wilsowe01,Weston Wilson,PHI,LF,32,-1.2,-1.3,0.94,Medium,-2.4,125,0.0
wilsowi03,Will Wilson,CLE,2B,28,-1.6,-1.6,1.031,Low,-1.6,91,0.0
winkeje01,Jesse Winker,NYN,DH,33,-0.5,-0.5,0.982,Medium,-1.1,81,0.0
winnma01,Masyn Winn,SLN,SS,24,1.9,2.0,0.946,Medium,4.5,537,0.0
wiselbr01,Brett Wisely,ATL,2B,27,-1.2,-1.2,1.024,High,-3.4,63,0.0
wittbo02,Bobby Witt,KCA,SS,26,8.6,8.0,1.071,Medium,23.5,687,0.0
wongco01,Connor Wong,BOS,C,30,0.7,0.6,1.036,Medium,3.6,188,0.0
woodja03,James Wood,WAS,LF,24,2.7,2.9,0.946,Medium,4.9,689,0.0
wynnsau01,Austin Wynns,ATH,C,36,-0.6,-0.6,0.969,Medium,-1.6,110,0.0
yastrmi01,Mike Yastrzemski,KCA,RF,36,1.4,1.4,0.969,High,3.9,558,0.0
yelicch01,Christian Yelich,MIL,DH,35,2.6,2.8,0.937,High,8.8,644,0.0
yorkeni01,Nick Yorke,PIT,2B,24,-1.5,-1.6,0.946,Low,-1.6,72,0.0
yoshima02,Masataka Yoshida,BOS,DH,33,0.1,0.1,0.982,High,2.0,205,0.0
youngco01,Cole Young,SEA,2B,23,-0.9,-0.8,1.132,Low,-0.8,257,0.0
youngja03,Jacob Young,WAS,CF,27,0.2,0.2,1.024,High,0.4,364,0.0
abbotan01,Andrew Abbott,CIN,P,27,2.1,2.1,1.024,High,5.1,0,166.3
abelmi01,Mick Abel,MIN,P,25,-0.3,-0.2,1.054,Low,-0.2,0,39.0
abreubr01,Bryan Abreu,HOU,P,29,2.3,2.4,0.969,High,6.8,0,71.0
adamja01,Jason Adam,SDN,P,35,1.6,1.7,0.937,High,4.9,0,65.3
adamstr01,Travis Adams,MIN,P,26,-0.4,-0.4,1.071,Low,-0.4,0,33.7
agnosza01,Zach Agnos,COL,P,26,-0.5,-0.4,1.071,Low,-0.4,0,31.3
akinke01,Keegan Akin,BAL,P,31,0.8,0.9,0.988,High,2.9,0,63.3
alcaljo01,Jorge Alcala,SLN,P,31,-0.0,-0.0,0.988,Medium,0.3,0,55.0
alcansa01,Sandy Alcantara,MIA,P,31,2.4,2.4,0.988,Medium,5.2,0,174.7
alexaja01,Jason Alexander,HOU,P,33,-0.1,-0.1,0.982,Low,-0.1,0,77.3
alexaty01,Tyler Alexander,CHA,P,32,1.0,1.1,0.94,High,2.5,0,97.7
allarko01,Kolby Allard,CLE,P,29,0.7,0.7,0.969,Medium,1.1,0,65.0
allenlo02,Logan Allen,CLE,P,28,0.9,0.9,1.031,High,2.3,0,156.7
altavda01,Dan Altavilla,CHA,P,34,-0.3,-0.4,0.962,Low,-0.4,0,29.0
alvaran01,Andrew Alvarez,WAS,P,27,0.2,0.2,1.024,Low,0.2,0,23.3
alvarel01,Elvis Alvarado,ATH,P,27,0.2,0.2,1.024,Low,0.2,0,42.3
alvarjo03,Jose Alvarado,PHI,P,31,0.8,0.8,0.988,High,3.0,0,26.0
andergr01,Grant Anderson,MIL,P,29,0.3,0.3,0.969,High,0.3,0,69.7
anderty01,Tyler Anderson,LAA,P,37,0.1,0.1,0.994,High,0.9,0,136.3
armstsh01,Shawn Armstrong,TEX,P,36,1.8,1.9,0.969,High,5.3,0,74.0
arrigsp01,Spencer Arrighetti,HOU,P,26,0.3,0.3,1.071,Medium,1.2,0,35.3
ashbyaa01,Aaron Ashby,MIL,P,28,1.5,1.5,1.031,Medium,2.6,0,66.7
ashcrbr01,Braxton Ashcraft,PIT,P,27,2.0,1.9,1.024,Low,2.0,0,69.7
ashcrgr01,Graham Ashcraft,CIN,P,28,1.2,1.2,1.031,High,2.7,0,65.3
assadja01,Javier Assad,CHN,P,29,0.6,0.6,0.969,High,2.4,0,37.0
bachala01,Lake Bachar,MIA,P,31,0.8,0.8,0.988,Low,0.8,0,71.0
bachmsa01,Sam Bachman,LAA,P,27,0.1,0.1,1.024,Low,0.1,0,20.3
backhky01,Kyle Backhus,ARI,P,28,0.1,0.1,1.031,Low,0.1,0,25.3
bakerbr01,Bryan Baker,TBA,P,32,0.8,0.8,0.94,High,2.1,0,68.7
bandaan01,Anthony Banda,LAN,P,33,0.6,0.7,0.982,Medium,1.4,0,65.0
banksta01,Tanner Banks,PHI,P,35,1.3,1.4,0.937,High,3.7,0,67.3
barlosc01,Scott Barlow,CIN,P,34,0.5,0.5,0.962,High,2.3,0,68.3
barnema02,Mason Barnett,ATH,P,26,-0.3,-0.3,1.071,Low,-0.3,0,22.3
bassich01,Chris Bassitt,TOR,P,37,2.6,2.6,0.994,High,7.8,0,170.3
bautife01,Felix Bautista,BAL,P,31,1.2,1.2,0.988,Medium,3.6,0,34.7
bazared01,Eduard Bazardo,SEA,P,31,1.3,1.3,0.988,Medium,2.3,0,78.7
bazsh01,Shane Baz,TBA,P,27,1.5,1.5,1.024,Medium,2.7,0,166.3
becktr01,Tristan Beck,SFN,P,30,0.8,0.8,1.036,Medium,1.8,0,56.7
bednada01,David Bednar,NYA,P,32,2.1,2.2,0.94,High,6.4,0,62.7
beeksja01,Jalen Beeks,ARI,P,33,0.9,0.9,0.982,High,2.7,0,57.3
beetecl01,Clayton Beeter,WAS,P,28,-0.2,-0.1,1.031,Low,-0.2,0,25.3
bellobr01,Brayan Bello,BOS,P,27,2.0,2.0,1.024,High,5.8,0,166.7
bellova01,Valente Bellozo,MIA,P,26,-0.4,-0.3,1.071,Medium,-0.8,0,81.3
bendean01,Anthony Bender,MIA,P,31,1.2,1.2,0.988,Medium,2.5,0,50.0
bergery01,Ryan Bergert,KCA,P,26,1.0,0.9,1.071,Low,0.9,0,76.3
bernabr01,Brennan Bernardino,BOS,P,34,0.9,0.9,0.962,High,2.8,0,51.7
berrijo01,Jose Berrios,TOR,P,32,1.6,1.6,0.94,High,5.8,0,166.0
bibeeta01,Tanner Bibee,CLE,P,27,2.9,2.8,1.024,High,9.2,0,182.3
bidoos01,Osvaldo Bido,ATH,P,31,-0.2,-0.2,0.988,High,0.4,0,79.7
biebesh01,Shane Bieber,TOR,P,31,0.7,0.7,0.988,Medium,2.4,0,40.3
birdja01,Jake Bird,NYA,P,31,0.6,0.7,0.988,High,2.3,0,55.3
birdsha01,Hayden Birdsong,SFN,P,25,-0.2,-0.2,1.054,Medium,-0.3,0,65.7
bivensp01,Spencer Bivens,SFN,P,32,1.0,1.0,0.94,Medium,1.7,0,81.0
blackpa01,Paul Blackburn,NYA,P,33,0.5,0.5,0.982,High,2.1,0,39.0
blalobr01,Bradley Blalock,COL,P,26,-1.5,-1.4,1.071,Medium,-2.5,0,58.7
blancro01,Ronel Blanco,HOU,P,33,0.7,0.7,0.982,High,1.8,0,48.3
blewesc01,Scott Blewett,ATL,P,30,-0.3,-0.3,1.036,Medium,-0.4,0,44.3
blubaaj01,AJ Blubaugh,HOU,P,26,0.0,0.0,1.071,Low,0.0,0,32.0
booseca01,Cam Booser,CHA,P,34,-0.2,-0.2,0.962,Medium,-0.0,0,31.0
borucry01,Ryan Borucki,TOR,P,32,0.4,0.4,0.94,Medium,1.0,0,35.0
boushca01,Caleb Boushley,TEX,P,33,0.5,0.5,0.982,Low,0.5,0,43.3
bowlajo01,Jonathan Bowlan,KCA,P,30,0.5,0.5,1.036,Low,0.5,0,44.3
bowmama01,Matthew Bowman,BAL,P,35,-0.1,-0.2,0.937,Medium,-0.3,0,24.7
boydma01,Matt Boyd,CHN,P,35,2.1,2.2,0.937,High,5.1,0,179.7
boylejo01,Joe Boyle,TBA,P,27,-0.1,-0.1,1.024,Medium,-0.4,0,52.0
bradiky01,Kyle Bradish,BAL,P,30,1.6,1.6,1.036,Medium,6.2,0,32.0
bradlta01,Taj Bradley,MIN,P,25,1.5,1.5,1.054,High,4.1,0,142.7
brashma01,Matt Brash,SEA,P,28,1.8,1.7,1.031,Medium,4.1,0,47.3
brasiry01,Ryan Brasier,CHN,P,39,0.8,0.7,1.148,High,2.6,0,26.0
brazohu01,Huascar Brazoban,NYN,P,37,0.9,0.9,0.994,High,2.7,0,63.0
brebbjo01,John Brebbia,ATL,P,36,0.0,0.0,0.969,High,0.6,0,23.3
briesbe01,Beau Brieske,DET,P,28,0.2,0.2,1.031,High,1.1,0,22.0
brogdco01,Connor Brogdon,LAA,P,31,-0.1,-0.1,0.988,Medium,-0.3,0,47.0
brownbe01,Ben Brown,CHN,P,27,1.4,1.3,1.024,Medium,2.6,0,106.3
brownhu01,Hunter Brown,HOU,P,28,4.1,4.0,1.031,High,10.5,0,185.3
brownmc01,McCade Brown,COL,P,26,-1.1,-1.0,1.071,Low,-1.0,0,25.7
brubajt01,JT Brubaker,SFN,P,33,0.5,0.5,0.982,Low,0.5,0,28.7
brzykza01,Zach Brzykcy,WAS,P,27,-0.6,-0.6,1.024,Low,-0.6,0,23.0
bubickr01,Kris Bubic,KCA,P,29,2.4,2.5,0.969,Medium,4.4,0,116.3
buehlwa01,Walker Buehler,PHI,P,32,-0.8,-0.9,0.94,Medium,-1.6,0,126.0
bummeaa01,Aaron Bummer,ATL,P,33,1.3,1.3,0.982,High,4.0,0,54.3
burkebr01,Brock Burke,LAA,P,30,0.7,0.6,1.036,High,1.6,0,61.7
burkese01,Sean Burke,CHA,P,27,0.2,0.2,1.024,Low,0.2,0,134.3
burneco01,Corbin Burnes,ARI,P,32,2.3,2.4,0.94,High,8.9,0,64.3
burnsch01,Chase Burns,CIN,P,23,1.2,1.1,1.132,Low,1.1,0,43.3
burromi01,Mike Burrows,PIT,P,27,1.4,1.4,1.024,Low,1.4,0,96.0
buttojo01,Jose Butto,SFN,P,28,1.0,0.9,1.031,High,2.4,0,67.0
cabreed02,Edward Cabrera,MIA,P,28,1.4,1.3,1.031,High,3.0,0,137.7
cabrege01,Genesis Cabrera,MIN,P,30,-0.3,-0.3,1.036,High,-0.2,0,42.7
camerno01,Noah Cameron,KCA,P,27,1.9,1.8,1.024,Low,1.8,0,138.3
cannigr01,Griffin Canning,NYN,P,30,0.8,0.7,1.036,High,2.4,0,76.3
cannojo02,Jonathan Cannon,CHA,P,26,0.3,0.2,1.071,Medium,0.7,0,103.7
canoye01,Yennier Cano,BAL,P,32,1.2,1.3,0.94,High,4.6,0,58.0
cantijo01,Joey Cantillo,CLE,P,27,1.3,1.3,1.024,Medium,2.1,0,95.3
carraca01,Carlos Carrasco,ATL,P,39,-0.4,-0.3,1.148,High,-1.0,0,45.7
caspabe01,Ben Casparius,LAN,P,27,1.6,1.6,1.024,Low,1.6,0,77.7
castijo03,Jose Castillo,BAL,P,30,0.0,0.0,1.036,Low,0.0,0,32.0
castilu02,Luis Castillo,SEA,P,34,3.2,3.3,0.962,High,10.2,0,180.7
cavalca01,Cade Cavalli,WAS,P,28,0.2,0.1,1.031,Low,0.2,0,48.7
ceasedy01,Dylan Cease,SDN,P,31,4.0,4.1,0.988,High,12.4,0,168.0
ceccosl01,Slade Cecconi,CLE,P,27,0.5,0.5,1.024,High,1.0,0,132.0
chafian01,Andrew Chafin,LAA,P,36,0.7,0.7,0.969,High,2.4,0,33.7
chandbu01,Bubba Chandler,PIT,P,24,0.6,0.7,0.946,Low,0.7,0,31.3
chapmar01,Aroldis Chapman,BOS,P,38,2.0,2.6,0.794,High,6.8,0,61.3
chivian01,Angel Chivilli,COL,P,24,-0.5,-0.6,0.946,Medium,-1.0,0,58.7
civalaa01,Aaron Civale,CHN,P,31,1.1,1.1,0.988,High,4.3,0,102.0
clarkta01,Taylor Clarke,KCA,P,33,0.7,0.7,0.982,Medium,1.0,0,55.3
claseem01,Emmanuel Clase,CLE,P,28,2.8,2.7,1.031,High,8.8,0,47.3
cleavga01,Garrett Cleavinger,TBA,P,32,1.1,1.2,0.94,Medium,2.2,0,61.3
corbipa01,Patrick Corbin,TEX,P,37,1.6,1.6,0.994,High,4.0,0,155.3
cortene01,Nestor Cortes,SDN,P,32,0.2,0.2,0.94,Medium,2.0,0,34.3
couloda01,Danny Coulombe,TEX,P,37,1.0,1.1,0.994,High,3.4,0,43.0
coxau01,Austin Cox,ATL,P,29,-0.5,-0.5,0.969,Medium,-0.5,0,21.3
crismna01,Nabil Crismatt,ARI,P,32,-0.1,-0.1,0.94,Low,-0.2,0,34.0
crochga01,Garrett Crochet,BOS,P,27,6.0,5.9,1.024,Medium,11.4,0,205.3
cruzfe01,Fernando Cruz,NYA,P,36,1.4,1.4,0.969,High,4.7,0,48.0
cruzst01,Steven Cruz,KCA,P,27,0.5,0.5,1.024,Low,0.5,0,45.7
curtijo02,John Curtiss,ARI,P,33,0.4,0.4,0.982,Low,0.4,0,36.7
danaca01,Caden Dana,LAA,P,23,-1.0,-0.9,1.132,Low,-0.9,0,32.3
darviyu01,Yu Darvish,SDN,P,40,0.7,0.8,0.877,High,3.4,0,72.0
degroja01,Jacob deGrom,TEX,P,38,2.3,2.9,0.794,Medium,4.8,0,172.7
delosen01,Enyel De Los Santos,HOU,P,31,0.7,0.7,0.988,High,2.2,0,66.0
delosye01,Yerry De Los Santos,NYA,P,29,0.4,0.4,0.969,Medium,0.6,0,35.7
desclan01,Anthony DeSclafani,ARI,P,36,-0.3,-0.3,0.969,Medium,0.3,0,38.7
detmere01,Reid Detmers,LAA,P,27,1.4,1.4,1.024,High,4.2,0,63.7
diazed04,Edwin Diaz,NYN,P,32,2.4,2.5,0.94,Medium,4.7,0,66.3
dobbihu01,Hunter Dobbins,BOS,P,27,0.8,0.8,1.024,Low,0.8,0,61.0
dodddy01,Dylan Dodd,ATL,P,28,0.1,0.1,1.031,Medium,-0.5,0,35.0
dollach01,Chase Dollander,COL,P,25,-0.8,-0.7,1.054,Low,-0.7,0,98.0
dominse01,Seranthony Dominguez,TOR,P,32,0.8,0.8,0.94,High,1.9,0,62.7
dovalca01,Camilo Doval,NYA,P,29,1.5,1.6,0.969,High,5.1,0,65.3
dreyeja01,Jack Dreyer,LAN,P,27,2.6,2.5,1.024,Low,2.5,0,76.3
dubinsh01,Shawn Dubin,BAL,P,31,0.1,0.1,0.988,Medium,0.4,0,33.7
dunnida01,Dane Dunning,ATL,P,32,0.2,0.2,0.94,High,1.8,0,20.7
duranjh01,Jhoan Duran,PHI,P,28,2.7,2.6,1.031,High,7.1,0,70.0
eflinza01,Zach Eflin,BAL,P,32,1.7,1.8,0.94,Medium,8.3,0,71.3
eiserbr01,Brandon Eisert,CHA,P,28,0.7,0.7,1.031,Low,0.7,0,69.7
elderbr01,Bryce Elder,ATL,P,27,1.1,1.1,1.024,High,3.4,0,156.3
englema01,Mason Englert,TBA,P,27,0.4,0.4,1.024,High,0.4,0,44.7
ennsdi01,Dietrich Enns,BAL,P,35,0.6,0.7,0.937,Low,0.7,0,46.3
enrigni01,Nic Enright,CLE,P,29,0.3,0.3,0.969,Low,0.3,0,31.0
eovalna01,Nathan Eovaldi,TEX,P,36,3.4,3.5,0.969,High,9.9,0,130.0
erceglu01,Lucas Erceg,KCA,P,31,1.6,1.6,0.988,High,4.6,0,61.3
estevca01,Carlos Estevez,KCA,P,34,1.6,1.6,0.962,High,4.6,0,66.0
estraje01,Jeremiah Estrada,SDN,P,28,2.1,2.0,1.031,Medium,4.2,0,73.0
evanslo01,Logan Evans,SEA,P,25,-0.1,-0.1,1.054,Low,-0.1,0,81.3
fairbpe01,Pete Fairbanks,TBA,P,33,1.4,1.4,0.982,High,4.2,0,60.3
falteba01,Bailey Falter,KCA,P,29,0.7,0.7,0.969,High,2.0,0,125.3
farrimi01,Mitch Farris,LAA,P,25,-0.2,-0.2,1.054,Low,-0.2,0,24.3
fauchca01,Calvin Faucher,MIA,P,31,0.9,0.9,0.988,High,2.5,0,60.3
feddeer01,Erick Fedde,MIL,P,33,1.0,1.0,0.982,Medium,3.0,0,141.0
feltnry01,Ryan Feltner,COL,P,30,0.7,0.7,1.036,High,2.3,0,30.3
ferguca01,Caleb Ferguson,SEA,P,30,1.5,1.4,1.036,High,4.2,0,65.3
ferguty01,Tyler Ferguson,ATH,P,33,0.7,0.7,0.982,Medium,1.6,0,58.0
fermijo02,José Fermin,LAA,P,25,-0.8,-0.7,1.054,Low,-0.7,0,34.3
fernary01,Ryan Fernandez,SLN,P,28,0.5,0.4,1.031,Medium,1.3,0,30.3
ferrejo01,Jose Ferrer,WAS,P,26,1.6,1.5,1.071,High,3.4,0,76.3
festada01,David Festa,MIN,P,26,0.4,0.3,1.071,Medium,0.9,0,53.3
festama01,Matt Festa,CLE,P,33,1.0,1.0,0.982,Medium,1.7,0,54.7
finneky01,Kyle Finnegan,DET,P,35,1.3,1.4,0.937,High,3.7,0,57.0
fishebr02,Braydon Fisher,TOR,P,26,1.4,1.3,1.071,Low,1.3,0,50.0
fittsri01,Richard Fitts,BOS,P,27,-0.3,-0.3,1.024,Medium,-0.5,0,45.0
flaheja01,Jack Flaherty,DET,P,31,2.8,2.9,0.988,High,8.2,0,161.0
flexech01,Chris Flexen,CHN,P,32,-0.1,-0.1,0.94,High,-0.6,0,43.7
fluhama01,Mason Fluharty,TOR,P,25,0.8,0.8,1.054,Low,0.8,0,52.7
francbo01,Bowden Francis,TOR,P,30,-0.4,-0.4,1.036,High,-0.2,0,64.0
freelky01,Kyle Freeland,COL,P,33,1.3,1.3,0.982,High,2.9,0,162.7
friedma01,Max Fried,NYA,P,32,4.2,4.5,0.94,High,11.8,0,195.3
fulmeca01,Carson Fulmer,LAA,P,33,0.1,0.1,0.982,Medium,0.4,0,29.3
fundeko01,Kody Funderburk,MIN,P,30,0.5,0.5,1.036,Medium,0.8,0,41.0
gaddihu01,Hunter Gaddis,CLE,P,28,1.5,1.5,1.031,High,3.8,0,66.7
gagema01,Matt Gage,SFN,P,33,0.7,0.7,0.982,Low,0.7,0,31.0
galleza01,Zac Gallen,ARI,P,31,3.1,3.1,0.988,High,11.0,0,192.0
garcilu03,Luis Garcia,LAA,P,39,1.3,1.1,1.148,High,3.0,0,55.3
garciri01,Rico Garcia,BAL,P,32,0.4,0.5,0.94,Low,0.5,0,34.3
garciro04,Robert Garcia,TEX,P,30,1.5,1.5,1.036,High,4.1,0,64.0
garciyi01,Yimi Garcia,TOR,P,36,0.5,0.5,0.969,High,2.4,0,21.0
garrere01,Reed Garrett,NYN,P,33,1.2,1.2,0.982,Medium,2.4,0,55.3
gausmke01,Kevin Gausman,TOR,P,35,4.2,4.5,0.937,High,13.8,0,193.0
gibauia01,Ian Gibaut,CIN,P,33,0.4,0.4,0.982,Medium,1.3,0,25.3
gibsoca01,Cade Gibson,MIA,P,28,0.9,0.9,1.031,Low,0.9,0,54.7
gilbelo01,Logan Gilbert,SEA,P,29,3.9,4.0,0.969,High,12.6,0,131.0
gilbety01,Tyler Gilbert,CHA,P,33,0.6,0.6,0.982,Low,0.6,0,51.0
gillico01,Connor Gillispie,MIA,P,29,-0.5,-0.5,0.969,Low,-0.5,0,26.0
gillu01,Luis Gil,NYA,P,28,0.7,0.6,1.031,Medium,1.8,0,57.0
ginkeke01,Kevin Ginkel,ARI,P,32,1.2,1.2,0.94,High,4.6,0,25.7
ginnjt01,J. T. Ginn,ATH,P,27,0.4,0.4,1.024,Medium,0.7,0,90.3
giolilu01,Lucas Giolito,BOS,P,32,1.3,1.4,0.94,Medium,1.9,0,145.0
gipsosa01,Sawyer Gipson-Long,DET,P,29,-0.3,-0.3,0.969,Medium,-0.3,0,31.3
glasnty01,Tyler Glasnow,LAN,P,33,2.6,2.6,0.982,High,9.0,0,90.3
gombeau01,Austin Gomber,COL,P,33,-0.3,-0.3,0.982,High,-0.3,0,57.7
gomezyo01,Yoendrys Gómez,CHA,P,27,-0.4,-0.3,1.024,Low,-0.4,0,62.7
gonsoto01,Tony Gonsolin,LAN,P,32,-0.6,-0.6,0.94,Medium,-1.0,0,36.0
gonzawi02,Wikelman González,CHA,P,24,0.1,0.1,0.946,Low,0.1,0,20.3
gordoco01,Colton Gordon,HOU,P,28,-0.3,-0.3,1.031,Low,-0.3,0,86.0
gordota01,Tanner Gordon,COL,P,29,-0.2,-0.2,0.969,Medium,-0.6,0,75.3
gorema01,MacKenzie Gore,WAS,P,27,2.8,2.7,1.024,High,7.2,0,159.7
gracego01,Gordon Graceffo,SLN,P,26,1.1,1.0,1.071,Low,1.0,0,43.0
granian01,Andre Granillo,SLN,P,26,-0.1,-0.1,1.071,Low,-0.1,0,21.0
grayso01,Sonny Gray,SLN,P,37,4.8,4.8,0.994,High,15.0,0,180.7
greench03,Chad Green,TOR,P,35,-0.3,-0.3,0.937,Medium,-0.2,0,43.7
greenhu01,Hunter Greene,CIN,P,27,2.6,2.6,1.024,High,7.2,0,107.7
gustory01,Ryan Gusto,MIA,P,27,0.6,0.6,1.024,Low,0.6,0,101.7
haderjo01,Josh Hader,HOU,P,32,1.7,1.8,0.94,High,5.7,0,52.7
hagenju01,Justin Hagenman,NYN,P,30,0.1,0.1,1.036,Low,0.1,0,23.7
halldl01,DL Hall,MIL,P,28,0.2,0.2,1.031,Medium,0.4,0,38.7
halvose01,Seth Halvorsen,COL,P,26,-0.2,-0.2,1.071,Low,-0.2,0,39.7
hamilia01,Ian Hamilton,NYA,P,31,0.6,0.7,0.988,High,2.6,0,40.0
hancoem01,Emerson Hancock,SEA,P,27,-0.3,-0.3,1.024,Medium,-0.6,0,90.0
hanifbr01,Brenan Hanifee,DET,P,28,1.2,1.1,1.031,Medium,2.0,0,60.0
harriho02,Hogan Harris,ATH,P,30,0.7,0.7,1.036,High,1.6,0,64.7
harriky01,Kyle Harrison,BOS,P,25,0.5,0.5,1.054,High,1.3,0,35.7
hartky01,Kyle Hart,SDN,P,34,-0.2,-0.2,0.962,Low,-0.2,0,43.0
hatchto01,Thomas Hatch,MIN,P,32,-0.4,-0.4,0.94,Medium,-0.4,0,34.0
headrbr01,Brent Headrick,NYA,P,29,-0.1,-0.1,0.969,Medium,-0.4,0,23.0
heanean01,Andrew Heaney,LAN,P,35,0.6,0.6,0.937,High,2.9,0,122.3
helslry01,Ryan Helsley,NYN,P,32,1.6,1.7,0.94,High,5.4,0,56.0
hendelo01,Logan Henderson,MIL,P,24,0.3,0.3,0.946,Low,0.4,0,25.3
hendrky01,Kyle Hendricks,LAA,P,37,1.3,1.3,0.994,High,4.4,0,164.7
henriro01,Ronny Henriquez,MIA,P,26,2.2,2.1,1.071,Low,2.1,0,73.0
henryco01,Cole Henry,WAS,P,27,-0.5,-0.4,1.024,Low,-0.4,0,52.7
hergeji01,Jimmy Herget,COL,P,33,1.3,1.4,0.982,Medium,1.7,0,83.3
hernaca04,Carlos Hernandez,CLE,P,29,0.4,0.5,0.969,High,1.6,0,43.3
hernada03,Daysbel Hernández,ATL,P,30,-0.6,-0.6,1.036,Low,-0.6,0,37.0
herriti01,Tim Herrin,CLE,P,30,0.5,0.5,1.036,High,1.9,0,42.7
hicksjo03,Jordan Hicks,BOS,P,30,0.9,0.9,1.036,High,3.2,0,67.3
hillja01,Jaden Hill,COL,P,27,0.4,0.4,1.024,Low,0.4,0,29.3
hillti01,Tim Hill,NYA,P,36,0.8,0.9,0.969,High,2.2,0,67.0
hodgepo01,Porter Hodge,CHN,P,25,0.2,0.2,1.054,Medium,0.8,0,33.0
hoffmje02,Jeff Hoffman,TOR,P,33,1.3,1.3,0.982,High,4.7,0,68.0
hoglugu01,Gunnar Hoglund,ATH,P,27,-0.9,-0.9,1.024,Low,-0.9,0,32.3
holdeco01,Colin Holderman,PIT,P,31,0.1,0.1,0.988,High,1.3,0,25.7
holmagr01,Grant Holman,ATH,P,26,-0.1,-0.1,1.071,Low,-0.1,0,23.0
holmecl01,Clay Holmes,NYN,P,33,2.3,2.3,0.982,High,7.0,0,165.7
holmegr01,Grant Holmes,ATL,P,30,1.2,1.2,1.036,Medium,2.5,0,115.0
holtoty01,Tyler Holton,DET,P,30,1.7,1.6,1.036,High,5.5,0,78.7
hortoca01,Cade Horton,CHN,P,25,2.6,2.4,1.054,Low,2.4,0,118.0
houckta01,Tanner Houck,BOS,P,30,1.2,1.1,1.036,Medium,4.6,0,43.7
housead01,Adrian Houser,TBA,P,33,1.4,1.4,0.982,High,3.9,0,125.0
hurtebr01,Brant Hurter,DET,P,28,1.1,1.1,1.031,Medium,2.1,0,63.0
iglesra01,Raisel Iglesias,ATL,P,36,2.2,2.3,0.969,High,6.9,0,67.3
imanash01,Shota Imanaga,CHN,P,33,1.8,1.8,0.982,Medium,4.3,0,144.7
irvinja01,Jake Irvin,WAS,P,29,0.1,0.1,0.969,High,0.9,0,180.0
jackslu01,Luke Jackson,SEA,P,35,0.4,0.4,0.937,High,1.4,0,51.0
jacobal01,Alek Jacob,SDN,P,28,-0.5,-0.5,1.031,Low,-0.5,0,33.3
janseke01,Kenley Jansen,LAA,P,39,1.5,1.3,1.148,High,4.0,0,59.0
jarvibr01,Bryce Jarvis,ARI,P,29,-0.2,-0.2,0.969,High,-0.6,0,22.0
javiecr01,Cristian Javier,HOU,P,29,0.4,0.5,0.969,High,1.7,0,37.0
jaxgr01,Griffin Jax,TBA,P,32,2.4,2.6,0.94,High,7.6,0,66.0
jobeja01,Jackson Jobe,DET,P,24,-0.4,-0.4,0.946,Low,-0.4,0,49.0
johnspi01,Pierce Johnson,ATL,P,35,1.0,1.1,0.937,High,3.4,0,59.0
junisja01,Jakob Junis,CLE,P,34,1.4,1.4,0.962,High,4.3,0,66.7
junkja01,Janson Junk,MIA,P,30,3.1,3.0,1.036,Low,3.0,0,110.0
kahnlto01,Tommy Kahnle,DET,P,37,0.5,0.5,0.994,High,1.5,0,63.0
kellebr01,Brad Keller,CHN,P,31,0.6,0.6,0.988,High,0.0,0,69.7
kellemi03,Mitch Keller,PIT,P,30,3.1,3.0,1.036,High,9.3,0,176.3
kellyke02,Kevin Kelly,TBA,P,29,0.8,0.8,0.969,High,3.5,0,39.7
kellyme01,Merrill Kelly,TEX,P,38,2.1,2.7,0.794,High,7.6,0,184.0
kellymi03,Michael Kelly,ATH,P,34,0.1,0.1,0.962,Medium,0.4,0,39.7
kellyza01,Zack Kelly,BOS,P,31,0.4,0.4,0.988,Medium,0.6,0,35.3
kerkeor01,Orion Kerkering,PHI,P,25,1.6,1.5,1.054,Medium,3.4,0,60.0
kershcl01,Clayton Kershaw,LAN,P,38,1.3,1.7,0.794,High,4.8,0,112.7
kikucyu01,Yusei Kikuchi,LAA,P,35,2.7,2.9,0.937,High,9.1,0,178.3
kingbr01,Bryan King,HOU,P,30,1.2,1.1,1.036,Medium,2.0,0,68.0
kingjo01,John King,SLN,P,32,0.5,0.5,0.94,High,1.9,0,48.3
kingmi01,Mike King,SDN,P,31,2.1,2.1,0.988,High,7.7,0,73.3
kinlety01,Tyler Kinley,ATL,P,35,1.0,1.0,0.937,Medium,1.8,0,72.7
kirbyge01,George Kirby,SEA,P,28,4.2,4.1,1.031,High,13.3,0,126.0
kittran01,Andrew Kittredge,CHN,P,36,1.4,1.4,0.969,Medium,2.8,0,53.0
knackla01,Landon Knack,LAN,P,29,-0.3,-0.3,0.969,Medium,-0.3,0,42.3
kochaja01,Jack Kochanowicz,LAA,P,26,-1.0,-0.9,1.071,Medium,-1.3,0,111.0
koenija01,Jared Koenig,MIL,P,32,1.5,1.6,0.94,Medium,3.2,0,66.0
kolekst01,Stephen Kolek,KCA,P,29,1.5,1.5,0.969,Medium,2.8,0,112.7
kranima01,Max Kranick,NYN,P,29,0.4,0.4,0.969,Low,0.4,0,37.0
kremede01,Dean Kremer,BAL,P,30,2.3,2.2,1.036,High,6.1,0,171.7
latzja01,Jake Latz,TEX,P,30,0.9,0.8,1.036,Medium,1.2,0,85.7
lauerer01,Eric Lauer,TOR,P,31,0.8,0.8,0.988,Medium,0.2,0,104.7
lazarma01,Max Lazar,PHI,P,27,0.0,0.0,1.024,Low,0.0,0,41.3
leahyky01,Kyle Leahy,SLN,P,29,1.9,1.9,0.969,Medium,3.4,0,88.0
leasujo01,Jordan Leasure,CHA,P,28,0.2,0.2,1.031,Medium,0.1,0,64.3
leech02,Chase Lee,DET,P,28,0.2,0.2,1.031,Low,0.2,0,37.3
leedy01,Dylan Lee,ATL,P,32,1.1,1.1,0.94,High,2.9,0,68.3
legumca01,Casey Legumina,SEA,P,29,0.3,0.3,0.969,Low,0.4,0,49.7
leiteja01,Jack Leiter,TEX,P,26,1.1,1.0,1.071,Medium,1.4,0,151.7
leitema02,Mark Leiter,NYA,P,35,1.1,1.2,0.937,High,3.7,0,48.3
liberma01,Matthew Liberatore,SLN,P,27,1.7,1.7,1.024,High,4.2,0,151.7
litteza01,Zack Littell,CIN,P,31,1.6,1.6,0.988,High,5.2,0,186.7
littlbr02,Brendon Little,TOR,P,30,1.1,1.1,1.036,Medium,1.8,0,68.3
livelbe01,Ben Lively,CLE,P,34,0.3,0.3,0.962,High,1.0,0,44.7
loaisjo01,Jonathan Loaisiga,NYA,P,32,-0.4,-0.4,0.94,Low,-0.4,0,29.7
lodolni01,Nick Lodolo,CIN,P,28,1.9,1.9,1.031,High,4.1,0,156.7
longsa01,Sam Long,KCA,P,31,0.0,0.0,0.988,High,0.4,0,40.3
lopezja04,Jacob Lopez,ATH,P,28,0.9,0.9,1.031,Low,0.9,0,92.7
lopezjo02,Jorge Lopez,WAS,P,33,0.3,0.3,0.982,High,0.8,0,24.7
lopezpa01,Pablo Lopez,MIN,P,30,3.2,3.1,1.036,High,10.8,0,75.7
lordbr02,Brad Lord,WAS,P,26,1.7,1.6,1.071,Low,1.6,0,130.7
lorenmi01,Michael Lorenzen,KCA,P,34,1.0,1.0,0.962,High,3.1,0,141.7
lucasea01,Easton Lucas,TOR,P,30,-0.4,-0.4,1.036,Low,-0.4,0,24.3
lucchjo01,Joey Lucchesi,SFN,P,33,0.4,0.4,0.982,Medium,0.8,0,38.3
lugose01,Seth Lugo,KCA,P,37,2.2,2.3,0.994,Medium,8.4,0,145.3
luzarje01,Jesus Luzardo,PHI,P,29,3.7,3.8,0.969,Medium,10.3,0,183.7
lynchda02,Daniel Lynch,KCA,P,30,0.2,0.2,1.036,High,0.3,0,67.7
mahlety01,Tyler Mahle,TEX,P,32,1.3,1.4,0.94,Medium,2.0,0,86.7
manaese01,Sean Manaea,NYN,P,34,1.5,1.6,0.962,High,5.6,0,60.7
marquge01,German Marquez,COL,P,31,-0.4,-0.4,0.988,Medium,-0.7,0,126.3
martich02,Chris Martin,TEX,P,40,1.1,1.2,0.877,High,4.1,0,42.3
martida03,Davis Martin,CHA,P,29,0.7,0.7,0.969,Medium,1.3,0,142.7
martini01,Nick Martinez,CIN,P,36,2.4,2.5,0.969,High,7.7,0,165.7
matonph01,Phil Maton,TEX,P,33,1.5,1.6,0.982,High,4.2,0,61.3
matsuyu01,Yuki Matsui,SDN,P,31,0.5,0.5,0.988,Medium,1.2,0,63.3
matthze01,Zebby Matthews,MIN,P,26,0.7,0.6,1.071,Medium,0.8,0,79.3
mattsis01,Isaac Mattson,PIT,P,31,0.8,0.8,0.988,Low,0.8,0,47.7
matzst01,Steven Matz,BOS,P,35,1.2,1.3,0.937,High,3.6,0,76.7
maydu01,Dustin May,BOS,P,29,0.5,0.5,0.969,Medium,1.3,0,132.3
mazurad01,Adam Mazur,MIA,P,25,-0.5,-0.5,1.054,Medium,-1.1,0,30.0
mcculla02,Lance McCullers,HOU,P,33,-1.2,-1.2,0.982,Low,-1.2,0,55.3
mcgremi01,Michael McGreevy,SLN,P,26,0.9,0.8,1.071,Medium,1.5,0,95.7
mcleano01,Nolan McLean,NYN,P,25,1.1,1.1,1.054,Low,1.1,0,48.0
mearsni01,Nick Mears,MIL,P,30,1.2,1.1,1.036,Medium,2.4,0,56.7
megiltr01,Trevor Megill,MIL,P,33,1.6,1.6,0.982,High,4.4,0,47.0
megilty01,Tylor Megill,NYN,P,31,1.1,1.1,0.988,High,3.0,0,68.3
mejiaju01,Juan Mejia,COL,P,26,1.2,1.1,1.071,Low,1.1,0,61.3
meltotr01,Troy Melton,DET,P,26,0.1,0.1,1.071,Low,0.1,0,45.7
messipa01,Parker Messick,CLE,P,26,0.9,0.9,1.071,Low,0.9,0,39.7
meyerma01,Max Meyer,MIA,P,27,-0.0,-0.0,1.024,Medium,-0.3,0,64.7
meylu01,Luis Mey,CIN,P,25,-0.7,-0.6,1.054,Low,-0.6,0,21.0
mikolmi01,Miles Mikolas,SLN,P,38,1.2,1.5,0.794,High,5.8,0,156.3
millebr04,Bryce Miller,SEA,P,28,1.6,1.6,1.031,Medium,6.1,0,90.3
milleer01,Erik Miller,SFN,P,28,0.5,0.5,1.031,Medium,1.3,0,30.0
millema03,Mason Miller,SDN,P,28,2.4,2.3,1.031,High,6.1,0,61.7
millesh01,Shelby Miller,MIL,P,36,0.8,0.8,0.969,High,2.2,0,46.0
milneho01,Hoby Milner,TEX,P,35,1.7,1.8,0.937,High,5.4,0,70.3
misioja01,Jacob Misiorowski,MIL,P,24,1.0,1.1,0.946,Low,1.0,0,66.0
mizeca01,Casey Mize,DET,P,29,2.2,2.3,0.969,Medium,4.2,0,149.0
mlodzca01,Carmen Mlodzinski,PIT,P,27,1.6,1.5,1.024,High,3.7,0,99.0
molinan01,Anthony Molina,COL,P,24,-0.3,-0.4,0.946,Medium,-0.3,0,34.7
montafr01,Frankie Montas,NYN,P,33,0.1,0.1,0.982,Medium,0.6,0,38.7
monteke01,Keider Montero,DET,P,26,0.0,0.0,1.071,Medium,0.0,0,90.7
montera01,Rafael Montero,DET,P,36,0.2,0.2,0.969,High,0.5,0,60.3
montgma01,Mason Montgomery,TBA,P,26,0.6,0.5,1.071,Low,0.5,0,46.0
morallu01,Luis Morales,ATH,P,24,0.0,0.1,0.946,Low,0.0,0,48.7
morejad01,Adrian Morejon,SDN,P,27,2.7,2.6,1.024,Medium,5.0,0,73.7
morgada01,David Morgan,SDN,P,27,0.7,0.7,1.024,Low,0.7,0,47.3
morilju02,Juan Morillo,ARI,P,27,0.4,0.4,1.024,Low,0.4,0,34.3
mortoch02,Charlie Morton,ATL,P,43,1.0,1.0,0.97,High,4.2,0,142.0
munozan01,Andres Munoz,SEA,P,27,2.3,2.2,1.024,High,6.0,0,62.3
murphch01,Chris Murphy,BOS,P,28,-0.0,-0.0,1.031,Medium,0.4,0,34.7
myersto01,Tobias Myers,MIL,P,28,1.3,1.2,1.031,Medium,2.9,0,50.7
nanceto01,Tommy Nance,TOR,P,35,0.7,0.7,0.937,Medium,1.2,0,31.7
nelsory01,Ryne Nelson,ARI,P,28,2.6,2.5,1.031,High,6.4,0,154.0
nerishe01,Hector Neris,HOU,P,37,0.3,0.3,0.994,High,1.8,0,26.7
newcose01,Sean Newcomb,ATH,P,33,2.5,2.5,0.982,Low,2.6,0,92.3
nicolky01,Kyle Nicolas,PIT,P,27,0.5,0.4,1.024,Medium,0.9,0,38.0
nolaaa01,Aaron Nola,PHI,P,33,2.0,2.0,0.982,High,7.5,0,94.3
oberba01,Bailey Ober,MIN,P,31,1.8,1.9,0.988,High,6.6,0,146.3
obrieri01,Riley O'Brien,SLN,P,31,0.8,0.8,0.988,Low,0.8,0,48.0
ogasash01,Shinnosuke Ogasawara,WAS,P,29,-0.7,-0.7,0.969,Low,-0.7,0,38.7
ohlpi01,Pierson Ohl,MIN,P,27,0.1,0.1,1.024,Low,0.1,0,30.0
okertst01,Steven Okert,HOU,P,35,1.3,1.3,0.937,High,3.2,0,71.7
olsonre01,Reese Olson,DET,P,27,1.9,1.8,1.024,High,5.8,0,68.7
ortizlu03,Luis Ortiz,CLE,P,27,0.8,0.8,1.024,High,1.8,0,88.7
ortka01,Kaleb Ort,HOU,P,34,-0.2,-0.2,0.962,High,-0.7,0,46.0
orzeer01,Eric Orze,TBA,P,29,0.4,0.4,0.969,Low,0.4,0,41.7
oviedjo01,Johan Oviedo,PIT,P,28,0.3,0.3,1.031,Medium,1.4,0,40.3
paddach01,Chris Paddack,DET,P,30,0.7,0.7,1.036,Medium,1.5,0,158.0
paganem01,Emilio Pagan,CIN,P,35,1.3,1.4,0.937,High,4.1,0,68.7
palenda01,Daniel Palencia,CHN,P,26,1.3,1.2,1.071,Medium,1.8,0,52.7
pallaan01,Andre Pallante,SLN,P,28,1.4,1.3,1.031,High,3.9,0,162.7
palmqca01,Carson Palmquist,COL,P,26,-1.9,-1.8,1.071,Low,-1.8,0,34.3
parkemi01,Mitchell Parker,WAS,P,27,1.3,1.3,1.024,Medium,3.2,0,164.7
patrich01,Chad Patrick,MIL,P,28,2.6,2.5,1.031,Low,2.5,0,119.7
payamjo01,Joel Payamps,ATL,P,32,0.7,0.7,0.94,High,3.0,0,26.3
peguejo01,Joel Peguero,SFN,P,29,0.1,0.1,0.969,Low,0.1,0,22.3
pepiory01,Ryan Pepiot,TBA,P,29,1.5,1.6,0.969,High,4.2,0,167.7
peralfr01,Freddy Peralta,MIL,P,30,3.2,3.1,1.036,High,9.0,0,176.7
peralwa01,Wandy Peralta,SDN,P,35,0.7,0.7,0.937,High,1.3,0,71.7
perezci01,Cionel Perez,BAL,P,30,0.2,0.2,1.036,High,1.4,0,21.7
perezeu02,Eury Pérez,MIA,P,23,1.8,1.6,1.132,Medium,3.0,0,95.3
perezma02,Martin Perez,CHA,P,35,0.4,0.4,0.937,High,1.4,0,56.0
perkija01,Jack Perkins,ATH,P,27,0.2,0.2,1.024,Low,0.2,0,38.7
peterda01,David Peterson,NYN,P,31,2.8,2.8,0.988,High,7.2,0,168.7
pfaadbr01,Brandon Pfaadt,ARI,P,28,2.5,2.4,1.031,High,6.5,0,176.7
phillco01,Connor Phillips,CIN,P,25,-0.1,-0.1,1.054,Medium,-0.4,0,25.0
phillty01,Tyler Phillips,MIA,P,29,0.5,0.5,0.969,Medium,0.7,0,77.7
pilkiko01,Konnor Pilkington,WAS,P,29,-0.6,-0.6,0.969,Low,-0.6,0,28.3
pivetni01,Nick Pivetta,SDN,P,33,3.2,3.2,0.982,High,8.7,0,181.7
pomerdr01,Drew Pomeranz,CHN,P,38,0.9,1.1,0.794,Low,1.2,0,49.7
poulipj01,PJ Poulin,WAS,P,30,0.2,0.1,1.036,Low,0.2,0,24.7
povicca01,Cade Povich,BAL,P,26,1.0,0.9,1.071,Medium,1.6,0,112.3
pressry01,Ryan Pressly,CHN,P,38,0.7,0.9,0.794,High,3.6,0,41.3
priesqu01,Quinn Priester,MIL,P,26,1.0,1.0,1.071,High,1.2,0,157.3
quantca01,Cal Quantrill,ATL,P,31,0.0,0.0,0.988,High,0.2,0,117.7
quintjo01,Jose Quintana,MIL,P,37,1.0,1.0,0.994,High,3.4,0,131.7
raganco01,Cole Ragans,KCA,P,29,3.0,3.0,0.969,High,9.6,0,61.7
raleybr01,Brooks Raley,NYN,P,38,0.7,0.9,0.794,Medium,1.9,0,25.7
ramiryo01,Yohan Ramirez,PIT,P,31,0.3,0.3,0.988,High,0.7,0,33.3
rasmudr01,Drew Rasmussen,TBA,P,31,1.9,2.0,0.988,High,5.1,0,150.0
rayro02,Robbie Ray,SFN,P,35,1.7,1.8,0.937,Medium,2.8,0,182.3
reaco01,Colin Rea,CHN,P,36,1.5,1.6,0.969,High,4.0,0,159.3
reynose01,Sean Reynolds,SDN,P,28,-0.5,-0.5,1.031,Low,-0.5,0,27.0
ribalor01,Orlando Ribalta,WAS,P,28,-0.9,-0.8,1.031,Low,-0.8,0,24.3
richaly01,Lyon Richardson,CIN,P,26,0.3,0.2,1.071,Low,0.2,0,37.7
rockeku01,Kumar Rocker,TEX,P,27,0.1,0.1,1.024,Low,0.0,0,64.3
rodonca01,Carlos Rodon,NYA,P,34,2.2,2.3,0.962,Medium,4.9,0,195.3
rodried05,Eduardo Rodriguez,ARI,P,33,1.3,1.3,0.982,High,4.6,0,154.3
rodrima01,Manuel Rodriguez,TBA,P,30,0.6,0.6,1.036,Medium,1.2,0,30.3
rodrira02,Randy Rodríguez,SFN,P,27,1.6,1.5,1.024,Medium,2.9,0,50.7
rodriya01,Yariel Rodríguez,TOR,P,29,0.7,0.7,0.969,Medium,1.5,0,73.0
rogerta01,Taylor Rogers,CHN,P,36,0.7,0.7,0.969,High,2.5,0,50.7
rogertr01,Trevor Rogers,BAL,P,29,2.4,2.4,0.969,Medium,4.3,0,109.7
rogerty01,Tyler Rogers,NYN,P,36,2.1,2.1,0.969,High,5.9,0,77.3
rolisry01,Ryan Rolison,COL,P,29,-1.0,-1.0,0.969,Low,-1.0,0,42.3
romanjo03,Jordan Romano,PHI,P,33,0.3,0.4,0.982,Medium,1.5,0,42.7
romerjo01,JoJo Romero,SLN,P,30,1.3,1.2,1.036,High,3.5,0,61.0
rossjo01,Joe Ross,PHI,P,33,0.4,0.4,0.982,Medium,1.1,0,51.0
rouppla01,Landen Roupp,SFN,P,28,1.4,1.3,1.031,Medium,2.4,0,106.7
roycrch01,Chris Roycroft,SLN,P,29,-0.0,-0.0,0.969,Medium,0.1,0,20.7
rutleja01,Jackson Rutledge,WAS,P,27,-0.3,-0.3,1.024,Medium,-0.7,0,73.3
ryanjo04,Joe Ryan,MIN,P,30,3.3,3.1,1.036,High,9.1,0,171.0
saalfan01,Andrew Saalfrank,ARI,P,29,0.5,0.5,0.969,Low,0.5,0,29.0
sabroer01,Erik Sabrowski,CLE,P,29,0.1,0.1,0.969,Low,0.1,0,29.3
salazed01,Eduardo Salazar,WAS,P,28,-0.3,-0.3,1.031,Medium,-0.4,0,29.0
salech01,Chris Sale,ATL,P,37,4.6,4.6,0.994,Medium,13.3,0,125.7
sanchcr01,Cristopher Sanchez,PHI,P,30,5.8,5.6,1.036,Medium,14.3,0,202.0
sandsco01,Cole Sands,MIN,P,29,1.4,1.5,0.969,High,3.7,0,72.0
santade01,Dennis Santana,PIT,P,30,2.2,2.1,1.036,Medium,4.3,0,70.3
santito01,Tony Santillan,CIN,P,29,1.2,1.3,0.969,Medium,2.3,0,73.7
sasakro01,Roki Sasaki,LAN,P,25,-0.8,-0.7,1.054,Low,-0.7,0,36.3
sauerma01,Matt Sauer,LAN,P,27,-0.3,-0.3,1.024,Low,-0.3,0,29.7
scherma01,Max Scherzer,TOR,P,42,0.5,0.5,0.909,High,2.4,0,85.0
schlica01,Cam Schlittler,NYA,P,25,1.2,1.1,1.054,Low,1.1,0,73.0
schmicl01,Clarke Schmidt,NYA,P,30,1.4,1.4,1.036,High,4.5,0,78.7
schrejo01,John Schreiber,KCA,P,32,0.9,1.0,0.94,High,2.7,0,64.0
schulpa01,Paxton Schultz,TOR,P,28,0.0,0.0,1.031,Low,0.0,0,24.7
schwesp01,Spencer Schwellenbach,ATL,P,26,3.1,2.9,1.071,Medium,5.9,0,110.7
scottta01,Tanner Scott,LAN,P,32,1.5,1.6,0.94,High,6.4,0,57.0
scottta02,Tayler Scott,ARI,P,34,-0.2,-0.2,0.962,Medium,0.0,0,27.3
searsjp01,JP Sears,SDN,P,30,0.5,0.4,1.036,High,1.6,0,135.7
sengako01,Kodai Senga,NYN,P,33,1.9,1.9,0.982,Medium,4.7,0,113.3
senzaan01,Antonio Senzatela,COL,P,31,-0.6,-0.6,0.988,Low,-0.6,0,130.0
severlu01,Luis Severino,ATH,P,32,1.5,1.6,0.94,High,3.6,0,162.7
seymoca01,Carson Seymour,SFN,P,28,-0.7,-0.7,1.031,Low,-0.7,0,36.0
seymoia01,Ian Seymour,TBA,P,28,1.2,1.2,1.031,Low,1.2,0,57.0
sheehem01,Emmet Sheehan,LAN,P,27,1.4,1.4,1.024,Medium,2.0,0,73.3
shugach01,Chase Shugart,PIT,P,30,0.1,0.1,1.036,Low,0.1,0,45.0
simpsjo02,Josh Simpson,MIA,P,29,-0.5,-0.6,0.969,Low,-0.6,0,30.7
singebr01,Brady Singer,CIN,P,30,2.8,2.7,1.036,High,7.8,0,169.7
skenepa01,Paul Skenes,PIT,P,24,5.9,6.3,0.946,Medium,12.0,0,187.7
skubata01,Tarik Skubal,DET,P,30,6.6,6.4,1.036,Medium,17.6,0,195.3
slateju01,Justin Slaten,BOS,P,29,1.0,1.0,0.969,Medium,2.3,0,34.0
smithaj01,AJ Smith-Shawver,ATL,P,24,0.1,0.1,0.946,Medium,-0.3,0,44.3
smithca05,Cade Smith,CLE,P,27,3.8,3.7,1.024,Medium,7.5,0,73.7
smithsh02,Shane Smith,CHA,P,26,2.1,2.0,1.071,Low,2.0,0,146.3
snellbl01,Blake Snell,LAN,P,34,2.6,2.7,0.962,High,9.1,0,61.3
snideco01,Collin Snider,SEA,P,31,0.3,0.3,0.988,High,0.6,0,26.3
soriage01,George Soriano,MIA,P,27,-0.5,-0.5,1.024,High,-1.1,0,36.7
soriajo02,José Soriano,LAA,P,28,2.3,2.2,1.031,High,5.4,0,169.0
sorokmi01,Mike Soroka,CHN,P,29,0.2,0.2,0.969,High,-0.1,0,89.7
sotogr01,Gregory Soto,NYN,P,31,1.2,1.3,0.988,High,3.7,0,60.3
sousabe01,Bennett Sousa,HOU,P,31,1.6,1.6,0.988,Low,1.6,0,50.7
speiega01,Gabe Speier,SEA,P,31,1.6,1.6,0.988,High,4.1,0,62.0
spencmi01,Mitch Spence,ATH,P,28,0.7,0.7,1.031,Medium,1.9,0,84.7
sprinje01,Jeffrey Springs,ATH,P,34,0.8,0.9,0.962,Medium,1.5,0,171.0
sproabr01,Brandon Sproat,NYN,P,26,0.3,0.2,1.071,Low,0.2,0,20.7
stanery01,Ryne Stanek,NYN,P,35,0.5,0.5,0.937,High,1.6,0,56.0
steelju01,Justin Steele,CHN,P,31,1.9,2.0,0.988,Medium,8.4,0,22.7
sternju01,Justin Sterner,ATH,P,30,0.8,0.8,1.036,Low,0.8,0,65.0
stewabr01,Brock Stewart,LAN,P,35,0.8,0.8,0.937,Medium,1.6,0,37.7
strahma01,Matt Strahm,PHI,P,35,2.0,2.2,0.937,High,6.7,0,62.3
stratch01,Chris Stratton,LAN,P,36,0.3,0.3,0.969,High,1.9,0,21.0
strichu01,Hunter Strickland,LAA,P,38,0.2,0.3,0.794,Medium,0.8,0,22.0
stridsp01,Spencer Strider,ATL,P,28,2.4,2.3,1.031,Medium,6.8,0,125.3
stromma01,Marcus Stroman,NYA,P,35,0.7,0.8,0.937,High,3.8,0,39.0
strowka01,Kade Strowd,BAL,P,29,0.3,0.3,0.969,Low,0.3,0,26.3
suarera01,Ranger Suarez,PHI,P,31,3.6,3.6,0.988,High,9.9,0,157.3
suarero01,Robert Suarez,SDN,P,35,1.9,2.0,0.937,High,4.8,0,69.7
suganto01,Tomoyuki Sugano,BAL,P,37,-0.2,-0.2,0.994,Low,-0.2,0,157.0
sulseco01,Cole Sulser,TBA,P,36,0.4,0.4,0.969,Low,0.4,0,22.7
suterbr01,Brent Suter,CIN,P,37,0.8,0.8,0.994,High,2.9,0,67.7
svansma01,Matt Svanson,SLN,P,27,1.8,1.8,1.024,Low,1.8,0,60.3
taillja01,Jameson Taillon,CHN,P,35,1.6,1.7,0.937,High,5.4,0,129.7
taylogr02,Grant Taylor,CHA,P,24,1.6,1.6,0.946,Low,1.6,0,36.7
tengka01,Kai-Wei Teng,SFN,P,28,0.1,0.1,1.031,Low,0.1,0,29.7
thielca01,Caleb Thielbar,CHN,P,39,1.3,1.1,1.148,High,2.6,0,58.0
thompry02,Ryan Thompson,ARI,P,34,0.9,0.9,0.962,High,2.6,0,41.3
thorntr01,Trent Thornton,SEA,P,33,0.6,0.6,0.982,High,2.0,0,42.3
tonkimi01,Michael Tonkin,MIN,P,37,0.6,0.6,0.994,High,2.4,0,24.0
topaju01,Justin Topa,MIN,P,35,1.7,1.8,0.937,Medium,3.7,0,60.0
treinbl01,Blake Treinen,LAN,P,38,0.2,0.3,0.794,Medium,1.0,0,26.7
trivilo01,Lou Trivino,PHI,P,35,0.2,0.2,0.937,Low,0.2,0,47.7
ucetaed01,Edwin Uceta,TBA,P,28,1.7,1.6,1.031,Medium,3.3,0,76.0
urenajo01,Jose Urena,LAA,P,35,-0.2,-0.2,0.937,High,-1.0,0,55.0
uribeab01,Abner Uribe,MIL,P,26,2.1,2.0,1.071,Medium,3.1,0,75.3
valdefr01,Framber Valdez,HOU,P,33,4.5,4.6,0.982,High,13.8,0,192.0
vargaca01,Carlos Vargas,SEA,P,27,0.7,0.7,1.024,Low,0.7,0,77.0
varlalo01,Louie Varland,TOR,P,29,0.9,0.9,0.969,High,1.6,0,72.7
vasilmi01,Mike Vasil,CHA,P,26,0.9,0.8,1.071,Low,0.8,0,101.0
vasqura02,Randy Vásquez,SDN,P,28,0.4,0.4,1.031,High,0.8,0,133.7
venezan01,Anthony Veneziano,SLN,P,29,-0.1,-0.1,0.969,Low,-0.1,0,25.0
verlaju01,Justin Verlander,SFN,P,43,2.0,2.1,0.97,High,6.1,0,152.0
vesiaal01,Alex Vesia,LAN,P,30,1.3,1.2,1.036,High,3.7,0,59.7
vestwi01,Will Vest,DET,P,31,2.3,2.3,0.988,High,6.6,0,68.7
vodnivi01,Victor Vodnik,COL,P,27,0.9,0.9,1.024,Medium,1.8,0,50.7
wachami01,Michael Wacha,KCA,P,35,3.1,3.3,0.937,High,9.5,0,172.7
waddebr01,Brandon Waddell,NYN,P,32,-0.1,-0.1,0.94,Low,-0.1,0,31.3
waldrhu01,Hurston Waldrep,ATL,P,24,1.1,1.1,0.946,Low,1.1,0,56.3
walkery01,Ryan Walker,SFN,P,31,2.0,2.0,0.988,High,6.0,0,61.3
walketa01,Taijuan Walker,PHI,P,34,-0.2,-0.2,0.962,High,-0.4,0,123.7
waltebr01,Brandon Walter,HOU,P,30,0.4,0.4,1.036,Medium,0.5,0,53.7
warrewi01,Will Warren,NYA,P,27,1.4,1.4,1.024,Medium,2.2,0,162.3
weathry01,Ryan Weathers,MIA,P,27,0.2,0.2,1.024,High,0.3,0,38.3
weavelu01,Luke Weaver,NYA,P,33,1.1,1.1,0.982,High,2.8,0,64.7
webbja01,Jacob Webb,TEX,P,33,0.8,0.8,0.982,High,2.3,0,66.0
webblo01,Logan Webb,SFN,P,30,7.0,6.8,1.036,High,19.8,0,207.0
weissgr01,Greg Weissert,BOS,P,31,1.1,1.1,0.988,High,2.7,0,67.0
wellsty01,Tyler Wells,BAL,P,32,0.1,0.1,0.94,Medium,0.4,0,21.7
wentzjo01,Joey Wentz,ATL,P,29,0.7,0.7,0.969,High,1.1,0,98.0
wesneha01,Hayden Wesneski,HOU,P,29,-0.0,-0.0,0.969,High,-0.0,0,32.0
wheelza01,Zack Wheeler,PHI,P,36,4.8,4.9,0.969,High,15.4,0,149.7
whiseca01,Carson Whisenhunt,SFN,P,26,-0.9,-0.8,1.071,Low,-0.8,0,23.3
whitlga01,Garrett Whitlock,BOS,P,30,2.3,2.2,1.036,Medium,3.6,0,72.0
willide03,Devin Williams,NYA,P,32,1.7,1.8,0.94,High,5.3,0,62.0
williga01,Gavin Williams,CLE,P,27,1.4,1.4,1.024,High,3.8,0,167.7
willitr01,Trevor Williams,WAS,P,34,0.8,0.8,0.962,High,1.7,0,82.7
wilsobr02,Bryse Wilson,CHA,P,29,-0.2,-0.2,0.969,High,0.3,0,47.3
wilsoju10,Justin Wilson,BOS,P,39,1.1,1.0,1.148,Medium,1.7,0,48.3
wilsost02,Steven Wilson,CHA,P,32,0.0,0.0,0.94,High,-0.1,0,55.3
winnco01,Cole Winn,TEX,P,27,0.5,0.5,1.024,Low,0.5,0,41.7
wolfrgr01,Grant Wolfram,BAL,P,30,0.2,0.2,1.036,Low,0.2,0,26.7
woobr01,Bryan Woo,SEA,P,26,3.5,3.3,1.071,High,8.3,0,186.7
woodfja01,Jake Woodford,ARI,P,30,-0.2,-0.2,1.036,High,-1.0,0,36.3
woodrbr01,Brandon Woodruff,MIL,P,33,1.4,1.4,0.982,Medium,2.7,0,64.7
woodssi01,Simeon Woods Richardson,MIN,P,26,1.3,1.2,1.071,Medium,2.7,0,111.3
wroblju01,Justin Wrobleski,LAN,P,26,0.9,0.8,1.071,Medium,1.0,0,66.7
yamamyo01,Yoshinobu Yamamoto,LAN,P,28,4.5,4.3,1.031,Medium,8.1,0,173.7
yarbrry01,Ryan Yarbrough,NYA,P,35,0.3,0.3,0.937,High,1.4,0,64.0
yateski01,Kirby Yates,LAN,P,39,1.0,0.9,1.148,High,3.0,0,41.3
youngbr01,Brandon Young,BAL,P,28,-0.4,-0.3,1.031,Low,-0.3,0,57.7
zastrro01,Rob Zastryzny,MIL,P,34,-0.1,-0.1,0.962,Medium,-0.2,0,22.0
zeferry01,Ryan Zeferjahn,LAA,P,28,-0.4,-0.4,1.031,Low,-0.4,0,57.0
zerpaan01,Angel Zerpa,KCA,P,27,0.9,0.9,1.024,High,2.2,0,64.7
