date,year,series_type,vis_team,home_team,vis_runs,home_runs,run_diff,length_outs,extra_innings,one_run_game,blowout,vis_pitchers_used,home_pitchers_used,vis_sb,vis_cs,home_sb,home_cs,vis_mgr_id,vis_mgr_name,home_mgr_id,home_mgr_name,home_won
20121005,2012,WC,BAL,TEX,5,1,4,54,0,0,0,4,4,12,2,6,0,showb801,Buck Showalter,washr001,Ron Washington,0
20121005,2012,WC,SLN,ATL,6,3,3,54,0,0,0,6,5,5,0,7,0,mathm001,Mike Matheny,gonzf801,Fredi Gonzalez,0
20131001,2013,WC,CIN,PIT,2,6,4,51,0,0,0,7,3,6,0,2,0,baked002,Dusty Baker,hurdc001,Clint Hurdle,1
20131002,2013,WC,TBA,CLE,4,0,4,54,0,0,0,4,6,11,0,9,0,maddj801,Joe Maddon,frant001,Terry Francona,0
20140930,2014,WC,OAK,KCA,8,9,1,71,1,1,0,6,7,15,0,8,7,melvb001,Bob Melvin,yoste001,Ned Yost,1
20141001,2014,WC,SFN,PIT,8,0,8,54,0,0,1,1,6,7,0,10,0,bochb002,Bruce Bochy,hurdc001,Clint Hurdle,0
20151006,2015,WC,HOU,NYA,3,0,3,54,0,0,0,4,4,9,2,10,0,hinca001,A.J. Hinch,giraj001,Joe Girardi,0
20151007,2015,WC,CHN,PIT,4,0,4,54,0,0,0,1,5,10,2,11,0,maddj801,Joe Maddon,hurdc001,Clint Hurdle,0
20161004,2016,WC,BAL,TOR,2,5,3,64,1,0,0,7,6,12,1,11,0,showb801,Buck Showalter,gibbj001,John Gibbons,1
20161005,2016,WC,SFN,NYN,3,0,3,54,0,0,0,1,3,12,1,6,0,bochb002,Bruce Bochy,collt801,Terry Collins,0
20171003,2017,WC,MIN,NYA,4,8,4,51,0,0,0,6,5,13,1,5,0,molip001,Paul Molitor,giraj001,Joe Girardi,1
20171004,2017,WC,COL,ARI,8,11,3,51,0,0,0,8,6,6,0,11,0,blacb001,Buddy Black,lovut001,Tony Lovullo,1
20181002,2018,WC,COL,CHN,2,1,1,78,1,1,0,6,9,13,0,16,2,blacb001,Buddy Black,maddj801,Joe Maddon,0
20181003,2018,WC,OAK,NYA,2,7,5,51,0,0,1,6,5,13,0,6,1,melvb001,Bob Melvin,boona001,Aaron Boone,1
20191001,2019,WC,MIL,WAS,3,4,1,51,0,1,0,4,3,11,0,7,0,counc001,Craig Counsell,martd002,Dave Martinez,1
20191002,2019,WC,TBA,OAK,5,1,4,54,0,0,0,4,5,12,1,12,0,cashk001,Kevin Cash,melvb001,Bob Melvin,0
20200929,2020,WC,CHA,OAK,4,1,3,54,0,0,0,4,5,11,0,9,0,rentr001,Rich Renteria,melvb001,Bob Melvin,0
20200929,2020,WC,NYA,CLE,12,3,9,54,0,0,1,2,5,10,0,14,0,boona001,Aaron Boone,frant001,Terry Francona,0
20200929,2020,WC,HOU,MIN,4,1,3,54,0,0,0,2,6,7,0,6,1,baked002,Dusty Baker,baldr001,Rocco Baldelli,0
20200929,2020,WC,TOR,TBA,1,3,2,51,0,0,0,5,4,12,0,9,1,montc001,Charlie Montoyo,cashk001,Kevin Cash,1
20200930,2020,WC,CIN,ATL,0,1,1,76,1,1,0,6,8,16,1,21,1,belld002,David Bell,snitb801,Brian Snitker,1
20200930,2020,WC,MIA,CHN,5,1,4,54,0,0,0,4,5,9,2,7,0,mattd001,Don Mattingly,rossd001,David Ross,0
20200930,2020,WC,MIL,LAN,2,4,2,51,0,0,0,5,4,15,0,5,0,counc001,Craig Counsell,robed001,Dave Roberts,1
20200930,2020,WC,SLN,SDN,7,4,3,54,0,0,0,6,8,10,1,5,2,shilm801,Mike Shildt,tingj801,Jayce Tingler,0
20200930,2020,WC,CHA,OAK,3,5,2,51,0,0,0,4,3,10,0,6,0,rentr001,Rich Renteria,melvb001,Bob Melvin,1
20200930,2020,WC,NYA,CLE,10,9,1,54,0,1,0,5,7,13,0,11,0,boona001,Aaron Boone,frant001,Terry Francona,0
20200930,2020,WC,HOU,MIN,3,1,2,54,0,0,0,4,5,6,0,8,0,baked002,Dusty Baker,baldr001,Rocco Baldelli,0
20200930,2020,WC,TOR,TBA,2,8,6,51,0,0,1,6,4,11,0,11,0,montc001,Charlie Montoyo,cashk001,Kevin Cash,1
20201001,2020,WC,CIN,ATL,0,5,5,51,0,0,1,4,4,12,0,14,1,belld002,David Bell,snitb801,Brian Snitker,1
20201001,2020,WC,MIL,LAN,0,3,3,51,0,0,0,3,2,13,0,12,0,counc001,Craig Counsell,robed001,Dave Roberts,1
20201001,2020,WC,SLN,SDN,9,11,2,51,0,0,0,8,9,9,0,10,0,shilm801,Mike Shildt,tingj801,Jayce Tingler,1
20201001,2020,WC,CHA,OAK,4,6,2,51,0,0,0,9,8,8,1,7,0,rentr001,Rich Renteria,melvb001,Bob Melvin,1
20201002,2020,WC,MIA,CHN,2,0,2,54,0,0,0,5,3,8,1,9,0,mattd001,Don Mattingly,rossd001,David Ross,0
20201002,2020,WC,SLN,SDN,0,4,4,51,0,0,0,2,9,8,0,11,1,shilm801,Mike Shildt,tingj801,Jayce Tingler,1
20211005,2021,WC,NYA,BOS,2,6,4,51,0,0,0,5,5,11,0,9,0,boona001,Aaron Boone,coraa001,Alex Cora,1
20211006,2021,WC,SLN,LAN,1,3,2,53,0,0,0,5,6,10,3,7,2,shilm801,Mike Shildt,robed001,Dave Roberts,1
20221007,2022,WC,SDN,NYN,7,1,6,54,0,0,1,3,5,11,0,5,3,melvb001,Bob Melvin,showb801,Buck Showalter,0
20221007,2022,WC,PHI,SLN,6,3,3,54,0,0,0,4,5,7,0,7,0,thomr801,Rob Thomson,marmo801,Oliver Marmol,0
20221007,2022,WC,TBA,CLE,1,2,1,51,0,1,0,2,2,9,1,7,0,cashk001,Kevin Cash,frant001,Terry Francona,1
20221007,2022,WC,SEA,TOR,4,0,4,54,0,0,0,2,6,6,0,7,0,servs002,Scott Servais,schnj801,John Schneider,0
20221008,2022,WC,SDN,NYN,3,7,4,51,0,0,0,5,4,11,0,9,0,melvb001,Bob Melvin,showb801,Buck Showalter,1
20221008,2022,WC,PHI,SLN,2,0,2,54,0,0,0,4,4,7,0,8,0,thomr801,Rob Thomson,marmo801,Oliver Marmol,0
20221008,2022,WC,TBA,CLE,0,1,1,87,1,1,0,8,8,20,1,19,1,cashk001,Kevin Cash,frant001,Terry Francona,1
20221008,2022,WC,SEA,TOR,10,9,1,54,0,1,0,8,6,14,0,8,2,servs002,Scott Servais,schnj801,John Schneider,0
20221009,2022,WC,SDN,NYN,6,0,6,54,0,0,1,3,7,9,1,8,0,melvb001,Bob Melvin,showb801,Buck Showalter,0
20231003,2023,WC,ARI,MIL,6,3,3,54,0,0,0,7,7,10,2,11,0,lovut001,Tony Lovullo,counc001,Craig Counsell,0
20231003,2023,WC,MIA,PHI,1,4,3,51,0,0,0,5,4,10,0,10,2,schus001,Skip Schumaker,thomr801,Rob Thomson,1
20231003,2023,WC,TOR,MIN,1,3,2,51,0,0,0,6,5,7,0,11,0,schnj801,John Schneider,baldr001,Rocco Baldelli,1
20231003,2023,WC,TEX,TBA,4,0,4,54,0,0,0,3,4,11,2,7,0,bochb002,Bruce Bochy,cashk001,Kevin Cash,0
20231004,2023,WC,ARI,MIL,5,2,3,54,0,0,0,5,5,11,0,8,1,lovut001,Tony Lovullo,counc001,Craig Counsell,0
20231004,2023,WC,MIA,PHI,1,7,6,51,0,0,1,5,3,6,0,12,0,schus001,Skip Schumaker,thomr801,Rob Thomson,1
20231004,2023,WC,TOR,MIN,0,2,2,51,0,0,0,5,6,12,0,10,1,schnj801,John Schneider,baldr001,Rocco Baldelli,1
20231004,2023,WC,TEX,TBA,7,1,6,54,0,0,1,3,4,10,1,11,0,bochb002,Bruce Bochy,cashk001,Kevin Cash,0
20241001,2024,WC,NYN,MIL,8,4,4,54,0,0,0,3,5,8,0,7,0,mendc801,Carlos Mendoza,murpp801,Pat Murphy,0
20241001,2024,WC,ATL,SDN,0,4,4,51,0,0,0,4,3,15,1,5,0,snitb801,Brian Snitker,shilm801,Mike Shildt,1
20241001,2024,WC,KCA,BAL,1,0,1,54,0,1,0,4,3,4,2,10,0,quatm801,Matt Quatraro,hydeb801,Brandon Hyde,0
20241001,2024,WC,DET,HOU,3,1,2,54,0,0,0,5,6,10,1,10,0,hinca001,A.J. Hinch,espaj801,Joey Espada,0
20241002,2024,WC,NYN,MIL,3,5,2,51,0,0,0,4,6,7,1,5,0,mendc801,Carlos Mendoza,murpp801,Pat Murphy,1
20241002,2024,WC,ATL,SDN,4,5,1,51,0,1,0,5,6,8,0,6,0,snitb801,Brian Snitker,shilm801,Mike Shildt,1
20241002,2024,WC,KCA,BAL,2,1,1,54,0,1,0,6,7,10,1,12,0,quatm801,Matt Quatraro,hydeb801,Brandon Hyde,0
20241002,2024,WC,DET,HOU,5,2,3,54,0,0,0,7,4,13,1,5,1,hinca001,A.J. Hinch,espaj801,Joey Espada,0
20241003,2024,WC,NYN,MIL,4,2,2,54,0,0,0,4,6,9,1,9,5,mendc801,Carlos Mendoza,murpp801,Pat Murphy,0
20250930,2025,WC,SDN,CHN,1,3,2,51,0,0,0,5,5,6,0,13,0,shilm801,Mike Shildt,counc001,Craig Counsell,1
20250930,2025,WC,CIN,LAN,5,10,5,51,0,0,1,5,5,12,0,12,0,frant001,Terry Francona,robed001,Dave Roberts,1
20250930,2025,WC,DET,CLE,2,1,1,54,0,1,0,2,4,13,0,15,0,hinca001,A.J. Hinch,vogts001,Stephen Vogt,0
20250930,2025,WC,BOS,NYA,3,1,2,54,0,0,0,2,6,8,1,13,0,coraa001,Alex Cora,boona001,Aaron Boone,0
20251001,2025,WC,SDN,CHN,3,0,3,54,0,0,0,4,6,6,2,11,0,shilm801,Mike Shildt,counc001,Craig Counsell,0
20251001,2025,WC,CIN,LAN,4,8,4,51,0,0,0,5,5,13,1,3,0,frant001,Terry Francona,robed001,Dave Roberts,1
20251001,2025,WC,DET,CLE,1,6,5,51,0,0,1,5,6,11,0,3,0,hinca001,A.J. Hinch,vogts001,Stephen Vogt,1
20251001,2025,WC,BOS,NYA,3,4,1,51,0,1,0,7,4,9,0,5,1,coraa001,Alex Cora,boona001,Aaron Boone,1
20251002,2025,WC,SDN,CHN,1,3,2,51,0,0,0,7,6,8,1,11,0,shilm801,Mike Shildt,counc001,Craig Counsell,1
20251002,2025,WC,DET,CLE,6,3,3,54,0,0,0,5,8,9,0,6,0,hinca001,A.J. Hinch,vogts001,Stephen Vogt,0
20251002,2025,WC,BOS,NYA,0,4,4,51,0,0,0,5,2,13,0,11,0,coraa001,Alex Cora,boona001,Aaron Boone,1
20051004,2005,DS,BOS,CHA,2,14,12,51,0,0,1,4,3,6,0,2,1,frant001,Terry Francona,guilo001,Ozzie Guillen,1
20051004,2005,DS,NYA,ANA,4,2,2,54,0,0,0,5,2,7,1,6,1,torrj101,Joe Torre,sciom001,Mike Scioscia,0
20051004,2005,DS,SDN,SLN,5,8,3,51,0,0,0,5,5,6,2,5,0,bochb002,Bruce Bochy,larut101,Tony LaRussa,1
20051005,2005,DS,BOS,CHA,4,5,1,51,0,1,0,2,2,2,0,2,0,frant001,Terry Francona,guilo001,Ozzie Guillen,1
20051005,2005,DS,NYA,ANA,3,5,2,51,0,0,0,3,4,5,1,1,0,torrj101,Joe Torre,sciom001,Mike Scioscia,1
20051005,2005,DS,HOU,ATL,10,5,5,54,0,0,1,4,6,6,0,8,0,garnp001,Phil Garner,cox-b103,Bobby Cox,0
20051006,2005,DS,SDN,SLN,2,6,4,51,0,0,0,4,4,4,0,6,0,bochb002,Bruce Bochy,larut101,Tony LaRussa,1
20051006,2005,DS,HOU,ATL,1,7,6,51,0,0,1,4,3,6,0,3,1,garnp001,Phil Garner,cox-b103,Bobby Cox,1
20051007,2005,DS,CHA,BOS,5,3,2,54,0,0,0,4,5,7,2,6,0,guilo001,Ozzie Guillen,frant001,Terry Francona,0
20051007,2005,DS,ANA,NYA,11,7,4,54,0,0,0,5,6,6,0,9,0,sciom001,Mike Scioscia,torrj101,Joe Torre,0
20051008,2005,DS,SLN,SDN,7,4,3,54,0,0,0,5,6,6,1,7,0,larut101,Tony LaRussa,bochb002,Bruce Bochy,0
20051008,2005,DS,ATL,HOU,3,7,4,51,0,0,0,5,4,9,0,4,0,cox-b103,Bobby Cox,garnp001,Phil Garner,1
20051009,2005,DS,ANA,NYA,2,3,1,51,0,1,0,3,3,7,0,7,0,sciom001,Mike Scioscia,torrj101,Joe Torre,1
20051009,2005,DS,ATL,HOU,6,7,1,106,1,1,0,6,8,16,3,14,2,cox-b103,Bobby Cox,garnp001,Phil Garner,1
20051010,2005,DS,NYA,ANA,3,5,2,51,0,0,0,3,4,4,1,6,0,torrj101,Joe Torre,sciom001,Mike Scioscia,1
20061003,2006,DS,OAK,MIN,3,2,1,54,0,1,0,2,3,9,0,1,0,machk101,Ken Macha,gardr001,Ron Gardenhire,0
20061003,2006,DS,DET,NYA,4,8,4,51,0,0,0,3,5,5,0,2,1,leylj801,Jim Leyland,torrj101,Joe Torre,1
20061003,2006,DS,SLN,SDN,5,1,4,54,0,0,0,3,3,4,1,11,0,larut101,Tony LaRussa,bochb002,Bruce Bochy,0
20061004,2006,DS,OAK,MIN,5,2,3,54,0,0,0,4,5,7,0,7,1,machk101,Ken Macha,gardr001,Ron Gardenhire,0
20061004,2006,DS,LAN,NYN,5,6,1,51,0,1,0,4,6,12,1,9,1,littg801,Grady Little,randw001,Willie Randolph,1
20061005,2006,DS,DET,NYA,4,3,1,54,0,1,0,4,3,7,0,9,0,leylj801,Jim Leyland,torrj101,Joe Torre,0
20061005,2006,DS,SLN,SDN,2,0,2,54,0,0,0,5,4,3,0,9,0,larut101,Tony LaRussa,bochb002,Bruce Bochy,0
20061005,2006,DS,LAN,NYN,1,4,3,51,0,0,0,5,4,4,0,7,0,littg801,Grady Little,randw001,Willie Randolph,1
20061006,2006,DS,MIN,OAK,3,8,5,51,0,0,1,6,3,3,0,3,0,gardr001,Ron Gardenhire,machk101,Ken Macha,1
20061006,2006,DS,NYA,DET,0,6,6,51,0,0,1,3,3,9,0,7,1,torrj101,Joe Torre,leylj801,Jim Leyland,1
20061007,2006,DS,NYA,DET,3,8,5,51,0,0,1,5,2,4,0,3,0,torrj101,Joe Torre,leylj801,Jim Leyland,1
20061007,2006,DS,SDN,SLN,3,1,2,54,0,0,0,4,6,6,1,11,1,bochb002,Bruce Bochy,larut101,Tony LaRussa,0
20061007,2006,DS,NYN,LAN,9,5,4,54,0,0,0,7,6,6,1,5,1,randw001,Willie Randolph,littg801,Grady Little,0
20061008,2006,DS,SDN,SLN,2,6,4,51,0,0,0,3,4,8,1,3,0,bochb002,Bruce Bochy,larut101,Tony LaRussa,1
20071003,2007,DS,CHN,ARI,1,3,2,51,0,0,0,3,3,10,0,12,1,pinil001,Lou Piniella,melvb001,Bob Melvin,1
20071003,2007,DS,COL,PHI,4,2,2,54,0,0,0,4,4,12,0,10,1,hurdc001,Clint Hurdle,manuc101,Charlie Manuel,0
20071003,2007,DS,ANA,BOS,0,4,4,51,0,0,0,2,1,8,0,6,0,sciom001,Mike Scioscia,frant001,Terry Francona,1
20071004,2007,DS,CHN,ARI,4,8,4,51,0,0,0,6,5,13,0,10,0,pinil001,Lou Piniella,melvb001,Bob Melvin,1
20071004,2007,DS,COL,PHI,10,5,5,54,0,0,1,6,6,6,0,8,1,hurdc001,Clint Hurdle,manuc101,Charlie Manuel,0
20071004,2007,DS,NYA,CLE,3,12,9,51,0,0,1,4,4,11,0,4,1,torrj101,Joe Torre,wedge001,Eric Wedge,1
20071005,2007,DS,ANA,BOS,3,6,3,53,0,0,0,4,5,7,5,7,1,sciom001,Mike Scioscia,frant001,Terry Francona,1
20071005,2007,DS,NYA,CLE,1,2,1,65,1,1,0,4,2,6,1,10,1,torrj101,Joe Torre,wedge001,Eric Wedge,1
20071006,2007,DS,ARI,CHN,5,1,4,54,0,0,0,4,5,13,3,4,1,melvb001,Bob Melvin,pinil001,Lou Piniella,0
20071006,2007,DS,PHI,COL,1,2,1,51,0,1,0,4,4,8,1,4,0,manuc101,Charlie Manuel,hurdc001,Clint Hurdle,1
20071007,2007,DS,BOS,ANA,9,1,8,54,0,0,1,3,5,9,1,5,0,frant001,Terry Francona,sciom001,Mike Scioscia,0
20071007,2007,DS,CLE,NYA,4,8,4,51,0,0,0,4,4,9,1,5,0,wedge001,Eric Wedge,torrj101,Joe Torre,1
20071008,2007,DS,CLE,NYA,6,4,2,54,0,0,0,4,6,7,0,6,0,wedge001,Eric Wedge,torrj101,Joe Torre,0
20081001,2008,DS,LAN,CHN,7,2,5,54,0,0,1,4,4,7,0,7,0,torrj101,Joe Torre,pinil001,Lou Piniella,0
20081001,2008,DS,MIL,PHI,1,3,2,51,0,0,0,5,2,12,0,7,1,sveud001,Dale Sveum,manuc101,Charlie Manuel,1
20081001,2008,DS,BOS,ANA,4,1,3,54,0,0,0,3,4,6,2,10,0,frant001,Terry Francona,sciom001,Mike Scioscia,0
20081002,2008,DS,LAN,CHN,10,3,7,54,0,0,1,4,4,9,0,9,0,torrj101,Joe Torre,pinil001,Lou Piniella,0
20081002,2008,DS,MIL,PHI,2,5,3,51,0,0,0,5,4,4,0,9,4,sveud001,Dale Sveum,manuc101,Charlie Manuel,1
20081002,2008,DS,CHA,TBA,4,6,2,51,0,0,0,3,4,9,0,12,2,guilo001,Ozzie Guillen,maddj801,Joe Maddon,1
20081003,2008,DS,BOS,ANA,7,5,2,54,0,0,0,4,4,5,1,8,0,frant001,Terry Francona,sciom001,Mike Scioscia,0
20081003,2008,DS,CHA,TBA,2,6,4,51,0,0,0,3,4,8,0,4,1,guilo001,Ozzie Guillen,maddj801,Joe Maddon,1
20081004,2008,DS,CHN,LAN,1,3,2,51,0,0,0,4,3,8,1,9,0,pinil001,Lou Piniella,torrj101,Joe Torre,1
20081004,2008,DS,PHI,MIL,1,4,3,51,0,0,0,5,5,3,0,8,0,manuc101,Charlie Manuel,sveud001,Dale Sveum,1
20081005,2008,DS,PHI,MIL,6,2,4,54,0,0,0,3,4,7,0,8,0,manuc101,Charlie Manuel,sveud001,Dale Sveum,0
20081005,2008,DS,ANA,BOS,5,4,1,72,1,1,0,6,6,12,2,13,1,sciom001,Mike Scioscia,frant001,Terry Francona,0
20081005,2008,DS,TBA,CHA,3,5,2,51,0,0,0,3,4,10,0,5,3,maddj801,Joe Maddon,guilo001,Ozzie Guillen,1
20081006,2008,DS,ANA,BOS,2,3,1,53,0,1,0,2,4,4,0,4,0,sciom001,Mike Scioscia,frant001,Terry Francona,1
20081006,2008,DS,TBA,CHA,6,2,4,54,0,0,0,3,5,7,4,7,0,maddj801,Joe Maddon,guilo001,Ozzie Guillen,0
20091007,2009,DS,COL,PHI,1,5,4,51,0,0,0,5,1,5,0,4,3,tracj101,Jim Tracy,manuc101,Charlie Manuel,1
20091007,2009,DS,SLN,LAN,3,5,2,51,0,0,0,6,6,7,0,6,0,larut101,Tony LaRussa,torrj101,Joe Torre,1
20091007,2009,DS,MIN,NYA,2,7,5,51,0,0,1,4,5,12,1,5,0,gardr001,Ron Gardenhire,giraj001,Joe Girardi,1
20091008,2009,DS,COL,PHI,5,4,1,54,0,1,0,6,7,10,1,6,0,tracj101,Jim Tracy,manuc101,Charlie Manuel,0
20091008,2009,DS,SLN,LAN,2,3,1,53,0,1,0,3,4,4,1,7,0,larut101,Tony LaRussa,torrj101,Joe Torre,1
20091008,2009,DS,BOS,ANA,0,5,5,51,0,0,1,4,2,5,0,7,0,frant001,Terry Francona,sciom001,Mike Scioscia,1
20091009,2009,DS,MIN,NYA,3,4,1,63,1,1,0,6,8,12,1,4,1,gardr001,Ron Gardenhire,giraj001,Joe Girardi,1
20091009,2009,DS,BOS,ANA,1,4,3,51,0,0,0,3,4,8,0,5,2,frant001,Terry Francona,sciom001,Mike Scioscia,1
20091010,2009,DS,LAN,SLN,5,1,4,54,0,0,0,3,5,11,0,6,1,torrj101,Joe Torre,larut101,Tony LaRussa,0
20091011,2009,DS,PHI,COL,6,5,1,54,0,1,0,6,7,11,0,6,1,manuc101,Charlie Manuel,tracj101,Jim Tracy,0
20091011,2009,DS,NYA,MIN,4,1,3,54,0,0,0,4,6,13,0,10,1,giraj001,Joe Girardi,gardr001,Ron Gardenhire,0
20091011,2009,DS,ANA,BOS,7,6,1,54,0,1,0,5,5,6,1,3,1,sciom001,Mike Scioscia,frant001,Terry Francona,0
20091012,2009,DS,PHI,COL,5,4,1,54,0,1,0,4,5,9,1,6,0,manuc101,Charlie Manuel,tracj101,Jim Tracy,0
20101006,2010,DS,NYA,MIN,6,4,2,54,0,0,0,5,5,8,1,7,0,giraj001,Joe Girardi,gardr001,Ron Gardenhire,0
20101006,2010,DS,TEX,TBA,5,1,4,54,0,0,0,4,3,8,1,13,1,washr001,Ron Washington,maddj801,Joe Maddon,0
20101006,2010,DS,CIN,PHI,0,4,4,51,0,0,0,4,1,8,0,4,1,baked002,Dusty Baker,manuc101,Charlie Manuel,1
20101007,2010,DS,NYA,MIN,5,2,3,54,0,0,0,3,5,5,1,6,0,giraj001,Joe Girardi,gardr001,Ron Gardenhire,0
20101007,2010,DS,TEX,TBA,6,0,6,54,0,0,1,3,5,8,1,10,0,washr001,Ron Washington,maddj801,Joe Maddon,0
20101007,2010,DS,ATL,SFN,0,1,1,51,0,1,0,5,1,14,0,9,1,cox-b103,Bobby Cox,bochb002,Bruce Bochy,1
20101008,2010,DS,CIN,PHI,4,7,3,51,0,0,0,5,6,7,0,4,2,baked002,Dusty Baker,manuc101,Charlie Manuel,1
20101008,2010,DS,ATL,SFN,5,4,1,66,1,1,0,7,5,11,0,13,0,cox-b103,Bobby Cox,bochb002,Bruce Bochy,0
20101009,2010,DS,MIN,NYA,1,6,5,51,0,0,1,5,5,7,0,5,2,gardr001,Ron Gardenhire,giraj001,Joe Girardi,1
20101009,2010,DS,TBA,TEX,6,3,3,54,0,0,0,4,7,9,0,6,1,maddj801,Joe Maddon,washr001,Ron Washington,0
20101010,2010,DS,TBA,TEX,5,2,3,54,0,0,0,5,3,12,2,8,0,maddj801,Joe Maddon,washr001,Ron Washington,0
20101010,2010,DS,PHI,CIN,2,0,2,54,0,0,0,1,5,6,0,9,0,manuc101,Charlie Manuel,baked002,Dusty Baker,0
20101010,2010,DS,SFN,ATL,3,2,1,54,0,1,0,3,6,10,1,12,0,bochb002,Bruce Bochy,cox-b103,Bobby Cox,0
20101011,2010,DS,SFN,ATL,3,2,1,54,0,1,0,4,4,11,0,9,0,bochb002,Bruce Bochy,cox-b103,Bobby Cox,0
20101012,2010,DS,TEX,TBA,5,1,4,54,0,0,0,1,4,8,3,11,1,washr001,Ron Washington,maddj801,Joe Maddon,0
20110930,2011,DS,TBA,TEX,9,0,9,54,0,0,1,3,4,11,0,8,0,maddj801,Joe Maddon,washr001,Ron Washington,0
20110930,2011,DS,DET,NYA,3,9,6,51,0,0,1,5,4,10,0,11,1,leylj801,Jim Leyland,giraj001,Joe Girardi,1
20111001,2011,DS,ARI,MIL,1,4,3,51,0,0,0,3,2,10,1,3,0,gibsk001,Kirk Gibson,roenr001,Ron Roenicke,1
20111001,2011,DS,SLN,PHI,6,11,5,51,0,0,1,5,3,10,1,7,0,larut101,Tony LaRussa,manuc101,Charlie Manuel,1
20111001,2011,DS,TBA,TEX,6,8,2,51,0,0,0,5,6,4,0,8,0,maddj801,Joe Maddon,washr001,Ron Washington,1
20111002,2011,DS,ARI,MIL,4,9,5,51,0,0,1,6,5,13,1,8,0,gibsk001,Kirk Gibson,roenr001,Ron Roenicke,1
20111002,2011,DS,SLN,PHI,5,4,1,54,0,1,0,7,5,12,0,8,1,larut101,Tony LaRussa,manuc101,Charlie Manuel,0
20111002,2011,DS,DET,NYA,5,3,2,54,0,0,0,3,4,10,1,9,0,leylj801,Jim Leyland,giraj001,Joe Girardi,0
20111003,2011,DS,TEX,TBA,4,3,1,54,0,1,0,6,5,4,4,8,1,washr001,Ron Washington,maddj801,Joe Maddon,0
20111003,2011,DS,NYA,DET,4,5,1,51,0,1,0,3,2,12,1,5,0,giraj001,Joe Girardi,leylj801,Jim Leyland,1
20111004,2011,DS,MIL,ARI,1,8,7,51,0,0,1,4,3,7,0,9,2,roenr001,Ron Roenicke,gibsk001,Kirk Gibson,1
20111004,2011,DS,PHI,SLN,3,2,1,54,0,1,0,5,3,4,1,8,3,manuc101,Charlie Manuel,larut101,Tony LaRussa,0
20111004,2011,DS,TEX,TBA,4,3,1,54,0,1,0,5,4,4,0,12,0,washr001,Ron Washington,maddj801,Joe Maddon,0
20111004,2011,DS,NYA,DET,10,1,9,54,0,0,1,4,5,8,0,9,1,giraj001,Joe Girardi,leylj801,Jim Leyland,0
20111005,2011,DS,MIL,ARI,6,10,4,51,0,0,0,5,6,3,2,7,1,roenr001,Ron Roenicke,gibsk001,Kirk Gibson,1
20111005,2011,DS,PHI,SLN,3,5,2,51,0,0,0,3,6,7,0,6,0,manuc101,Charlie Manuel,larut101,Tony LaRussa,1
20111006,2011,DS,DET,NYA,3,2,1,54,0,1,0,4,7,13,0,10,0,leylj801,Jim Leyland,giraj001,Joe Girardi,0
20111007,2011,DS,ARI,MIL,2,3,1,58,1,1,0,4,4,10,1,10,1,gibsk001,Kirk Gibson,roenr001,Ron Roenicke,1
20111007,2011,DS,SLN,PHI,1,0,1,54,0,1,0,1,2,9,1,3,0,larut101,Tony LaRussa,manuc101,Charlie Manuel,0
20121006,2012,DS,OAK,DET,1,3,2,51,0,0,0,3,3,14,0,6,1,melvb001,Bob Melvin,leylj801,Jim Leyland,1
20121006,2012,DS,CIN,SFN,5,2,3,54,0,0,0,6,5,9,0,5,0,baked002,Dusty Baker,bochb002,Bruce Bochy,0
20121007,2012,DS,OAK,DET,4,5,1,53,0,1,0,4,4,9,2,11,0,melvb001,Bob Melvin,leylj801,Jim Leyland,1
20121007,2012,DS,NYA,BAL,7,2,5,54,0,0,1,2,6,9,0,8,0,giraj001,Joe Girardi,showb801,Buck Showalter,0
20121007,2012,DS,CIN,SFN,9,0,9,54,0,0,1,3,7,7,0,5,0,baked002,Dusty Baker,bochb002,Bruce Bochy,0
20121007,2012,DS,WAS,SLN,3,2,1,54,0,1,0,5,6,13,0,8,2,johnd105,Davey Johnson,mathm001,Mike Matheny,0
20121008,2012,DS,NYA,BAL,2,3,1,51,0,1,0,2,4,7,1,6,0,giraj001,Joe Girardi,showb801,Buck Showalter,1
20121008,2012,DS,WAS,SLN,4,12,8,51,0,0,1,7,6,11,0,6,1,johnd105,Davey Johnson,mathm001,Mike Matheny,1
20121009,2012,DS,DET,OAK,0,2,2,51,0,0,0,4,4,11,0,4,0,leylj801,Jim Leyland,melvb001,Bob Melvin,1
20121009,2012,DS,SFN,CIN,2,1,1,60,1,1,0,5,4,16,0,7,1,bochb002,Bruce Bochy,baked002,Dusty Baker,0
20121010,2012,DS,DET,OAK,3,4,1,53,0,1,0,6,4,2,0,12,0,leylj801,Jim Leyland,melvb001,Bob Melvin,1
20121010,2012,DS,BAL,NYA,2,3,1,69,1,1,0,4,4,7,1,11,0,showb801,Buck Showalter,giraj001,Joe Girardi,1
20121010,2012,DS,SFN,CIN,8,3,5,54,0,0,1,5,5,6,0,13,0,bochb002,Bruce Bochy,baked002,Dusty Baker,0
20121010,2012,DS,SLN,WAS,8,0,8,54,0,0,1,4,5,9,0,5,0,mathm001,Mike Matheny,johnd105,Davey Johnson,0
20121011,2012,DS,DET,OAK,6,0,6,54,0,0,1,1,4,9,3,11,0,leylj801,Jim Leyland,melvb001,Bob Melvin,0
20121011,2012,DS,BAL,NYA,2,1,1,78,1,1,0,8,8,12,0,11,0,showb801,Buck Showalter,giraj001,Joe Girardi,0
20121011,2012,DS,SFN,CIN,6,4,2,54,0,0,0,6,5,7,1,7,0,bochb002,Bruce Bochy,baked002,Dusty Baker,0
20121011,2012,DS,SLN,WAS,1,2,1,51,0,1,0,3,4,10,0,6,0,mathm001,Mike Matheny,johnd105,Davey Johnson,1
20121012,2012,DS,BAL,NYA,1,3,2,51,0,0,0,4,1,9,1,9,2,showb801,Buck Showalter,giraj001,Joe Girardi,1
20121012,2012,DS,SLN,WAS,9,7,2,54,0,0,0,6,6,10,1,11,0,mathm001,Mike Matheny,johnd105,Davey Johnson,0
20131003,2013,DS,PIT,SLN,1,9,8,51,0,0,1,4,3,11,0,2,0,hurdc001,Clint Hurdle,mathm001,Mike Matheny,1
20131003,2013,DS,LAN,ATL,6,1,5,54,0,0,1,3,6,9,0,15,0,mattd001,Don Mattingly,gonzf801,Fredi Gonzalez,0
20131004,2013,DS,TBA,BOS,2,12,10,51,0,0,1,5,3,9,0,9,2,maddj801,Joe Maddon,farrj001,John Farrell,1
20131004,2013,DS,DET,OAK,3,2,1,54,0,1,0,3,3,7,0,16,0,leylj801,Jim Leyland,melvb001,Bob Melvin,0
20131004,2013,DS,PIT,SLN,7,1,6,54,0,0,1,4,7,7,1,9,0,hurdc001,Clint Hurdle,mathm001,Mike Matheny,0
20131004,2013,DS,LAN,ATL,3,4,1,51,0,1,0,6,5,9,0,6,0,mattd001,Don Mattingly,gonzf801,Fredi Gonzalez,1
20131005,2013,DS,TBA,BOS,4,7,3,51,0,0,0,2,4,8,1,5,1,maddj801,Joe Maddon,farrj001,John Farrell,1
20131005,2013,DS,DET,OAK,0,1,1,51,0,1,0,4,2,9,0,13,0,leylj801,Jim Leyland,melvb001,Bob Melvin,1
20131006,2013,DS,SLN,PIT,3,5,2,51,0,0,0,5,4,5,2,5,0,mathm001,Mike Matheny,hurdc001,Clint Hurdle,1
20131006,2013,DS,ATL,LAN,6,13,7,51,0,0,1,6,6,9,0,11,0,gonzf801,Fredi Gonzalez,mattd001,Don Mattingly,1
20131007,2013,DS,BOS,TBA,4,5,1,53,0,1,0,6,5,9,2,6,0,farrj001,John Farrell,maddj801,Joe Maddon,1
20131007,2013,DS,OAK,DET,6,3,3,54,0,0,0,4,3,12,1,4,0,melvb001,Bob Melvin,leylj801,Jim Leyland,0
20131007,2013,DS,SLN,PIT,2,1,1,54,0,1,0,3,4,9,0,11,0,mathm001,Mike Matheny,hurdc001,Clint Hurdle,0
20131007,2013,DS,ATL,LAN,3,4,1,51,0,1,0,3,5,12,0,6,2,gonzf801,Fredi Gonzalez,mattd001,Don Mattingly,1
20131008,2013,DS,BOS,TBA,3,1,2,54,0,0,0,4,9,10,1,10,0,farrj001,John Farrell,maddj801,Joe Maddon,0
20131008,2013,DS,OAK,DET,6,8,2,51,0,0,0,5,3,5,0,12,0,melvb001,Bob Melvin,leylj801,Jim Leyland,1
20131009,2013,DS,PIT,SLN,1,6,5,51,0,0,1,6,1,6,0,6,0,hurdc001,Clint Hurdle,mathm001,Mike Matheny,1
20131010,2013,DS,DET,OAK,3,0,3,54,0,0,0,2,4,6,0,11,0,leylj801,Jim Leyland,melvb001,Bob Melvin,0
20141002,2014,DS,DET,BAL,3,12,9,51,0,0,1,4,5,10,0,6,1,ausmb001,Brad Ausmus,showb801,Buck Showalter,1
20141002,2014,DS,KCA,ANA,3,2,1,66,1,1,0,8,5,9,1,7,0,yoste001,Ned Yost,sciom001,Mike Scioscia,0
20141003,2014,DS,DET,BAL,6,7,1,51,0,1,0,4,4,9,1,6,0,ausmb001,Brad Ausmus,showb801,Buck Showalter,1
20141003,2014,DS,KCA,ANA,4,1,3,66,1,0,0,5,6,10,3,7,0,yoste001,Ned Yost,sciom001,Mike Scioscia,0
20141003,2014,DS,SFN,WAS,3,2,1,54,0,1,0,6,5,4,2,6,0,bochb002,Bruce Bochy,willm003,Matt Williams,0
20141003,2014,DS,SLN,LAN,10,9,1,54,0,1,0,8,5,12,0,9,1,mathm001,Mike Matheny,mattd001,Don Mattingly,0
20141004,2014,DS,SFN,WAS,2,1,1,108,1,1,0,8,9,14,0,20,2,bochb002,Bruce Bochy,willm003,Matt Williams,0
20141004,2014,DS,SLN,LAN,2,3,1,51,0,1,0,3,4,9,0,11,0,mathm001,Mike Matheny,mattd001,Don Mattingly,1
20141005,2014,DS,BAL,DET,2,1,1,54,0,1,0,3,2,7,1,7,1,showb801,Buck Showalter,ausmb001,Brad Ausmus,0
20141005,2014,DS,ANA,KCA,3,8,5,51,0,0,1,8,4,11,1,7,1,sciom001,Mike Scioscia,yoste001,Ned Yost,1
20141006,2014,DS,WAS,SFN,4,1,3,54,0,0,0,3,3,7,0,4,0,willm003,Matt Williams,bochb002,Bruce Bochy,0
20141006,2014,DS,LAN,SLN,1,3,2,51,0,0,0,5,3,10,1,5,0,mattd001,Don Mattingly,mathm001,Mike Matheny,1
20141007,2014,DS,WAS,SFN,2,3,1,51,0,1,0,6,5,6,0,2,0,willm003,Matt Williams,bochb002,Bruce Bochy,1
20141007,2014,DS,LAN,SLN,2,3,1,51,0,1,0,3,5,6,0,11,0,mattd001,Don Mattingly,mathm001,Mike Matheny,1
20151008,2015,DS,HOU,KCA,5,2,3,54,0,0,0,5,5,14,1,4,1,hinca001,A.J. Hinch,yoste001,Ned Yost,0
20151008,2015,DS,TEX,TOR,5,3,2,54,0,0,0,4,3,7,0,4,0,banij001,Jeff Banister,gibbj001,John Gibbons,0
20151009,2015,DS,HOU,KCA,4,5,1,51,0,1,0,6,4,9,0,7,1,hinca001,A.J. Hinch,yoste001,Ned Yost,1
20151009,2015,DS,TEX,TOR,6,4,2,84,1,0,0,6,8,10,1,15,3,banij001,Jeff Banister,gibbj001,John Gibbons,0
20151009,2015,DS,NYN,LAN,3,1,2,54,0,0,0,3,4,14,0,13,0,collt801,Terry Collins,mattd001,Don Mattingly,0
20151009,2015,DS,CHN,SLN,0,4,4,51,0,0,0,2,3,10,1,9,0,maddj801,Joe Maddon,mathm001,Mike Matheny,1
20151010,2015,DS,NYN,LAN,2,5,3,51,0,0,0,5,3,11,0,12,2,collt801,Terry Collins,mattd001,Don Mattingly,1
20151010,2015,DS,CHN,SLN,6,3,3,54,0,0,0,4,6,9,1,11,0,maddj801,Joe Maddon,mathm001,Mike Matheny,0
20151011,2015,DS,KCA,HOU,2,4,2,51,0,0,0,3,3,10,0,10,0,yoste001,Ned Yost,hinca001,A.J. Hinch,1
20151011,2015,DS,TOR,TEX,5,1,4,54,0,0,0,5,4,3,0,6,0,gibbj001,John Gibbons,banij001,Jeff Banister,0
20151012,2015,DS,KCA,HOU,9,6,3,54,0,0,0,4,5,12,2,16,0,yoste001,Ned Yost,hinca001,A.J. Hinch,0
20151012,2015,DS,TOR,TEX,8,4,4,54,0,0,0,4,6,5,1,7,0,gibbj001,John Gibbons,banij001,Jeff Banister,0
20151012,2015,DS,LAN,NYN,7,13,6,51,0,0,1,6,5,12,0,10,0,mattd001,Don Mattingly,collt801,Terry Collins,1
20151012,2015,DS,SLN,CHN,6,8,2,51,0,0,0,5,6,13,0,10,1,mathm001,Mike Matheny,maddj801,Joe Maddon,1
20151013,2015,DS,LAN,NYN,3,1,2,54,0,0,0,3,4,6,0,11,1,mattd001,Don Mattingly,collt801,Terry Collins,0
20151013,2015,DS,SLN,CHN,4,6,2,51,0,0,0,5,8,15,0,9,0,mathm001,Mike Matheny,maddj801,Joe Maddon,1
20151014,2015,DS,HOU,KCA,2,7,5,51,0,0,1,5,2,9,0,3,0,hinca001,A.J. Hinch,yoste001,Ned Yost,1
20151014,2015,DS,TEX,TOR,3,6,3,51,0,0,0,3,3,9,0,8,0,banij001,Jeff Banister,gibbj001,John Gibbons,1
20151015,2015,DS,NYN,LAN,3,2,1,54,0,1,0,3,4,11,1,11,1,collt801,Terry Collins,mattd001,Don Mattingly,0
20161006,2016,DS,TOR,TEX,10,1,9,54,0,0,1,2,4,2,0,6,0,gibbj001,John Gibbons,banij001,Jeff Banister,0
20161006,2016,DS,BOS,CLE,4,5,1,51,0,1,0,4,4,14,0,12,0,farrj001,John Farrell,frant001,Terry Francona,1
20161007,2016,DS,TOR,TEX,5,3,2,54,0,0,0,6,4,7,0,7,0,gibbj001,John Gibbons,banij001,Jeff Banister,0
20161007,2016,DS,BOS,CLE,0,6,6,51,0,0,1,6,3,8,0,8,1,farrj001,John Farrell,frant001,Terry Francona,1
20161007,2016,DS,SFN,CHN,0,1,1,51,0,1,0,1,2,6,0,10,0,bochb002,Bruce Bochy,maddj801,Joe Maddon,1
20161007,2016,DS,LAN,WAS,4,3,1,54,0,1,0,5,3,9,0,11,2,robed001,Dave Roberts,baked002,Dusty Baker,0
20161008,2016,DS,SFN,CHN,2,5,3,51,0,0,0,7,6,6,0,6,0,bochb002,Bruce Bochy,maddj801,Joe Maddon,1
20161009,2016,DS,TEX,TOR,6,7,1,59,1,1,0,7,5,9,1,9,1,banij001,Jeff Banister,gibbj001,John Gibbons,1
20161009,2016,DS,LAN,WAS,2,5,3,51,0,0,0,6,6,6,1,14,1,robed001,Dave Roberts,baked002,Dusty Baker,1
20161010,2016,DS,CLE,BOS,4,3,1,54,0,1,0,4,5,10,0,9,0,frant001,Terry Francona,farrj001,John Farrell,0
20161010,2016,DS,CHN,SFN,5,6,1,75,1,1,0,7,6,12,0,7,1,maddj801,Joe Maddon,bochb002,Bruce Bochy,1
20161010,2016,DS,WAS,LAN,8,3,5,54,0,0,1,5,8,11,1,9,0,baked002,Dusty Baker,robed001,Dave Roberts,0
20161011,2016,DS,CHN,SFN,6,5,1,54,0,1,0,6,6,10,0,10,0,maddj801,Joe Maddon,bochb002,Bruce Bochy,0
20161011,2016,DS,WAS,LAN,5,6,1,51,0,1,0,6,5,15,0,11,0,baked002,Dusty Baker,robed001,Dave Roberts,1
20161013,2016,DS,LAN,WAS,4,3,1,54,0,1,0,6,7,9,0,12,4,robed001,Dave Roberts,baked002,Dusty Baker,0
20171005,2017,DS,BOS,HOU,2,8,6,51,0,0,1,4,5,6,0,8,0,farrj001,John Farrell,hinca001,A.J. Hinch,1
20171005,2017,DS,NYA,CLE,0,4,4,51,0,0,0,4,3,14,0,9,0,giraj001,Joe Girardi,frant001,Terry Francona,1
20171006,2017,DS,ARI,LAN,5,9,4,51,0,0,0,5,4,7,0,9,0,lovut001,Tony Lovullo,robed001,Dave Roberts,1
20171006,2017,DS,CHN,WAS,3,0,3,54,0,0,0,3,3,13,1,9,0,maddj801,Joe Maddon,baked002,Dusty Baker,0
20171006,2017,DS,BOS,HOU,2,8,6,51,0,0,1,7,4,11,1,5,0,farrj001,John Farrell,hinca001,A.J. Hinch,1
20171006,2017,DS,NYA,CLE,8,9,1,75,1,1,0,6,8,12,0,12,1,giraj001,Joe Girardi,frant001,Terry Francona,1
20171007,2017,DS,ARI,LAN,5,8,3,51,0,0,0,4,7,10,0,12,4,lovut001,Tony Lovullo,robed001,Dave Roberts,1
20171007,2017,DS,CHN,WAS,3,6,3,51,0,0,0,4,6,8,1,4,1,maddj801,Joe Maddon,baked002,Dusty Baker,1
20171008,2017,DS,HOU,BOS,3,10,7,51,0,0,1,6,5,6,0,9,0,hinca001,A.J. Hinch,farrj001,John Farrell,1
20171008,2017,DS,CLE,NYA,0,1,1,51,0,1,0,4,3,11,0,11,0,frant001,Terry Francona,giraj001,Joe Girardi,1
20171009,2017,DS,LAN,ARI,3,1,2,54,0,0,0,5,5,6,0,11,0,robed001,Dave Roberts,lovut001,Tony Lovullo,0
20171009,2017,DS,WAS,CHN,1,2,1,51,0,1,0,4,4,9,0,8,0,baked002,Dusty Baker,maddj801,Joe Maddon,1
20171009,2017,DS,HOU,BOS,5,4,1,54,0,1,0,3,4,11,0,7,1,hinca001,A.J. Hinch,farrj001,John Farrell,0
20171009,2017,DS,CLE,NYA,3,7,4,51,0,0,0,8,3,14,0,11,1,frant001,Terry Francona,giraj001,Joe Girardi,1
20171011,2017,DS,WAS,CHN,5,0,5,54,0,0,1,3,6,7,1,14,0,baked002,Dusty Baker,maddj801,Joe Maddon,0
20171011,2017,DS,NYA,CLE,5,2,3,54,0,0,0,3,5,16,0,15,0,giraj001,Joe Girardi,frant001,Terry Francona,0
20171012,2017,DS,CHN,WAS,9,8,1,54,0,1,0,7,7,9,0,12,1,maddj801,Joe Maddon,baked002,Dusty Baker,0
20181004,2018,DS,ATL,LAN,0,6,6,51,0,0,1,6,4,11,0,10,3,snitb801,Brian Snitker,robed001,Dave Roberts,1
20181004,2018,DS,COL,MIL,2,3,1,59,1,1,0,6,6,12,0,7,2,blacb001,Buddy Black,counc001,Craig Counsell,1
20181005,2018,DS,ATL,LAN,0,3,3,51,0,0,0,4,2,4,0,7,2,snitb801,Brian Snitker,robed001,Dave Roberts,1
20181005,2018,DS,COL,MIL,0,4,4,51,0,0,0,5,5,10,1,10,2,blacb001,Buddy Black,counc001,Craig Counsell,1
20181005,2018,DS,CLE,HOU,2,7,5,51,0,0,1,5,4,10,0,3,0,frant001,Terry Francona,hinca001,A.J. Hinch,1
20181005,2018,DS,NYA,BOS,4,5,1,51,0,1,0,5,6,13,0,7,1,boona001,Aaron Boone,coraa001,Alex Cora,1
20181006,2018,DS,CLE,HOU,1,3,2,51,0,0,0,4,3,14,0,7,1,frant001,Terry Francona,hinca001,A.J. Hinch,1
20181006,2018,DS,NYA,BOS,6,2,4,54,0,0,0,4,6,7,0,6,1,boona001,Aaron Boone,coraa001,Alex Cora,0
20181007,2018,DS,LAN,ATL,5,6,1,51,0,1,0,5,7,8,0,11,0,robed001,Dave Roberts,snitb801,Brian Snitker,1
20181007,2018,DS,MIL,COL,6,0,6,54,0,0,1,6,6,8,1,8,0,counc001,Craig Counsell,blacb001,Buddy Black,0
20181008,2018,DS,LAN,ATL,6,2,4,54,0,0,0,6,7,10,3,6,0,robed001,Dave Roberts,snitb801,Brian Snitker,0
20181008,2018,DS,HOU,CLE,11,3,8,54,0,0,1,4,6,14,0,6,0,hinca001,A.J. Hinch,frant001,Terry Francona,0
20181008,2018,DS,BOS,NYA,16,1,15,54,0,0,1,3,6,4,2,7,0,coraa001,Alex Cora,boona001,Aaron Boone,0
20181009,2018,DS,BOS,NYA,4,3,1,54,0,1,0,5,5,12,1,4,0,coraa001,Alex Cora,boona001,Aaron Boone,0
20191003,2019,DS,SLN,ATL,7,6,1,54,0,1,0,7,8,5,1,6,0,shilm801,Mike Shildt,snitb801,Brian Snitker,0
20191003,2019,DS,WAS,LAN,0,6,6,51,0,0,1,4,4,13,0,12,2,martd002,Dave Martinez,robed001,Dave Roberts,1
20191004,2019,DS,SLN,ATL,0,3,3,51,0,0,0,2,3,11,0,10,0,shilm801,Mike Shildt,snitb801,Brian Snitker,1
20191004,2019,DS,WAS,LAN,4,2,2,54,0,0,0,4,5,5,0,17,0,martd002,Dave Martinez,robed001,Dave Roberts,0
20191004,2019,DS,MIN,NYA,4,10,6,51,0,0,1,6,7,13,1,12,3,baldr001,Rocco Baldelli,boona001,Aaron Boone,1
20191004,2019,DS,TBA,HOU,2,6,4,51,0,0,0,5,4,10,0,10,3,cashk001,Kevin Cash,hinca001,A.J. Hinch,1
20191005,2019,DS,MIN,NYA,2,8,6,51,0,0,1,7,5,14,0,6,0,baldr001,Rocco Baldelli,boona001,Aaron Boone,1
20191005,2019,DS,TBA,HOU,1,3,2,51,0,0,0,6,3,17,0,8,0,cashk001,Kevin Cash,hinca001,A.J. Hinch,1
20191006,2019,DS,ATL,SLN,3,1,2,54,0,0,0,5,3,10,1,8,0,snitb801,Brian Snitker,shilm801,Mike Shildt,0
20191006,2019,DS,LAN,WAS,10,4,6,54,0,0,1,6,6,15,0,6,0,robed001,Dave Roberts,martd002,Dave Martinez,0
20191007,2019,DS,ATL,SLN,4,5,1,59,1,1,0,7,8,10,0,11,0,snitb801,Brian Snitker,shilm801,Mike Shildt,1
20191007,2019,DS,LAN,WAS,1,6,5,51,0,0,1,6,3,8,1,5,0,robed001,Dave Roberts,martd002,Dave Martinez,1
20191007,2019,DS,NYA,MIN,5,1,4,54,0,0,0,6,4,9,1,8,0,boona001,Aaron Boone,baldr001,Rocco Baldelli,0
20191007,2019,DS,HOU,TBA,3,10,7,51,0,0,1,5,5,13,0,7,0,hinca001,A.J. Hinch,cashk001,Kevin Cash,1
20191008,2019,DS,HOU,TBA,1,4,3,51,0,0,0,6,6,8,0,11,0,hinca001,A.J. Hinch,cashk001,Kevin Cash,1
20191009,2019,DS,SLN,ATL,13,1,12,54,0,0,1,4,7,12,0,10,0,shilm801,Mike Shildt,snitb801,Brian Snitker,0
20191009,2019,DS,WAS,LAN,7,3,4,60,1,0,0,5,5,13,0,12,2,martd002,Dave Martinez,robed001,Dave Roberts,0
20191010,2019,DS,TBA,HOU,1,6,5,51,0,0,1,9,2,11,0,10,0,cashk001,Kevin Cash,hinca001,A.J. Hinch,1
20201005,2020,DS,HOU,OAK,10,5,5,54,0,0,1,5,8,9,0,10,0,baked002,Dusty Baker,melvb001,Bob Melvin,0
20201005,2020,DS,NYA,TBA,9,3,6,54,0,0,1,4,5,6,1,11,0,boona001,Aaron Boone,cashk001,Kevin Cash,0
20201006,2020,DS,MIA,ATL,5,9,4,51,0,0,0,4,6,11,0,10,0,mattd001,Don Mattingly,snitb801,Brian Snitker,1
20201006,2020,DS,SDN,LAN,1,5,4,51,0,0,0,9,5,14,3,7,0,tingj801,Jayce Tingler,robed001,Dave Roberts,1
20201006,2020,DS,HOU,OAK,5,2,3,54,0,0,0,3,5,4,0,5,0,baked002,Dusty Baker,melvb001,Bob Melvin,0
20201006,2020,DS,NYA,TBA,5,7,2,51,0,0,0,6,4,18,0,6,1,boona001,Aaron Boone,cashk001,Kevin Cash,1
20201007,2020,DS,MIA,ATL,0,2,2,51,0,0,0,4,5,11,0,10,0,mattd001,Don Mattingly,snitb801,Brian Snitker,1
20201007,2020,DS,SDN,LAN,5,6,1,51,0,1,0,5,5,7,0,6,2,tingj801,Jayce Tingler,robed001,Dave Roberts,1
20201007,2020,DS,OAK,HOU,9,7,2,54,0,0,0,4,5,7,0,8,0,melvb001,Bob Melvin,baked002,Dusty Baker,0
20201007,2020,DS,TBA,NYA,8,4,4,54,0,0,0,4,5,8,0,9,0,cashk001,Kevin Cash,boona001,Aaron Boone,0
20201008,2020,DS,ATL,MIA,7,0,7,54,0,0,1,4,7,8,1,9,0,snitb801,Brian Snitker,mattd001,Don Mattingly,0
20201008,2020,DS,LAN,SDN,12,3,9,54,0,0,1,6,11,9,1,10,0,robed001,Dave Roberts,tingj801,Jayce Tingler,0
20201008,2020,DS,OAK,HOU,6,11,5,51,0,0,1,7,5,10,0,7,0,melvb001,Bob Melvin,baked002,Dusty Baker,1
20201008,2020,DS,TBA,NYA,1,5,4,51,0,0,0,3,4,11,0,5,1,cashk001,Kevin Cash,boona001,Aaron Boone,1
20201009,2020,DS,NYA,TBA,1,2,1,51,0,1,0,3,4,11,0,13,0,boona001,Aaron Boone,cashk001,Kevin Cash,1
20211007,2021,DS,BOS,TBA,0,5,5,51,0,0,1,5,4,5,1,5,1,coraa001,Alex Cora,cashk001,Kevin Cash,1
20211007,2021,DS,CHA,HOU,1,6,5,51,0,0,1,4,4,6,0,9,0,larut101,Tony LaRussa,baked002,Dusty Baker,1
20211008,2021,DS,ATL,MIL,1,2,1,51,0,1,0,3,3,8,0,10,0,snitb801,Brian Snitker,counc001,Craig Counsell,1
20211008,2021,DS,LAN,SFN,0,4,4,51,0,0,0,4,3,11,0,8,0,robed001,Dave Roberts,kaplg001,Gabe Kapler,1
20211008,2021,DS,BOS,TBA,14,6,8,54,0,0,1,5,6,10,0,13,0,coraa001,Alex Cora,cashk001,Kevin Cash,0
20211008,2021,DS,CHA,HOU,4,9,5,51,0,0,1,6,6,11,0,7,0,larut101,Tony LaRussa,baked002,Dusty Baker,1
20211009,2021,DS,ATL,MIL,3,0,3,54,0,0,0,4,4,10,0,14,0,snitb801,Brian Snitker,counc001,Craig Counsell,0
20211009,2021,DS,LAN,SFN,9,2,7,54,0,0,1,5,6,9,1,8,0,robed001,Dave Roberts,kaplg001,Gabe Kapler,0
20211010,2021,DS,TBA,BOS,4,6,2,76,1,0,0,9,7,20,1,8,0,cashk001,Kevin Cash,coraa001,Alex Cora,1
20211010,2021,DS,HOU,CHA,6,12,6,51,0,0,1,6,6,16,1,13,0,baked002,Dusty Baker,larut101,Tony LaRussa,1
20211011,2021,DS,MIL,ATL,0,3,3,51,0,0,0,5,5,9,1,8,0,counc001,Craig Counsell,snitb801,Brian Snitker,1
20211011,2021,DS,SFN,LAN,1,0,1,54,0,1,0,4,3,14,0,6,0,kaplg001,Gabe Kapler,robed001,Dave Roberts,0
20211011,2021,DS,TBA,BOS,5,6,1,53,0,1,0,8,5,8,0,3,0,cashk001,Kevin Cash,coraa001,Alex Cora,1
20211012,2021,DS,MIL,ATL,4,5,1,51,0,1,0,5,7,15,1,7,0,counc001,Craig Counsell,snitb801,Brian Snitker,1
20211012,2021,DS,SFN,LAN,2,7,5,51,0,0,1,8,6,6,0,7,0,kaplg001,Gabe Kapler,robed001,Dave Roberts,1
20211012,2021,DS,HOU,CHA,10,1,9,54,0,0,1,6,7,9,4,9,0,baked002,Dusty Baker,larut101,Tony LaRussa,0
20211014,2021,DS,LAN,SFN,2,1,1,54,0,1,0,6,4,8,2,13,0,robed001,Dave Roberts,kaplg001,Gabe Kapler,0
20221011,2022,DS,PHI,ATL,7,6,1,54,0,1,0,7,5,9,0,12,0,thomr801,Rob Thomson,snitb801,Brian Snitker,0
20221011,2022,DS,SDN,LAN,3,5,2,51,0,0,0,5,5,10,0,10,0,melvb001,Bob Melvin,robed001,Dave Roberts,1
20221011,2022,DS,CLE,NYA,1,4,3,51,0,0,0,4,4,9,1,7,1,frant001,Terry Francona,boona001,Aaron Boone,1
20221011,2022,DS,SEA,HOU,7,8,1,53,0,1,0,6,5,8,0,8,0,servs002,Scott Servais,baked002,Dusty Baker,1
20221012,2022,DS,PHI,ATL,0,3,3,51,0,0,0,3,4,8,0,6,0,thomr801,Rob Thomson,snitb801,Brian Snitker,1
20221012,2022,DS,SDN,LAN,5,3,2,54,0,0,0,4,5,13,1,9,0,melvb001,Bob Melvin,robed001,Dave Roberts,0
20221013,2022,DS,SEA,HOU,2,4,2,51,0,0,0,2,5,9,0,8,0,servs002,Scott Servais,baked002,Dusty Baker,1
20221014,2022,DS,ATL,PHI,1,9,8,51,0,0,1,4,4,10,1,7,0,snitb801,Brian Snitker,thomr801,Rob Thomson,1
20221014,2022,DS,LAN,SDN,1,2,1,51,0,1,0,6,5,12,0,10,0,robed001,Dave Roberts,melvb001,Bob Melvin,1
20221014,2022,DS,CLE,NYA,4,2,2,60,1,0,0,4,7,8,1,15,2,frant001,Terry Francona,boona001,Aaron Boone,0
20221015,2022,DS,ATL,PHI,3,8,5,51,0,0,1,6,6,15,0,11,1,snitb801,Brian Snitker,thomr801,Rob Thomson,1
20221015,2022,DS,LAN,SDN,3,5,2,51,0,0,0,6,5,13,2,12,1,robed001,Dave Roberts,melvb001,Bob Melvin,1
20221015,2022,DS,NYA,CLE,5,6,1,53,0,1,0,5,4,9,0,10,0,boona001,Aaron Boone,frant001,Terry Francona,1
20221015,2022,DS,HOU,SEA,1,0,1,108,1,1,0,8,10,20,2,22,1,baked002,Dusty Baker,servs002,Scott Servais,0
20221016,2022,DS,NYA,CLE,4,2,2,54,0,0,0,3,4,10,1,11,1,boona001,Aaron Boone,frant001,Terry Francona,0
20221018,2022,DS,CLE,NYA,1,5,4,51,0,0,0,5,4,7,0,12,1,frant001,Terry Francona,boona001,Aaron Boone,1
20231007,2023,DS,ARI,LAN,11,2,9,54,0,0,1,4,6,9,0,8,0,lovut001,Tony Lovullo,robed001,Dave Roberts,0
20231007,2023,DS,PHI,ATL,3,0,3,54,0,0,0,7,4,11,5,8,0,thomr801,Rob Thomson,snitb801,Brian Snitker,0
20231007,2023,DS,TEX,BAL,3,2,1,54,0,1,0,6,6,16,0,7,0,bochb002,Bruce Bochy,hydeb801,Brandon Hyde,0
20231007,2023,DS,MIN,HOU,4,6,2,51,0,0,0,5,4,13,0,7,1,baldr001,Rocco Baldelli,baked002,Dusty Baker,1
20231008,2023,DS,TEX,BAL,11,8,3,54,0,0,0,5,8,7,0,7,0,bochb002,Bruce Bochy,hydeb801,Brandon Hyde,0
20231008,2023,DS,MIN,HOU,6,2,4,54,0,0,0,3,5,11,0,8,0,baldr001,Rocco Baldelli,baked002,Dusty Baker,0
20231009,2023,DS,ARI,LAN,4,2,2,54,0,0,0,5,5,10,4,8,0,lovut001,Tony Lovullo,robed001,Dave Roberts,0
20231009,2023,DS,PHI,ATL,4,5,1,51,0,1,0,4,6,7,2,12,1,thomr801,Rob Thomson,snitb801,Brian Snitker,1
20231010,2023,DS,BAL,TEX,1,7,6,51,0,0,1,5,3,9,0,5,0,hydeb801,Brandon Hyde,bochb002,Bruce Bochy,1
20231010,2023,DS,HOU,MIN,9,1,8,54,0,0,1,5,5,12,0,14,0,baked002,Dusty Baker,baldr001,Rocco Baldelli,0
20231011,2023,DS,LAN,ARI,2,4,2,51,0,0,0,6,6,7,0,7,1,robed001,Dave Roberts,lovut001,Tony Lovullo,1
20231011,2023,DS,ATL,PHI,2,10,8,51,0,0,1,5,5,10,1,10,0,snitb801,Brian Snitker,thomr801,Rob Thomson,1
20231011,2023,DS,HOU,MIN,3,2,1,54,0,1,0,4,6,10,0,14,0,baked002,Dusty Baker,baldr001,Rocco Baldelli,0
20231012,2023,DS,ATL,PHI,1,3,2,51,0,0,0,4,6,4,0,10,0,snitb801,Brian Snitker,thomr801,Rob Thomson,1
20241005,2024,DS,SDN,LAN,5,7,2,51,0,0,0,6,6,8,0,9,2,shilm801,Mike Shildt,robed001,Dave Roberts,1
20241005,2024,DS,NYN,PHI,6,2,4,54,0,0,0,5,5,11,1,8,0,mendc801,Carlos Mendoza,thomr801,Rob Thomson,0
20241005,2024,DS,DET,CLE,0,7,7,51,0,0,1,5,5,13,0,8,2,hinca001,A.J. Hinch,vogts001,Stephen Vogt,1
20241005,2024,DS,KCA,NYA,5,6,1,51,0,1,0,6,5,7,0,11,1,quatm801,Matt Quatraro,boona001,Aaron Boone,1
20241006,2024,DS,SDN,LAN,10,2,8,54,0,0,1,3,6,5,0,5,2,shilm801,Mike Shildt,robed001,Dave Roberts,0
20241006,2024,DS,NYN,PHI,6,7,1,53,0,1,0,4,6,10,1,11,3,mendc801,Carlos Mendoza,thomr801,Rob Thomson,1
20241007,2024,DS,DET,CLE,3,0,3,54,0,0,0,3,6,10,0,11,0,hinca001,A.J. Hinch,vogts001,Stephen Vogt,0
20241007,2024,DS,KCA,NYA,4,2,2,54,0,0,0,5,8,15,2,8,1,quatm801,Matt Quatraro,boona001,Aaron Boone,0
20241008,2024,DS,LAN,SDN,5,6,1,51,0,1,0,4,5,9,0,4,0,robed001,Dave Roberts,shilm801,Mike Shildt,1
20241008,2024,DS,PHI,NYN,2,7,5,51,0,0,1,5,3,8,0,11,1,thomr801,Rob Thomson,mendc801,Carlos Mendoza,1
20241009,2024,DS,LAN,SDN,8,0,8,54,0,0,1,8,7,10,0,8,0,robed001,Dave Roberts,shilm801,Mike Shildt,0
20241009,2024,DS,PHI,NYN,1,4,3,51,0,0,0,5,4,11,0,12,0,thomr801,Rob Thomson,mendc801,Carlos Mendoza,1
20241009,2024,DS,CLE,DET,0,3,3,51,0,0,0,7,6,6,0,9,0,vogts001,Stephen Vogt,hinca001,A.J. Hinch,1
20241009,2024,DS,NYA,KCA,3,2,1,54,0,1,0,4,7,5,1,5,0,boona001,Aaron Boone,quatm801,Matt Quatraro,0
20241010,2024,DS,CLE,DET,5,4,1,54,0,1,0,5,6,6,1,10,0,vogts001,Stephen Vogt,hinca001,A.J. Hinch,0
20241010,2024,DS,NYA,KCA,3,1,2,54,0,0,0,3,5,4,1,7,0,boona001,Aaron Boone,quatm801,Matt Quatraro,0
20241011,2024,DS,SDN,LAN,0,2,2,51,0,0,0,3,5,7,0,5,1,shilm801,Mike Shildt,robed001,Dave Roberts,1
20241012,2024,DS,DET,CLE,3,7,4,51,0,0,0,4,8,16,2,10,0,hinca001,A.J. Hinch,vogts001,Stephen Vogt,1
20251004,2025,DS,CHN,MIL,3,9,6,51,0,0,1,4,4,12,0,8,0,counc001,Craig Counsell,murpp801,Pat Murphy,1
20251004,2025,DS,LAN,PHI,5,3,2,54,0,0,0,4,5,13,0,12,0,robed001,Dave Roberts,thomr801,Rob Thomson,0
20251004,2025,DS,NYA,TOR,1,10,9,51,0,0,1,6,5,6,0,2,0,boona001,Aaron Boone,schnj801,John Schneider,1
20251004,2025,DS,DET,SEA,3,2,1,66,1,1,0,8,7,16,1,8,0,hinca001,A.J. Hinch,wilsd001,Dan Wilson,0
20251005,2025,DS,NYA,TOR,7,13,6,51,0,0,1,3,8,15,0,5,0,boona001,Aaron Boone,schnj801,John Schneider,1
20251005,2025,DS,DET,SEA,2,3,1,51,0,1,0,3,5,10,0,10,1,hinca001,A.J. Hinch,wilsd001,Dan Wilson,1
20251006,2025,DS,CHN,MIL,3,7,4,51,0,0,0,4,7,11,0,5,0,counc001,Craig Counsell,murpp801,Pat Murphy,1
20251006,2025,DS,LAN,PHI,4,3,1,54,0,1,0,5,5,8,0,10,1,robed001,Dave Roberts,thomr801,Rob Thomson,0
20251007,2025,DS,TOR,NYA,6,9,3,51,0,0,0,7,6,11,0,6,0,schnj801,John Schneider,boona001,Aaron Boone,1
20251007,2025,DS,SEA,DET,8,4,4,54,0,0,0,5,5,10,0,9,0,wilsd001,Dan Wilson,hinca001,A.J. Hinch,0
20251008,2025,DS,MIL,CHN,3,4,1,51,0,1,0,6,6,9,0,7,1,murpp801,Pat Murphy,counc001,Craig Counsell,1
20251008,2025,DS,PHI,LAN,8,2,6,54,0,0,1,5,5,4,2,8,0,thomr801,Rob Thomson,robed001,Dave Roberts,0
20251008,2025,DS,TOR,NYA,5,2,3,54,0,0,0,8,4,6,1,10,0,schnj801,John Schneider,boona001,Aaron Boone,0
20251008,2025,DS,SEA,DET,3,9,6,51,0,0,1,5,5,10,0,3,1,wilsd001,Dan Wilson,hinca001,A.J. Hinch,1
20251009,2025,DS,MIL,CHN,0,6,6,51,0,0,1,5,5,8,0,8,2,murpp801,Pat Murphy,counc001,Craig Counsell,1
20251009,2025,DS,PHI,LAN,1,2,1,65,1,1,0,5,4,12,1,12,0,thomr801,Rob Thomson,robed001,Dave Roberts,1
20251010,2025,DS,DET,SEA,2,3,1,88,1,1,0,8,7,17,0,20,1,hinca001,A.J. Hinch,wilsd001,Dan Wilson,1
20251011,2025,DS,CHN,MIL,1,3,2,51,0,0,0,6,5,8,0,4,2,counc001,Craig Counsell,murpp801,Pat Murphy,1
20051011,2005,LCS,ANA,CHA,3,2,1,54,0,1,0,3,2,4,2,3,0,sciom001,Mike Scioscia,guilo001,Ozzie Guillen,0
20051012,2005,LCS,ANA,CHA,1,2,1,53,0,1,0,4,1,4,0,9,1,sciom001,Mike Scioscia,guilo001,Ozzie Guillen,1
20051012,2005,LCS,HOU,SLN,3,5,2,51,0,0,0,3,2,4,0,5,0,garnp001,Phil Garner,larut101,Tony LaRussa,1
20051013,2005,LCS,HOU,SLN,4,1,3,54,0,0,0,2,3,8,1,9,0,garnp001,Phil Garner,larut101,Tony LaRussa,0
20051014,2005,LCS,CHA,ANA,5,2,3,54,0,0,0,1,3,9,0,7,0,guilo001,Ozzie Guillen,sciom001,Mike Scioscia,0
20051015,2005,LCS,CHA,ANA,8,2,6,54,0,0,1,1,4,6,3,5,0,guilo001,Ozzie Guillen,sciom001,Mike Scioscia,0
20051015,2005,LCS,SLN,HOU,3,4,1,51,0,1,0,4,3,5,1,4,0,larut101,Tony LaRussa,garnp001,Phil Garner,1
20051016,2005,LCS,CHA,ANA,6,3,3,54,0,0,0,1,4,9,1,2,0,guilo001,Ozzie Guillen,sciom001,Mike Scioscia,0
20051016,2005,LCS,SLN,HOU,1,2,1,51,0,1,0,2,5,7,0,6,0,larut101,Tony LaRussa,garnp001,Phil Garner,1
20051017,2005,LCS,SLN,HOU,5,4,1,54,0,1,0,2,5,7,2,6,0,larut101,Tony LaRussa,garnp001,Phil Garner,0
20051019,2005,LCS,HOU,SLN,5,1,4,54,0,0,0,3,6,5,0,9,0,garnp001,Phil Garner,larut101,Tony LaRussa,0
20061010,2006,LCS,DET,OAK,5,1,4,54,0,0,0,4,5,3,0,5,0,leylj801,Jim Leyland,machk101,Ken Macha,0
20061011,2006,LCS,DET,OAK,8,5,3,54,0,0,0,5,4,7,0,13,0,leylj801,Jim Leyland,machk101,Ken Macha,0
20061012,2006,LCS,SLN,NYN,0,2,2,51,0,0,0,4,3,3,0,3,1,larut101,Tony LaRussa,randw001,Willie Randolph,1
20061013,2006,LCS,OAK,DET,0,3,3,51,0,0,0,4,3,6,0,5,2,machk101,Ken Macha,leylj801,Jim Leyland,1
20061013,2006,LCS,SLN,NYN,9,6,3,54,0,0,0,6,7,5,1,4,0,larut101,Tony LaRussa,randw001,Willie Randolph,0
20061014,2006,LCS,OAK,DET,3,6,3,53,0,0,0,4,4,4,0,10,0,machk101,Ken Macha,leylj801,Jim Leyland,1
20061014,2006,LCS,NYN,SLN,0,5,5,51,0,0,1,3,2,4,1,4,0,randw001,Willie Randolph,larut101,Tony LaRussa,1
20061015,2006,LCS,NYN,SLN,12,5,7,54,0,0,1,4,6,9,0,5,1,randw001,Willie Randolph,larut101,Tony LaRussa,0
20061017,2006,LCS,NYN,SLN,2,4,2,51,0,0,0,5,4,6,0,3,1,randw001,Willie Randolph,larut101,Tony LaRussa,1
20061018,2006,LCS,SLN,NYN,2,4,2,51,0,0,0,3,5,6,1,4,3,larut101,Tony LaRussa,randw001,Willie Randolph,1
20061019,2006,LCS,SLN,NYN,3,1,2,54,0,0,0,3,3,7,0,6,0,larut101,Tony LaRussa,randw001,Willie Randolph,0
20071011,2007,LCS,COL,ARI,5,1,4,54,0,0,0,5,5,10,2,6,0,hurdc001,Clint Hurdle,melvb001,Bob Melvin,0
20071012,2007,LCS,COL,ARI,3,2,1,66,1,1,0,6,6,12,0,12,0,hurdc001,Clint Hurdle,melvb001,Bob Melvin,0
20071012,2007,LCS,CLE,BOS,3,10,7,51,0,0,1,5,4,11,0,5,0,wedge001,Eric Wedge,frant001,Terry Francona,1
20071013,2007,LCS,CLE,BOS,13,6,7,66,1,0,1,6,8,9,1,10,2,wedge001,Eric Wedge,frant001,Terry Francona,0
20071014,2007,LCS,ARI,COL,1,4,3,51,0,0,0,4,4,4,0,6,0,melvb001,Bob Melvin,hurdc001,Clint Hurdle,1
20071015,2007,LCS,ARI,COL,4,6,2,51,0,0,0,3,5,6,0,11,0,melvb001,Bob Melvin,hurdc001,Clint Hurdle,1
20071015,2007,LCS,BOS,CLE,2,4,2,51,0,0,0,4,4,4,0,10,0,frant001,Terry Francona,wedge001,Eric Wedge,1
20071016,2007,LCS,BOS,CLE,3,7,4,51,0,0,0,3,3,4,0,12,2,frant001,Terry Francona,wedge001,Eric Wedge,1
20071018,2007,LCS,BOS,CLE,7,1,6,54,0,0,1,2,4,8,0,12,0,frant001,Terry Francona,wedge001,Eric Wedge,0
20071020,2007,LCS,CLE,BOS,2,12,10,51,0,0,1,4,3,5,0,5,0,wedge001,Eric Wedge,frant001,Terry Francona,1
20071021,2007,LCS,CLE,BOS,2,11,9,51,0,0,1,3,3,4,0,7,0,wedge001,Eric Wedge,frant001,Terry Francona,1
20081009,2008,LCS,LAN,PHI,2,3,1,51,0,1,0,4,3,10,0,2,0,torrj101,Joe Torre,manuc101,Charlie Manuel,1
20081010,2008,LCS,LAN,PHI,5,8,3,51,0,0,0,6,5,12,0,12,0,torrj101,Joe Torre,manuc101,Charlie Manuel,1
20081010,2008,LCS,BOS,TBA,2,0,2,54,0,0,0,4,4,7,1,11,0,frant001,Terry Francona,maddj801,Joe Maddon,0
20081011,2008,LCS,BOS,TBA,8,9,1,65,1,1,0,7,7,10,0,9,1,frant001,Terry Francona,maddj801,Joe Maddon,1
20081012,2008,LCS,PHI,LAN,2,7,5,51,0,0,1,6,3,6,0,8,1,manuc101,Charlie Manuel,torrj101,Joe Torre,1
20081013,2008,LCS,PHI,LAN,7,5,2,54,0,0,0,6,7,7,1,7,0,manuc101,Charlie Manuel,torrj101,Joe Torre,0
20081013,2008,LCS,TBA,BOS,9,1,8,54,0,0,1,3,2,9,1,7,0,maddj801,Joe Maddon,frant001,Terry Francona,0
20081014,2008,LCS,TBA,BOS,13,4,9,54,0,0,1,3,5,7,3,7,0,maddj801,Joe Maddon,frant001,Terry Francona,0
20081015,2008,LCS,PHI,LAN,5,1,4,54,0,0,0,3,7,10,1,5,0,manuc101,Charlie Manuel,torrj101,Joe Torre,0
20081016,2008,LCS,TBA,BOS,7,8,1,53,0,1,0,4,5,6,4,9,0,maddj801,Joe Maddon,frant001,Terry Francona,1
20081018,2008,LCS,BOS,TBA,4,2,2,54,0,0,0,4,5,4,0,6,1,frant001,Terry Francona,maddj801,Joe Maddon,0
20081019,2008,LCS,BOS,TBA,1,3,2,51,0,0,0,2,5,12,1,9,0,frant001,Terry Francona,maddj801,Joe Maddon,1
20091015,2009,LCS,PHI,LAN,8,6,2,54,0,0,0,7,6,6,0,5,0,manuc101,Charlie Manuel,torrj101,Joe Torre,0
20091016,2009,LCS,PHI,LAN,1,2,1,51,0,1,0,6,3,6,1,4,0,manuc101,Charlie Manuel,torrj101,Joe Torre,1
20091016,2009,LCS,ANA,NYA,1,4,3,51,0,0,0,3,2,8,0,6,0,sciom001,Mike Scioscia,giraj001,Joe Girardi,1
20091017,2009,LCS,ANA,NYA,3,4,1,76,1,1,0,5,8,10,1,8,0,sciom001,Mike Scioscia,giraj001,Joe Girardi,1
20091018,2009,LCS,LAN,PHI,0,11,11,51,0,0,1,5,2,10,0,7,1,torrj101,Joe Torre,manuc101,Charlie Manuel,1
20091019,2009,LCS,LAN,PHI,4,5,1,53,0,1,0,5,5,7,3,4,0,torrj101,Joe Torre,manuc101,Charlie Manuel,1
20091019,2009,LCS,NYA,ANA,4,5,1,65,1,1,0,8,6,13,0,3,1,giraj001,Joe Girardi,sciom001,Mike Scioscia,1
20091020,2009,LCS,NYA,ANA,10,1,9,54,0,0,1,2,5,8,2,5,0,giraj001,Joe Girardi,sciom001,Mike Scioscia,0
20091021,2009,LCS,LAN,PHI,4,10,6,51,0,0,1,6,6,7,0,10,0,torrj101,Joe Torre,manuc101,Charlie Manuel,1
20091022,2009,LCS,NYA,ANA,6,7,1,51,0,1,0,5,5,9,0,5,2,giraj001,Joe Girardi,sciom001,Mike Scioscia,1
20091025,2009,LCS,ANA,NYA,2,5,3,51,0,0,0,5,3,7,0,3,0,sciom001,Mike Scioscia,giraj001,Joe Girardi,1
20101015,2010,LCS,NYA,TEX,6,5,1,54,0,1,0,5,5,5,0,9,1,giraj001,Joe Girardi,washr001,Ron Washington,0
20101016,2010,LCS,NYA,TEX,2,7,5,51,0,0,1,5,6,10,0,9,4,giraj001,Joe Girardi,washr001,Ron Washington,1
20101016,2010,LCS,SFN,PHI,4,3,1,54,0,1,0,3,3,10,1,13,0,bochb002,Bruce Bochy,manuc101,Charlie Manuel,0
20101017,2010,LCS,SFN,PHI,1,6,5,51,0,0,1,5,2,10,0,9,3,bochb002,Bruce Bochy,manuc101,Charlie Manuel,1
20101018,2010,LCS,TEX,NYA,8,0,8,54,0,0,1,2,5,6,0,15,1,washr001,Ron Washington,giraj001,Joe Girardi,0
20101019,2010,LCS,TEX,NYA,10,3,7,54,0,0,1,5,5,6,2,9,0,washr001,Ron Washington,giraj001,Joe Girardi,0
20101019,2010,LCS,PHI,SFN,0,3,3,51,0,0,0,2,3,7,1,9,0,manuc101,Charlie Manuel,bochb002,Bruce Bochy,1
20101020,2010,LCS,TEX,NYA,2,7,5,51,0,0,1,3,3,10,2,4,1,washr001,Ron Washington,giraj001,Joe Girardi,1
20101020,2010,LCS,PHI,SFN,5,6,1,53,0,1,0,6,5,11,0,7,0,manuc101,Charlie Manuel,bochb002,Bruce Bochy,1
20101021,2010,LCS,PHI,SFN,4,2,2,54,0,0,0,5,5,9,3,10,0,manuc101,Charlie Manuel,bochb002,Bruce Bochy,0
20101022,2010,LCS,NYA,TEX,1,6,5,51,0,0,1,4,2,9,0,3,0,giraj001,Joe Girardi,washr001,Ron Washington,1
20101023,2010,LCS,SFN,PHI,3,2,1,54,0,1,0,6,3,10,0,7,0,bochb002,Bruce Bochy,manuc101,Charlie Manuel,0
20111008,2011,LCS,DET,TEX,2,3,1,51,0,1,0,4,6,14,0,7,0,leylj801,Jim Leyland,washr001,Ron Washington,1
20111009,2011,LCS,SLN,MIL,6,9,3,51,0,0,0,6,4,10,0,4,0,larut101,Tony LaRussa,roenr001,Ron Roenicke,1
20111010,2011,LCS,SLN,MIL,12,3,9,54,0,0,1,7,5,8,0,4,0,larut101,Tony LaRussa,roenr001,Ron Roenicke,0
20111010,2011,LCS,DET,TEX,3,7,4,63,1,0,0,5,6,8,0,7,0,leylj801,Jim Leyland,washr001,Ron Washington,1
20111011,2011,LCS,TEX,DET,2,5,3,51,0,0,0,4,3,5,0,7,1,washr001,Ron Washington,leylj801,Jim Leyland,1
20111012,2011,LCS,MIL,SLN,3,4,1,51,0,1,0,4,5,7,0,5,0,roenr001,Ron Roenicke,larut101,Tony LaRussa,1
20111012,2011,LCS,TEX,DET,7,3,4,66,1,0,0,6,5,10,1,6,0,washr001,Ron Washington,leylj801,Jim Leyland,0
20111013,2011,LCS,MIL,SLN,4,2,2,54,0,0,0,3,5,8,0,7,0,roenr001,Ron Roenicke,larut101,Tony LaRussa,0
20111013,2011,LCS,TEX,DET,5,7,2,51,0,0,0,4,2,9,0,7,1,washr001,Ron Washington,leylj801,Jim Leyland,1
20111014,2011,LCS,MIL,SLN,1,7,6,51,0,0,1,4,5,8,0,2,1,roenr001,Ron Roenicke,larut101,Tony LaRussa,1
20111015,2011,LCS,DET,TEX,5,15,10,51,0,0,1,6,5,8,0,4,2,leylj801,Jim Leyland,washr001,Ron Washington,1
20111016,2011,LCS,SLN,MIL,12,6,6,54,0,0,1,6,7,11,1,9,0,larut101,Tony LaRussa,roenr001,Ron Roenicke,0
20121013,2012,LCS,DET,NYA,6,4,2,72,1,0,0,6,8,10,0,10,2,leylj801,Jim Leyland,giraj001,Joe Girardi,0
20121014,2012,LCS,DET,NYA,3,0,3,54,0,0,0,2,5,13,0,10,1,leylj801,Jim Leyland,giraj001,Joe Girardi,0
20121014,2012,LCS,SLN,SFN,6,4,2,54,0,0,0,7,6,7,2,7,0,mathm001,Mike Matheny,bochb002,Bruce Bochy,0
20121015,2012,LCS,SLN,SFN,1,7,6,51,0,0,1,5,3,5,0,5,0,mathm001,Mike Matheny,bochb002,Bruce Bochy,1
20121016,2012,LCS,NYA,DET,1,2,1,51,0,1,0,6,2,4,0,3,2,giraj001,Joe Girardi,leylj801,Jim Leyland,1
20121017,2012,LCS,SFN,SLN,1,3,2,51,0,0,0,4,5,4,0,3,0,bochb002,Bruce Bochy,mathm001,Mike Matheny,1
20121018,2012,LCS,NYA,DET,1,8,7,51,0,0,1,6,4,12,1,4,1,giraj001,Joe Girardi,leylj801,Jim Leyland,1
20121018,2012,LCS,SFN,SLN,3,8,5,51,0,0,1,6,2,6,0,7,0,bochb002,Bruce Bochy,mathm001,Mike Matheny,1
20121019,2012,LCS,SFN,SLN,5,0,5,54,0,0,1,3,5,12,1,8,1,bochb002,Bruce Bochy,mathm001,Mike Matheny,0
20121021,2012,LCS,SLN,SFN,1,6,5,51,0,0,1,5,4,11,0,11,0,mathm001,Mike Matheny,bochb002,Bruce Bochy,1
20121022,2012,LCS,SLN,SFN,0,9,9,51,0,0,1,7,5,8,2,6,0,mathm001,Mike Matheny,bochb002,Bruce Bochy,1
20131011,2013,LCS,LAN,SLN,2,3,1,76,1,1,0,6,7,11,0,13,0,mattd001,Don Mattingly,mathm001,Mike Matheny,1
20131012,2013,LCS,DET,BOS,1,0,1,54,0,1,0,5,4,6,0,17,2,leylj801,Jim Leyland,farrj001,John Farrell,0
20131012,2013,LCS,LAN,SLN,0,1,1,51,0,1,0,3,5,13,1,5,0,mattd001,Don Mattingly,mathm001,Mike Matheny,1
20131013,2013,LCS,DET,BOS,5,6,1,51,0,1,0,6,4,7,0,15,0,leylj801,Jim Leyland,farrj001,John Farrell,1
20131014,2013,LCS,SLN,LAN,0,3,3,51,0,0,0,4,3,6,0,6,0,mathm001,Mike Matheny,mattd001,Don Mattingly,1
20131015,2013,LCS,BOS,DET,1,0,1,54,0,1,0,4,4,11,0,12,0,farrj001,John Farrell,leylj801,Jim Leyland,0
20131015,2013,LCS,SLN,LAN,4,2,2,54,0,0,0,4,5,11,1,6,0,mathm001,Mike Matheny,mattd001,Don Mattingly,0
20131016,2013,LCS,BOS,DET,3,7,4,51,0,0,0,5,5,10,0,4,2,farrj001,John Farrell,leylj801,Jim Leyland,1
20131016,2013,LCS,SLN,LAN,4,6,2,51,0,0,0,5,3,8,0,6,0,mathm001,Mike Matheny,mattd001,Don Mattingly,1
20131017,2013,LCS,BOS,DET,4,3,1,54,0,1,0,4,4,8,3,5,0,farrj001,John Farrell,leylj801,Jim Leyland,0
20131018,2013,LCS,LAN,SLN,0,9,9,51,0,0,1,5,3,8,0,7,0,mattd001,Don Mattingly,mathm001,Mike Matheny,1
20131019,2013,LCS,DET,BOS,2,5,3,51,0,0,0,5,6,8,0,12,0,leylj801,Jim Leyland,farrj001,John Farrell,1
20141010,2014,LCS,KCA,BAL,8,6,2,60,1,0,0,5,7,9,0,10,2,yoste001,Ned Yost,showb801,Buck Showalter,0
20141011,2014,LCS,KCA,BAL,6,4,2,54,0,0,0,5,5,8,1,6,0,yoste001,Ned Yost,showb801,Buck Showalter,0
20141011,2014,LCS,SFN,SLN,3,0,3,54,0,0,0,3,5,4,0,7,0,bochb002,Bruce Bochy,mathm001,Mike Matheny,0
20141012,2014,LCS,SFN,SLN,4,5,1,51,0,1,0,6,6,7,0,5,0,bochb002,Bruce Bochy,mathm001,Mike Matheny,1
20141014,2014,LCS,BAL,KCA,1,2,1,51,0,1,0,2,5,5,0,5,0,showb801,Buck Showalter,yoste001,Ned Yost,1
20141014,2014,LCS,SLN,SFN,4,5,1,57,1,1,0,5,5,7,0,4,0,mathm001,Mike Matheny,bochb002,Bruce Bochy,1
20141015,2014,LCS,BAL,KCA,1,2,1,51,0,1,0,4,4,8,0,6,0,showb801,Buck Showalter,yoste001,Ned Yost,1
20141015,2014,LCS,SLN,SFN,4,6,2,51,0,0,0,6,7,8,0,5,1,mathm001,Mike Matheny,bochb002,Bruce Bochy,1
20141016,2014,LCS,SLN,SFN,3,6,3,52,0,0,0,3,3,5,1,7,0,mathm001,Mike Matheny,bochb002,Bruce Bochy,1
20151016,2015,LCS,TOR,KCA,0,5,5,51,0,0,1,4,4,7,0,7,1,gibbj001,John Gibbons,yoste001,Ned Yost,1
20151017,2015,LCS,TOR,KCA,3,6,3,51,0,0,0,4,5,11,0,8,0,gibbj001,John Gibbons,yoste001,Ned Yost,1
20151017,2015,LCS,CHN,NYN,2,4,2,51,0,0,0,4,2,10,1,6,2,maddj801,Joe Maddon,collt801,Terry Collins,1
20151018,2015,LCS,CHN,NYN,1,4,3,51,0,0,0,4,5,10,0,12,2,maddj801,Joe Maddon,collt801,Terry Collins,1
20151019,2015,LCS,KCA,TOR,8,11,3,51,0,0,0,3,5,2,0,9,1,yoste001,Ned Yost,gibbj001,John Gibbons,1
20151020,2015,LCS,KCA,TOR,14,2,12,54,0,0,1,5,6,5,1,8,1,yoste001,Ned Yost,gibbj001,John Gibbons,0
20151020,2015,LCS,NYN,CHN,5,2,3,54,0,0,0,3,7,9,1,9,0,collt801,Terry Collins,maddj801,Joe Maddon,0
20151021,2015,LCS,KCA,TOR,1,7,6,51,0,0,1,3,3,5,0,10,0,yoste001,Ned Yost,gibbj001,John Gibbons,1
20151021,2015,LCS,NYN,CHN,8,3,5,54,0,0,1,5,7,10,2,8,0,collt801,Terry Collins,maddj801,Joe Maddon,0
20151023,2015,LCS,TOR,KCA,3,4,1,51,0,1,0,3,4,11,3,8,1,gibbj001,John Gibbons,yoste001,Ned Yost,1
20161014,2016,LCS,TOR,CLE,0,2,2,51,0,0,0,1,3,12,0,6,0,gibbj001,John Gibbons,frant001,Terry Francona,1
20161015,2016,LCS,TOR,CLE,1,2,1,51,0,1,0,3,4,13,0,6,1,gibbj001,John Gibbons,frant001,Terry Francona,1
20161015,2016,LCS,LAN,CHN,4,8,4,51,0,0,0,5,7,7,1,5,1,robed001,Dave Roberts,maddj801,Joe Maddon,1
20161016,2016,LCS,LAN,CHN,1,0,1,54,0,1,0,2,5,6,1,10,0,robed001,Dave Roberts,maddj801,Joe Maddon,0
20161017,2016,LCS,CLE,TOR,4,2,2,54,0,0,0,7,5,8,1,9,1,frant001,Terry Francona,gibbj001,John Gibbons,0
20161018,2016,LCS,CLE,TOR,1,5,4,51,0,0,0,4,4,9,0,8,0,frant001,Terry Francona,gibbj001,John Gibbons,1
20161018,2016,LCS,CHN,LAN,0,6,6,51,0,0,1,4,4,10,1,8,3,maddj801,Joe Maddon,robed001,Dave Roberts,1
20161019,2016,LCS,CLE,TOR,3,0,3,54,0,0,0,4,4,10,0,8,0,frant001,Terry Francona,gibbj001,John Gibbons,0
20161019,2016,LCS,CHN,LAN,10,2,8,54,0,0,1,6,6,8,0,8,0,maddj801,Joe Maddon,robed001,Dave Roberts,0
20161020,2016,LCS,CHN,LAN,8,4,4,54,0,0,0,3,7,9,1,6,3,maddj801,Joe Maddon,robed001,Dave Roberts,0
20161022,2016,LCS,LAN,CHN,0,5,5,51,0,0,1,2,2,7,0,8,0,robed001,Dave Roberts,maddj801,Joe Maddon,1
20171013,2017,LCS,NYA,HOU,1,2,1,51,0,1,0,2,3,14,0,5,1,giraj001,Joe Girardi,hinca001,A.J. Hinch,1
20171014,2017,LCS,CHN,LAN,2,5,3,51,0,0,0,4,6,9,0,6,1,maddj801,Joe Maddon,robed001,Dave Roberts,1
20171014,2017,LCS,NYA,HOU,1,2,1,52,0,1,0,4,1,13,0,4,0,giraj001,Joe Girardi,hinca001,A.J. Hinch,1
20171015,2017,LCS,CHN,LAN,1,4,3,53,0,0,0,5,5,12,1,6,0,maddj801,Joe Maddon,robed001,Dave Roberts,1
20171016,2017,LCS,HOU,NYA,1,8,7,51,0,0,1,3,4,7,0,6,0,hinca001,A.J. Hinch,giraj001,Joe Girardi,1
20171017,2017,LCS,LAN,CHN,6,1,5,54,0,0,1,5,5,8,0,11,0,robed001,Dave Roberts,maddj801,Joe Maddon,0
20171017,2017,LCS,HOU,NYA,4,6,2,51,0,0,0,5,4,9,0,3,0,hinca001,A.J. Hinch,giraj001,Joe Girardi,1
20171018,2017,LCS,LAN,CHN,2,3,1,51,0,1,0,6,3,12,0,11,0,robed001,Dave Roberts,maddj801,Joe Maddon,1
20171018,2017,LCS,HOU,NYA,0,5,5,51,0,0,1,4,2,9,0,13,0,hinca001,A.J. Hinch,giraj001,Joe Girardi,1
20171019,2017,LCS,LAN,CHN,11,1,10,54,0,0,1,4,5,9,0,10,0,robed001,Dave Roberts,maddj801,Joe Maddon,0
20171020,2017,LCS,NYA,HOU,1,7,6,51,0,0,1,4,3,10,0,7,0,giraj001,Joe Girardi,hinca001,A.J. Hinch,1
20171021,2017,LCS,NYA,HOU,0,4,4,51,0,0,0,4,2,11,0,4,0,giraj001,Joe Girardi,hinca001,A.J. Hinch,1
20181012,2018,LCS,LAN,MIL,5,6,1,51,0,1,0,6,7,13,0,8,1,robed001,Dave Roberts,counc001,Craig Counsell,1
20181013,2018,LCS,LAN,MIL,4,3,1,54,0,1,0,8,6,5,0,8,1,robed001,Dave Roberts,counc001,Craig Counsell,0
20181013,2018,LCS,HOU,BOS,7,2,5,54,0,0,1,4,6,9,1,11,0,hinca001,A.J. Hinch,coraa001,Alex Cora,0
20181014,2018,LCS,HOU,BOS,5,7,2,51,0,0,0,5,5,8,0,9,0,hinca001,A.J. Hinch,coraa001,Alex Cora,1
20181015,2018,LCS,MIL,LAN,4,0,4,54,0,0,0,5,3,10,0,14,0,counc001,Craig Counsell,robed001,Dave Roberts,0
20181016,2018,LCS,MIL,LAN,1,2,1,77,1,1,0,7,9,15,1,17,1,counc001,Craig Counsell,robed001,Dave Roberts,1
20181016,2018,LCS,BOS,HOU,8,2,6,54,0,0,1,5,7,3,0,8,0,coraa001,Alex Cora,hinca001,A.J. Hinch,0
20181017,2018,LCS,MIL,LAN,2,5,3,51,0,0,0,6,5,11,0,12,3,counc001,Craig Counsell,robed001,Dave Roberts,1
20181017,2018,LCS,BOS,HOU,8,6,2,54,0,0,0,6,6,8,0,6,1,coraa001,Alex Cora,hinca001,A.J. Hinch,0
20181018,2018,LCS,BOS,HOU,4,1,3,54,0,0,0,4,2,7,0,12,0,coraa001,Alex Cora,hinca001,A.J. Hinch,0
20181019,2018,LCS,LAN,MIL,2,7,5,51,0,0,1,7,4,9,0,13,0,robed001,Dave Roberts,counc001,Craig Counsell,1
20181020,2018,LCS,LAN,MIL,5,1,4,54,0,0,0,5,6,12,1,14,0,robed001,Dave Roberts,counc001,Craig Counsell,0
20191011,2019,LCS,WAS,SLN,2,0,2,54,0,0,0,2,7,12,0,6,2,martd002,Dave Martinez,shilm801,Mike Shildt,0
20191012,2019,LCS,WAS,SLN,3,1,2,54,0,0,0,4,3,14,0,12,1,martd002,Dave Martinez,shilm801,Mike Shildt,0
20191012,2019,LCS,NYA,HOU,7,0,7,54,0,0,1,4,5,11,1,6,0,boona001,Aaron Boone,hinca001,A.J. Hinch,0
20191013,2019,LCS,NYA,HOU,2,3,1,63,1,1,0,9,6,12,0,14,0,boona001,Aaron Boone,hinca001,A.J. Hinch,1
20191014,2019,LCS,SLN,WAS,1,8,7,51,0,0,1,5,3,16,0,11,0,shilm801,Mike Shildt,martd002,Dave Martinez,1
20191015,2019,LCS,SLN,WAS,4,7,3,51,0,0,0,5,4,14,0,7,0,shilm801,Mike Shildt,martd002,Dave Martinez,1
20191015,2019,LCS,HOU,NYA,4,1,3,54,0,0,0,4,6,10,1,7,0,hinca001,A.J. Hinch,boona001,Aaron Boone,0
20191017,2019,LCS,HOU,NYA,8,3,5,54,0,0,1,6,7,6,0,13,2,hinca001,A.J. Hinch,boona001,Aaron Boone,0
20191018,2019,LCS,HOU,NYA,1,4,3,51,0,0,0,2,4,12,0,10,0,hinca001,A.J. Hinch,boona001,Aaron Boone,1
20191019,2019,LCS,NYA,HOU,4,6,2,53,0,0,0,7,7,11,0,6,1,boona001,Aaron Boone,hinca001,A.J. Hinch,1
20201011,2020,LCS,HOU,TBA,1,2,1,51,0,1,0,4,5,5,1,13,0,baked002,Dusty Baker,cashk001,Kevin Cash,1
20201012,2020,LCS,ATL,LAN,5,1,4,54,0,0,0,4,6,12,1,11,0,snitb801,Brian Snitker,robed001,Dave Roberts,0
20201012,2020,LCS,HOU,TBA,2,4,2,51,0,0,0,2,5,8,0,13,0,baked002,Dusty Baker,cashk001,Kevin Cash,1
20201013,2020,LCS,ATL,LAN,8,7,1,54,0,1,0,7,7,12,0,11,0,snitb801,Brian Snitker,robed001,Dave Roberts,0
20201013,2020,LCS,TBA,HOU,5,2,3,54,0,0,0,6,5,9,0,9,0,cashk001,Kevin Cash,baked002,Dusty Baker,0
20201014,2020,LCS,LAN,ATL,15,3,12,54,0,0,1,5,5,12,0,10,0,robed001,Dave Roberts,snitb801,Brian Snitker,0
20201014,2020,LCS,TBA,HOU,3,4,1,51,0,1,0,3,3,11,0,7,0,cashk001,Kevin Cash,baked002,Dusty Baker,1
20201015,2020,LCS,LAN,ATL,2,10,8,51,0,0,1,5,5,7,1,8,0,robed001,Dave Roberts,snitb801,Brian Snitker,1
20201015,2020,LCS,TBA,HOU,3,4,1,52,0,1,0,4,7,11,0,5,0,cashk001,Kevin Cash,baked002,Dusty Baker,1
20201016,2020,LCS,LAN,ATL,7,3,4,54,0,0,0,7,6,14,1,10,0,robed001,Dave Roberts,snitb801,Brian Snitker,0
20201016,2020,LCS,HOU,TBA,7,4,3,54,0,0,0,5,6,11,0,13,0,baked002,Dusty Baker,cashk001,Kevin Cash,0
20201017,2020,LCS,ATL,LAN,1,3,2,51,0,0,0,3,4,8,1,5,0,snitb801,Brian Snitker,robed001,Dave Roberts,1
20201017,2020,LCS,HOU,TBA,2,4,2,51,0,0,0,5,3,9,0,11,0,baked002,Dusty Baker,cashk001,Kevin Cash,1
20201018,2020,LCS,ATL,LAN,3,4,1,51,0,1,0,6,5,4,2,7,0,snitb801,Brian Snitker,robed001,Dave Roberts,1
20211015,2021,LCS,BOS,HOU,4,5,1,51,0,1,0,8,8,10,0,6,0,coraa001,Alex Cora,baked002,Dusty Baker,1
20211016,2021,LCS,LAN,ATL,2,3,1,52,0,1,0,8,4,7,2,14,2,robed001,Dave Roberts,snitb801,Brian Snitker,1
20211016,2021,LCS,BOS,HOU,9,5,4,54,0,0,0,5,5,12,0,8,1,coraa001,Alex Cora,baked002,Dusty Baker,0
20211017,2021,LCS,LAN,ATL,4,5,1,53,0,1,0,7,8,10,4,12,0,robed001,Dave Roberts,snitb801,Brian Snitker,1
20211018,2021,LCS,HOU,BOS,3,12,9,51,0,0,1,6,4,8,0,7,1,baked002,Dusty Baker,coraa001,Alex Cora,1
20211019,2021,LCS,ATL,LAN,5,6,1,51,0,1,0,5,9,12,1,9,2,snitb801,Brian Snitker,robed001,Dave Roberts,1
20211019,2021,LCS,HOU,BOS,9,2,7,54,0,0,1,6,6,6,0,10,1,baked002,Dusty Baker,coraa001,Alex Cora,0
20211020,2021,LCS,ATL,LAN,9,2,7,54,0,0,1,6,4,8,1,4,1,snitb801,Brian Snitker,robed001,Dave Roberts,0
20211020,2021,LCS,HOU,BOS,9,1,8,54,0,0,1,2,6,10,0,5,0,baked002,Dusty Baker,coraa001,Alex Cora,0
20211021,2021,LCS,ATL,LAN,2,11,9,51,0,0,1,4,7,9,0,8,2,snitb801,Brian Snitker,robed001,Dave Roberts,1
20211022,2021,LCS,BOS,HOU,0,5,5,51,0,0,1,4,5,10,0,5,1,coraa001,Alex Cora,baked002,Dusty Baker,1
20211023,2021,LCS,LAN,ATL,2,4,2,51,0,0,0,6,5,14,0,13,1,robed001,Dave Roberts,snitb801,Brian Snitker,1
20221018,2022,LCS,PHI,SDN,2,0,2,54,0,0,0,3,3,9,0,11,0,thomr801,Rob Thomson,melvb001,Bob Melvin,0
20221019,2022,LCS,PHI,SDN,5,8,3,51,0,0,0,6,4,13,1,10,0,thomr801,Rob Thomson,melvb001,Bob Melvin,1
20221019,2022,LCS,NYA,HOU,2,4,2,51,0,0,0,5,4,17,0,2,0,boona001,Aaron Boone,baked002,Dusty Baker,1
20221020,2022,LCS,NYA,HOU,2,3,1,51,0,1,0,3,3,13,0,6,0,boona001,Aaron Boone,baked002,Dusty Baker,1
20221021,2022,LCS,SDN,PHI,2,4,2,51,0,0,0,3,4,8,0,7,0,melvb001,Bob Melvin,thomr801,Rob Thomson,1
20221022,2022,LCS,SDN,PHI,6,10,4,51,0,0,0,6,7,8,0,8,0,melvb001,Bob Melvin,thomr801,Rob Thomson,1
20221022,2022,LCS,HOU,NYA,5,0,5,54,0,0,1,6,4,11,0,11,0,baked002,Dusty Baker,boona001,Aaron Boone,0
20221023,2022,LCS,SDN,PHI,3,4,1,51,0,1,0,2,5,12,0,8,1,melvb001,Bob Melvin,thomr801,Rob Thomson,1
20221023,2022,LCS,HOU,NYA,6,5,1,54,0,1,0,5,4,6,0,9,0,baked002,Dusty Baker,boona001,Aaron Boone,0
20231015,2023,LCS,TEX,HOU,2,0,2,54,0,0,0,4,3,8,0,7,0,bochb002,Bruce Bochy,baked002,Dusty Baker,0
20231016,2023,LCS,ARI,PHI,3,5,2,51,0,0,0,4,4,10,0,4,0,lovut001,Tony Lovullo,thomr801,Rob Thomson,1
20231016,2023,LCS,TEX,HOU,5,4,1,54,0,1,0,4,6,12,1,10,0,bochb002,Bruce Bochy,baked002,Dusty Baker,0
20231017,2023,LCS,ARI,PHI,0,10,10,51,0,0,1,5,4,13,0,6,1,lovut001,Tony Lovullo,thomr801,Rob Thomson,1
20231018,2023,LCS,HOU,TEX,8,5,3,54,0,0,0,4,6,5,0,5,0,baked002,Dusty Baker,bochb002,Bruce Bochy,0
20231019,2023,LCS,PHI,ARI,1,2,1,52,0,1,0,5,5,13,1,9,1,thomr801,Rob Thomson,lovut001,Tony Lovullo,1
20231019,2023,LCS,HOU,TEX,10,3,7,54,0,0,1,5,6,8,1,6,0,baked002,Dusty Baker,bochb002,Bruce Bochy,0
20231020,2023,LCS,PHI,ARI,5,6,1,51,0,1,0,8,8,11,1,7,0,thomr801,Rob Thomson,lovut001,Tony Lovullo,1
20231020,2023,LCS,HOU,TEX,5,4,1,54,0,1,0,4,4,7,0,6,1,baked002,Dusty Baker,bochb002,Bruce Bochy,0
20231021,2023,LCS,PHI,ARI,6,1,5,54,0,0,1,4,5,5,3,11,0,thomr801,Rob Thomson,lovut001,Tony Lovullo,0
20231022,2023,LCS,TEX,HOU,9,2,7,54,0,0,1,4,6,10,1,6,1,bochb002,Bruce Bochy,baked002,Dusty Baker,0
20231023,2023,LCS,ARI,PHI,5,1,4,54,0,0,0,5,5,9,4,10,1,lovut001,Tony Lovullo,thomr801,Rob Thomson,0
20231023,2023,LCS,TEX,HOU,11,4,7,54,0,0,1,5,8,8,3,4,1,bochb002,Bruce Bochy,baked002,Dusty Baker,0
20231024,2023,LCS,ARI,PHI,4,2,2,54,0,0,0,6,5,10,4,11,0,lovut001,Tony Lovullo,thomr801,Rob Thomson,0
20241013,2024,LCS,NYN,LAN,0,9,9,51,0,0,1,5,3,8,0,6,0,mendc801,Carlos Mendoza,robed001,Dave Roberts,1
20241014,2024,LCS,NYN,LAN,7,3,4,54,0,0,0,4,5,6,1,11,2,mendc801,Carlos Mendoza,robed001,Dave Roberts,0
20241014,2024,LCS,CLE,NYA,2,5,3,51,0,0,0,5,4,14,0,9,0,vogts001,Stephen Vogt,boona001,Aaron Boone,1
20241015,2024,LCS,CLE,NYA,3,6,3,51,0,0,0,8,5,7,1,7,0,vogts001,Stephen Vogt,boona001,Aaron Boone,1
20241016,2024,LCS,LAN,NYN,8,0,8,54,0,0,1,5,3,8,0,13,0,robed001,Dave Roberts,mendc801,Carlos Mendoza,0
20241017,2024,LCS,LAN,NYN,10,2,8,54,0,0,1,4,4,11,0,12,0,robed001,Dave Roberts,mendc801,Carlos Mendoza,0
20241017,2024,LCS,NYA,CLE,5,7,2,59,1,0,0,7,8,10,1,5,3,boona001,Aaron Boone,vogts001,Stephen Vogt,1
20241018,2024,LCS,LAN,NYN,6,12,6,51,0,0,1,3,4,11,0,0,0,robed001,Dave Roberts,mendc801,Carlos Mendoza,1
20241018,2024,LCS,NYA,CLE,8,6,2,54,0,0,0,6,8,14,1,10,1,boona001,Aaron Boone,vogts001,Stephen Vogt,0
20241019,2024,LCS,NYA,CLE,5,2,3,60,1,0,0,5,5,9,0,11,0,boona001,Aaron Boone,vogts001,Stephen Vogt,0
20241020,2024,LCS,NYN,LAN,5,10,5,51,0,0,1,7,7,9,0,4,4,mendc801,Carlos Mendoza,robed001,Dave Roberts,1
20251012,2025,LCS,SEA,TOR,3,1,2,54,0,0,0,4,6,11,2,4,0,wilsd001,Dan Wilson,schnj801,John Schneider,0
20251013,2025,LCS,LAN,MIL,2,1,1,54,0,1,0,3,6,4,0,11,1,robed001,Dave Roberts,murpp801,Pat Murphy,0
20251013,2025,LCS,SEA,TOR,10,3,7,54,0,0,1,4,7,14,1,5,0,wilsd001,Dan Wilson,schnj801,John Schneider,0
20251014,2025,LCS,LAN,MIL,5,1,4,54,0,0,0,1,6,8,1,7,0,robed001,Dave Roberts,murpp801,Pat Murphy,0
20251015,2025,LCS,TOR,SEA,13,4,9,54,0,0,1,4,4,7,0,10,1,schnj801,John Schneider,wilsd001,Dan Wilson,0
20251016,2025,LCS,MIL,LAN,1,3,2,51,0,0,0,4,5,12,2,15,0,murpp801,Pat Murphy,robed001,Dave Roberts,1
20251016,2025,LCS,TOR,SEA,8,2,6,54,0,0,1,5,6,7,0,8,0,schnj801,John Schneider,wilsd001,Dan Wilson,0
20251017,2025,LCS,MIL,LAN,1,5,4,51,0,0,0,4,5,11,1,10,1,murpp801,Pat Murphy,robed001,Dave Roberts,1
20251017,2025,LCS,TOR,SEA,2,6,4,51,0,0,0,4,5,5,0,6,1,schnj801,John Schneider,wilsd001,Dan Wilson,1
20251019,2025,LCS,SEA,TOR,2,6,4,51,0,0,0,4,3,13,0,6,0,wilsd001,Dan Wilson,schnj801,John Schneider,1
20251020,2025,LCS,SEA,TOR,3,4,1,51,0,1,0,4,6,9,0,6,0,wilsd001,Dan Wilson,schnj801,John Schneider,1
20051022,2005,WS,HOU,CHA,3,5,2,51,0,0,0,4,3,7,1,4,2,garnp001,Phil Garner,guilo001,Ozzie Guillen,1
20051023,2005,WS,HOU,CHA,6,7,1,52,0,1,0,5,4,8,1,5,1,garnp001,Phil Garner,guilo001,Ozzie Guillen,1
20051025,2005,WS,CHA,HOU,7,5,2,84,1,0,0,9,8,11,2,14,1,guilo001,Ozzie Guillen,garnp001,Phil Garner,0
20051026,2005,WS,CHA,HOU,1,0,1,54,0,1,0,4,2,10,0,7,2,guilo001,Ozzie Guillen,garnp001,Phil Garner,0
20061021,2006,WS,SLN,DET,7,2,5,54,0,0,1,2,6,10,0,5,0,larut101,Tony LaRussa,leylj801,Jim Leyland,0
20061022,2006,WS,SLN,DET,1,3,2,51,0,0,0,6,2,5,0,8,0,larut101,Tony LaRussa,leylj801,Jim Leyland,1
20061024,2006,WS,DET,SLN,0,5,5,51,0,0,1,6,2,6,0,5,0,leylj801,Jim Leyland,larut101,Tony LaRussa,1
20061026,2006,WS,DET,SLN,4,5,1,51,0,1,0,3,5,8,1,9,1,leylj801,Jim Leyland,larut101,Tony LaRussa,1
20061027,2006,WS,DET,SLN,2,4,2,51,0,0,0,3,2,10,0,5,0,leylj801,Jim Leyland,larut101,Tony LaRussa,1
20071024,2007,WS,COL,BOS,1,13,12,51,0,0,1,6,3,12,0,6,0,hurdc001,Clint Hurdle,frant001,Terry Francona,1
20071025,2007,WS,COL,BOS,1,2,1,51,0,1,0,5,3,10,0,3,1,hurdc001,Clint Hurdle,frant001,Terry Francona,1
20071027,2007,WS,BOS,COL,10,5,5,54,0,0,1,6,6,7,1,7,1,frant001,Terry Francona,hurdc001,Clint Hurdle,0
20071028,2007,WS,BOS,COL,4,3,1,54,0,1,0,5,4,4,0,7,0,frant001,Terry Francona,hurdc001,Clint Hurdle,0
20081022,2008,WS,PHI,TBA,3,2,1,54,0,1,0,3,5,9,3,8,1,manuc101,Charlie Manuel,maddj801,Joe Maddon,0
20081023,2008,WS,PHI,TBA,2,4,2,51,0,0,0,2,3,8,1,3,0,manuc101,Charlie Manuel,maddj801,Joe Maddon,1
20081025,2008,WS,TBA,PHI,4,5,1,51,0,1,0,4,5,8,4,9,1,maddj801,Joe Maddon,manuc101,Charlie Manuel,1
20081026,2008,WS,TBA,PHI,2,10,8,51,0,0,1,4,5,12,0,4,0,maddj801,Joe Maddon,manuc101,Charlie Manuel,1
20081027,2008,WS,TBA,PHI,3,4,1,51,0,1,0,5,4,5,2,8,2,maddj801,Joe Maddon,manuc101,Charlie Manuel,1
20091028,2009,WS,PHI,NYA,6,1,5,54,0,0,1,1,6,7,1,10,0,manuc101,Charlie Manuel,giraj001,Joe Girardi,0
20091029,2009,WS,PHI,NYA,1,3,2,51,0,0,0,4,2,11,0,12,0,manuc101,Charlie Manuel,giraj001,Joe Girardi,1
20091031,2009,WS,NYA,PHI,8,5,3,54,0,0,0,5,5,8,1,9,1,giraj001,Joe Girardi,manuc101,Charlie Manuel,0
20091101,2009,WS,NYA,PHI,7,4,3,54,0,0,0,4,4,11,2,9,1,giraj001,Joe Girardi,manuc101,Charlie Manuel,0
20091102,2009,WS,NYA,PHI,6,8,2,51,0,0,0,5,3,4,0,7,1,giraj001,Joe Girardi,manuc101,Charlie Manuel,1
20091104,2009,WS,PHI,NYA,3,7,4,51,0,0,0,6,4,7,1,11,1,manuc101,Charlie Manuel,giraj001,Joe Girardi,1
20101027,2010,WS,TEX,SFN,7,11,4,51,0,0,0,5,7,5,0,12,0,washr001,Ron Washington,bochb002,Bruce Bochy,1
20101028,2010,WS,TEX,SFN,0,9,9,51,0,0,1,6,3,2,1,9,0,washr001,Ron Washington,bochb002,Bruce Bochy,1
20101030,2010,WS,SFN,TEX,2,4,2,51,0,0,0,4,3,8,0,4,1,bochb002,Bruce Bochy,washr001,Ron Washington,1
20101031,2010,WS,SFN,TEX,4,0,4,54,0,0,0,2,5,6,1,8,0,bochb002,Bruce Bochy,washr001,Ron Washington,0
20101101,2010,WS,SFN,TEX,3,1,2,54,0,0,0,2,2,8,0,12,0,bochb002,Bruce Bochy,washr001,Ron Washington,0
20111019,2011,WS,TEX,SLN,2,3,1,51,0,1,0,4,6,7,0,5,0,washr001,Ron Washington,larut101,Tony LaRussa,1
20111020,2011,WS,TEX,SLN,2,1,1,54,0,1,0,4,6,9,1,6,0,washr001,Ron Washington,larut101,Tony LaRussa,0
20111022,2011,WS,SLN,TEX,16,7,9,54,0,0,1,5,6,7,0,7,0,larut101,Tony LaRussa,washr001,Ron Washington,0
20111023,2011,WS,SLN,TEX,0,4,4,51,0,0,0,3,2,8,0,6,0,larut101,Tony LaRussa,washr001,Ron Washington,1
20111024,2011,WS,SLN,TEX,2,4,2,51,0,0,0,5,5,8,0,7,0,larut101,Tony LaRussa,washr001,Ron Washington,1
20111027,2011,WS,TEX,SLN,9,10,1,63,1,1,0,8,7,8,0,6,0,washr001,Ron Washington,larut101,Tony LaRussa,1
20111028,2011,WS,TEX,SLN,2,6,4,51,0,0,0,6,5,7,0,7,0,washr001,Ron Washington,larut101,Tony LaRussa,1
20121024,2012,WS,DET,SFN,3,8,5,51,0,0,1,5,5,8,0,10,0,leylj801,Jim Leyland,bochb002,Bruce Bochy,1
20121025,2012,WS,DET,SFN,0,2,2,51,0,0,0,4,3,9,0,6,1,leylj801,Jim Leyland,bochb002,Bruce Bochy,1
20121027,2012,WS,SFN,DET,2,0,2,54,0,0,0,3,3,12,2,7,0,bochb002,Bruce Bochy,leylj801,Jim Leyland,0
20121028,2012,WS,SFN,DET,4,3,1,60,1,1,0,4,4,13,0,12,0,bochb002,Bruce Bochy,leylj801,Jim Leyland,0
20131023,2013,WS,SLN,BOS,1,8,7,51,0,0,1,6,3,10,0,7,0,mathm001,Mike Matheny,farrj001,John Farrell,1
20131024,2013,WS,SLN,BOS,4,2,2,54,0,0,0,3,5,6,2,12,0,mathm001,Mike Matheny,farrj001,John Farrell,0
20131026,2013,WS,BOS,SLN,4,5,1,53,0,1,0,6,6,9,0,7,1,farrj001,John Farrell,mathm001,Mike Matheny,1
20131027,2013,WS,BOS,SLN,4,2,2,54,0,0,0,6,5,8,1,5,0,farrj001,John Farrell,mathm001,Mike Matheny,0
20131028,2013,WS,BOS,SLN,3,1,2,54,0,0,0,2,3,14,0,9,0,farrj001,John Farrell,mathm001,Mike Matheny,0
20131030,2013,WS,SLN,BOS,1,6,5,51,0,0,1,7,4,6,0,9,0,mathm001,Mike Matheny,farrj001,John Farrell,1
20141021,2014,WS,SFN,KCA,7,1,6,54,0,0,1,3,4,7,0,7,0,bochb002,Bruce Bochy,yoste001,Ned Yost,0
20141022,2014,WS,SFN,KCA,2,7,5,51,0,0,1,7,4,8,0,4,0,bochb002,Bruce Bochy,yoste001,Ned Yost,1
20141024,2014,WS,KCA,SFN,3,2,1,54,0,1,0,5,5,7,0,4,0,yoste001,Ned Yost,bochb002,Bruce Bochy,0
20141025,2014,WS,KCA,SFN,4,11,7,51,0,0,1,5,6,7,1,6,1,yoste001,Ned Yost,bochb002,Bruce Bochy,1
20141026,2014,WS,KCA,SFN,0,5,5,51,0,0,1,3,1,8,0,7,0,yoste001,Ned Yost,bochb002,Bruce Bochy,1
20141028,2014,WS,SFN,KCA,0,10,10,51,0,0,1,5,3,7,0,5,0,bochb002,Bruce Bochy,yoste001,Ned Yost,1
20141029,2014,WS,SFN,KCA,3,2,1,54,0,1,0,3,4,12,0,5,0,bochb002,Bruce Bochy,yoste001,Ned Yost,0
20151027,2015,WS,NYN,KCA,4,5,1,82,1,1,0,6,7,15,1,7,1,collt801,Terry Collins,yoste001,Ned Yost,1
20151028,2015,WS,NYN,KCA,1,7,6,51,0,0,1,5,1,4,0,3,0,collt801,Terry Collins,yoste001,Ned Yost,1
20151030,2015,WS,KCA,NYN,3,9,6,51,0,0,1,7,4,7,1,8,0,yoste001,Ned Yost,collt801,Terry Collins,1
20151031,2015,WS,KCA,NYN,5,3,2,54,0,0,0,5,7,9,1,8,0,yoste001,Ned Yost,collt801,Terry Collins,0
20151101,2015,WS,KCA,NYN,7,2,5,72,1,0,1,4,5,11,4,11,0,yoste001,Ned Yost,collt801,Terry Collins,0
20161025,2016,WS,CHN,CLE,0,6,6,51,0,0,1,5,3,15,0,9,1,maddj801,Joe Maddon,frant001,Terry Francona,1
20161026,2016,WS,CHN,CLE,5,1,4,54,0,0,0,3,7,8,0,12,0,maddj801,Joe Maddon,frant001,Terry Francona,0
20161028,2016,WS,CLE,CHN,1,0,1,54,0,1,0,4,6,10,0,8,1,frant001,Terry Francona,maddj801,Joe Maddon,0
20161029,2016,WS,CLE,CHN,7,2,5,54,0,0,1,3,5,10,0,8,1,frant001,Terry Francona,maddj801,Joe Maddon,0
20161030,2016,WS,CLE,CHN,2,3,1,51,0,1,0,4,3,9,3,14,4,frant001,Terry Francona,maddj801,Joe Maddon,1
20161101,2016,WS,CHN,CLE,9,3,6,54,0,0,1,5,6,6,0,10,0,maddj801,Joe Maddon,frant001,Terry Francona,0
20161102,2016,WS,CHN,CLE,8,7,1,60,1,1,0,5,5,5,2,9,0,maddj801,Joe Maddon,frant001,Terry Francona,0
20171024,2017,WS,HOU,LAN,1,3,2,51,0,0,0,3,3,12,0,5,0,hinca001,A.J. Hinch,robed001,Dave Roberts,1
20171025,2017,WS,HOU,LAN,7,6,1,66,1,1,0,5,9,8,1,11,0,hinca001,A.J. Hinch,robed001,Dave Roberts,0
20171027,2017,WS,LAN,HOU,3,5,2,51,0,0,0,6,2,7,1,6,0,robed001,Dave Roberts,hinca001,A.J. Hinch,1
20171028,2017,WS,LAN,HOU,6,2,4,54,0,0,0,4,5,9,0,4,0,robed001,Dave Roberts,hinca001,A.J. Hinch,0
20171029,2017,WS,LAN,HOU,12,13,1,59,1,1,0,7,7,12,0,6,0,robed001,Dave Roberts,hinca001,A.J. Hinch,1
20171031,2017,WS,HOU,LAN,1,3,2,51,0,0,0,4,5,9,0,12,0,hinca001,A.J. Hinch,robed001,Dave Roberts,1
20171101,2017,WS,HOU,LAN,5,1,4,54,0,0,0,5,5,9,2,9,0,hinca001,A.J. Hinch,robed001,Dave Roberts,0
20181023,2018,WS,LAN,BOS,4,8,4,51,0,0,0,5,7,12,0,12,1,robed001,Dave Roberts,coraa001,Alex Cora,1
20181024,2018,WS,LAN,BOS,2,4,2,51,0,0,0,6,4,8,0,8,0,robed001,Dave Roberts,coraa001,Alex Cora,1
20181026,2018,WS,BOS,LAN,2,3,1,105,1,1,0,9,9,19,1,15,0,coraa001,Alex Cora,robed001,Dave Roberts,1
20181027,2018,WS,BOS,LAN,9,6,3,54,0,0,0,4,7,8,0,10,0,coraa001,Alex Cora,robed001,Dave Roberts,0
20181028,2018,WS,BOS,LAN,5,1,4,54,0,0,0,3,3,6,0,11,0,coraa001,Alex Cora,robed001,Dave Roberts,0
20191022,2019,WS,WAS,HOU,5,4,1,54,0,1,0,5,3,8,2,12,1,martd002,Dave Martinez,hinca001,A.J. Hinch,0
20191023,2019,WS,WAS,HOU,12,3,9,54,0,0,1,4,5,10,0,8,0,martd002,Dave Martinez,hinca001,A.J. Hinch,0
20191025,2019,WS,HOU,WAS,4,1,3,54,0,0,0,6,4,5,4,13,1,hinca001,A.J. Hinch,martd002,Dave Martinez,0
20191026,2019,WS,HOU,WAS,8,1,7,54,0,0,1,6,5,7,1,8,0,hinca001,A.J. Hinch,martd002,Dave Martinez,0
20191027,2019,WS,HOU,WAS,7,1,6,54,0,0,1,3,5,4,0,11,0,hinca001,A.J. Hinch,martd002,Dave Martinez,0
20191029,2019,WS,WAS,HOU,7,2,5,54,0,0,1,2,5,8,0,7,0,martd002,Dave Martinez,hinca001,A.J. Hinch,0
20191030,2019,WS,WAS,HOU,6,2,4,54,0,0,0,3,6,3,1,8,0,martd002,Dave Martinez,hinca001,A.J. Hinch,0
20201020,2020,WS,TBA,LAN,3,8,5,51,0,0,1,4,5,10,0,11,3,cashk001,Kevin Cash,robed001,Dave Roberts,1
20201021,2020,WS,TBA,LAN,6,4,2,54,0,0,0,5,7,7,1,15,0,cashk001,Kevin Cash,robed001,Dave Roberts,0
20201023,2020,WS,LAN,TBA,6,2,4,54,0,0,0,4,5,10,2,13,0,robed001,Dave Roberts,cashk001,Kevin Cash,0
20201024,2020,WS,LAN,TBA,7,8,1,53,0,1,0,6,7,6,0,14,0,robed001,Dave Roberts,cashk001,Kevin Cash,1
20201025,2020,WS,LAN,TBA,4,2,2,54,0,0,0,4,5,8,0,10,1,robed001,Dave Roberts,cashk001,Kevin Cash,0
20201027,2020,WS,TBA,LAN,1,3,2,51,0,0,0,5,7,16,0,11,0,cashk001,Kevin Cash,robed001,Dave Roberts,1
20211026,2021,WS,ATL,HOU,6,2,4,54,0,0,0,5,6,12,1,11,0,snitb801,Brian Snitker,baked002,Dusty Baker,0
20211027,2021,WS,ATL,HOU,2,7,5,51,0,0,1,5,5,12,0,11,2,snitb801,Brian Snitker,baked002,Dusty Baker,1
20211029,2021,WS,HOU,ATL,0,2,2,51,0,0,0,6,5,7,1,10,0,baked002,Dusty Baker,snitb801,Brian Snitker,1
20211030,2021,WS,HOU,ATL,2,3,1,51,0,1,0,6,6,7,1,11,0,baked002,Dusty Baker,snitb801,Brian Snitker,1
20211031,2021,WS,HOU,ATL,9,5,4,54,0,0,0,6,5,9,1,7,0,baked002,Dusty Baker,snitb801,Brian Snitker,0
20211102,2021,WS,ATL,HOU,7,0,7,54,0,0,1,3,8,9,0,10,0,snitb801,Brian Snitker,baked002,Dusty Baker,0
20221028,2022,WS,PHI,HOU,6,5,1,60,1,1,0,6,7,11,1,12,1,thomr801,Rob Thomson,baked002,Dusty Baker,0
20221029,2022,WS,PHI,HOU,2,5,3,51,0,0,0,4,3,11,0,6,0,thomr801,Rob Thomson,baked002,Dusty Baker,1
20221101,2022,WS,HOU,PHI,0,7,7,51,0,0,1,3,5,7,0,11,0,baked002,Dusty Baker,thomr801,Rob Thomson,1
20221102,2022,WS,HOU,PHI,5,0,5,54,0,0,1,4,6,11,1,14,2,baked002,Dusty Baker,thomr801,Rob Thomson,0
20221103,2022,WS,HOU,PHI,3,2,1,54,0,1,0,5,6,12,1,12,0,baked002,Dusty Baker,thomr801,Rob Thomson,0
20221105,2022,WS,PHI,HOU,1,4,3,51,0,0,0,5,4,12,0,9,0,thomr801,Rob Thomson,baked002,Dusty Baker,1
20231027,2023,WS,ARI,TEX,5,6,1,64,1,1,0,7,6,14,4,10,1,lovut001,Tony Lovullo,bochb002,Bruce Bochy,1
20231028,2023,WS,ARI,TEX,9,1,8,54,0,0,1,3,5,2,1,10,0,lovut001,Tony Lovullo,bochb002,Bruce Bochy,0
20231030,2023,WS,TEX,ARI,3,1,2,54,0,0,0,5,5,6,0,9,0,bochb002,Bruce Bochy,lovut001,Tony Lovullo,0
20231031,2023,WS,TEX,ARI,11,7,4,54,0,0,0,7,6,9,0,6,0,bochb002,Bruce Bochy,lovut001,Tony Lovullo,0
20231101,2023,WS,TEX,ARI,5,0,5,54,0,0,1,3,3,9,0,10,2,bochb002,Bruce Bochy,lovut001,Tony Lovullo,0
20241025,2024,WS,NYA,LAN,3,6,3,59,1,0,0,6,6,13,4,4,0,boona001,Aaron Boone,robed001,Dave Roberts,1
20241026,2024,WS,NYA,LAN,2,4,2,51,0,0,0,5,5,7,0,6,1,boona001,Aaron Boone,robed001,Dave Roberts,1
20241028,2024,WS,LAN,NYA,4,2,2,54,0,0,0,7,8,7,1,11,0,robed001,Dave Roberts,boona001,Aaron Boone,0
20241029,2024,WS,LAN,NYA,4,11,7,51,0,0,1,4,6,8,1,4,5,robed001,Dave Roberts,boona001,Aaron Boone,1
20241030,2024,WS,LAN,NYA,7,6,1,54,0,1,0,8,5,9,0,9,0,robed001,Dave Roberts,boona001,Aaron Boone,0
20251024,2025,WS,LAN,TOR,4,11,7,51,0,0,1,5,6,13,0,4,0,robed001,Dave Roberts,schnj801,John Schneider,1
20251025,2025,WS,LAN,TOR,5,1,4,54,0,0,0,1,4,7,0,8,0,robed001,Dave Roberts,schnj801,John Schneider,0
20251027,2025,WS,TOR,LAN,5,6,1,105,1,1,0,9,10,16,0,13,1,schnj801,John Schneider,robed001,Dave Roberts,1
20251028,2025,WS,TOR,LAN,6,2,4,54,0,0,0,4,4,9,0,7,0,schnj801,John Schneider,robed001,Dave Roberts,0
20251029,2025,WS,TOR,LAN,6,1,5,54,0,0,1,3,4,7,1,15,0,schnj801,John Schneider,robed001,Dave Roberts,0
20251031,2025,WS,LAN,TOR,3,1,2,54,0,0,0,4,5,12,0,8,0,robed001,Dave Roberts,schnj801,John Schneider,0
20251101,2025,WS,LAN,TOR,5,4,1,66,1,1,0,6,7,5,0,12,1,robed001,Dave Roberts,schnj801,John Schneider,0
